at,elapsed_s,event,version,uptime_ms,blit_timeouts,tx_sent,tx_timeouts,tx_drops,rx_malformed,loop_gap_max_ms,loop_gap_max_mark,scan_rate,count_ge_10ms,count_ge_25ms,count_ge_25ms_nonflash,passes,flash_writes,flash_gap_max_ms,blit_gap_max_ms,i2c_gap_max_ms,key_presses,row_gap_max_ms,isr_per_s,isr_cpu_pct,isr_max_us,wdt_consecutive_resets,wdt_fired_last_boot,wr_valid,wr_site,wr_parent,wr_last_pass_uptime_ms,wr_boot_rstst,wr_pc,wr_context,v_uptime_ms,v_build_token,v_msp_free,v_psp_free,v_blits_issued,v_blit_never_started,v_blit_stalled,v_blit_irq_lost,v_blit_unknown,v_blit_busy_waits,v_blit_retry_successes
2026-09-22 23:00:12,2,start,7,37271,1,7,4,0,0,21,blit,325,1,0,0,8190,797,0,21,0,2,10,3908.1,72.6,277.3,0,False,False,none,none,0,1,,,35237,0xebb930f8,680,1368,81,1,0,0,0,0,1
2026-09-22 23:00:45,34,,7,70125,1,13,6,0,0,21,blit,231,10,0,0,17382,800,5,21,0,76,10,3898.3,72.5,293.3,0,False,False,none,none,0,1,,,68091,0xebb930f8,672,1368,1848,1,0,0,0,0,1
2026-09-22 23:01:15,64,,7,100160,1,19,7,0,0,21,blit,228,26,0,0,24515,802,5,21,0,300,10,3899.7,72.5,293.3,0,False,False,none,none,0,1,,,98127,0xebb930f8,672,1368,3578,1,0,0,0,0,1
2026-09-22 23:01:45,94,,7,130180,1,25,9,0,0,21,blit,318,41,0,0,32622,804,5,21,0,409,10,3905.5,72.6,293.3,0,False,False,none,none,0,1,,,128150,0xebb930f8,672,1368,5208,1,0,0,0,0,1
2026-09-22 23:02:15,124,,7,160175,1,31,11,0,0,21,blit,215,141,0,0,40299,806,7,21,0,559,10,3898.5,72.5,293.3,0,False,False,none,none,0,1,,,158145,0xebb930f8,672,1368,6923,1,0,0,0,0,1
2026-09-22 23:02:45,154,,7,190221,1,37,15,0,0,21,blit,260,154,0,0,48004,808,7,21,0,582,10,3899.2,72.5,293.3,0,False,False,none,none,0,1,,,188182,0xebb930f8,672,1368,8720,1,0,0,0,0,1
2026-09-22 23:03:15,184,,7,220204,1,43,18,0,0,21,blit,298,158,0,0,56817,810,8,21,0,654,10,3907.0,72.6,293.3,0,False,False,none,none,0,1,,,218173,0xebb930f8,656,1368,10437,1,0,0,0,0,1
2026-09-22 23:03:45,215,,7,250247,1,49,20,0,0,21,blit,249,167,0,0,65555,812,8,21,0,657,10,3900.3,72.5,293.3,0,False,False,none,none,0,1,,,248211,0xebb930f8,656,1368,11960,1,0,0,0,0,1
2026-09-22 23:04:15,244,,7,280233,1,55,22,0,0,21,blit,245,179,0,0,72990,814,10,21,0,657,10,3899.5,72.5,293.3,0,False,False,none,none,0,1,,,278206,0xebb930f8,656,1368,13562,1,0,0,0,0,1
2026-09-22 23:04:45,275,,7,310273,1,61,26,0,0,21,blit,320,186,0,0,80997,816,10,21,0,657,10,3905.3,72.6,293.3,0,False,False,none,none,0,1,,,308237,0xebb930f8,656,1368,15252,1,0,0,0,0,1
2026-09-22 23:05:15,305,,7,340265,1,67,27,0,0,21,blit,231,196,0,0,89194,818,10,21,0,657,10,3911.1,72.6,293.3,0,False,False,none,none,0,1,,,338232,0xebb930f8,656,1368,16850,1,0,0,0,0,1
2026-09-22 23:05:45,335,,7,370290,1,73,29,0,0,21,blit,274,207,0,0,96882,820,10,21,0,657,10,3898.9,72.5,293.3,0,False,False,none,none,0,1,,,368252,0xebb930f8,632,1368,18508,1,0,0,0,0,1
2026-09-22 23:06:15,365,,7,400305,1,79,29,0,0,21,blit,310,214,0,0,105691,822,10,21,0,657,10,3908.7,72.7,293.3,0,False,False,none,none,0,1,,,398265,0xebb930f8,632,1368,20212,1,0,0,0,0,1
2026-09-22 23:06:45,395,,7,430288,1,85,33,0,0,21,blit,247,223,0,0,114412,824,10,21,0,657,10,3899.5,72.5,293.3,0,False,False,none,none,0,1,,,428263,0xebb930f8,632,1368,21832,1,0,0,0,0,1
2026-09-22 23:07:15,425,,7,460303,1,91,35,0,0,21,blit,242,236,0,0,121800,826,10,21,0,657,10,3900.9,72.5,293.3,0,False,False,none,none,0,1,,,458275,0xebb930f8,632,1368,23663,1,0,0,0,0,1
2026-09-22 23:07:45,455,,7,490308,1,97,38,0,0,21,blit,334,249,0,0,129921,828,10,21,0,657,10,3907.0,72.6,293.3,0,False,False,none,none,0,1,,,488280,0xebb930f8,632,1368,25192,1,0,0,0,0,1
2026-09-22 23:08:15,485,,7,520321,1,103,41,0,0,21,blit,233,263,0,0,138098,830,10,21,0,657,10,3912.4,72.6,293.3,0,False,False,none,none,0,1,,,518297,0xebb930f8,632,1368,26935,1,0,0,0,0,1
2026-09-22 23:08:45,515,,7,550358,1,109,44,0,0,21,blit,270,272,0,0,145891,832,10,21,0,657,10,3897.7,72.4,293.3,0,False,False,none,none,0,1,,,548321,0xebb930f8,632,1368,28453,1,0,0,0,0,1
2026-09-22 23:09:15,545,,7,580382,1,115,48,0,0,21,blit,306,281,0,0,154673,834,10,21,0,657,10,3908.8,72.7,293.3,0,False,False,none,none,0,1,,,578343,0xebb930f8,632,1368,30061,1,0,0,0,0,1
2026-09-22 23:09:45,575,,7,610380,1,121,50,0,0,21,blit,249,290,0,0,163297,836,10,21,0,657,10,3899.0,72.5,293.3,0,False,False,none,none,0,1,,,608355,0xebb930f8,632,1368,31581,1,0,0,0,0,1
2026-09-22 23:10:15,605,,7,640385,1,127,53,0,0,21,blit,244,301,0,0,170674,839,10,21,0,657,10,3901.1,72.5,293.3,0,False,False,none,none,0,1,,,638352,0xebb930f8,632,1368,33196,1,0,0,0,0,1
2026-09-22 23:10:45,635,,7,670404,1,133,57,0,0,21,blit,324,314,0,0,178666,841,10,21,0,657,10,3905.2,72.6,293.3,0,False,False,none,none,0,1,,,668370,0xebb930f8,632,1368,34765,1,0,0,0,0,1
2026-09-22 23:11:15,665,,7,700422,1,139,59,0,0,21,blit,235,325,0,0,186819,843,10,21,0,657,10,3912.7,72.6,293.3,0,False,False,none,none,0,1,,,698388,0xebb930f8,632,1368,36492,1,0,0,0,0,1
2026-09-22 23:11:45,695,,7,730428,1,145,62,0,0,21,blit,273,336,0,0,194526,845,10,21,0,657,10,3899.0,72.5,293.3,0,False,False,none,none,0,1,,,728401,0xebb930f8,632,1368,37990,1,0,0,0,0,1
2026-09-22 23:12:15,725,,7,760430,1,151,65,0,0,21,blit,302,342,0,0,203312,847,10,21,0,657,10,3909.0,72.7,293.3,0,False,False,none,none,0,1,,,758398,0xebb930f8,632,1368,39570,1,0,0,0,0,1
2026-09-22 23:12:45,755,,7,790465,1,157,68,0,0,21,blit,264,352,0,0,211907,849,10,21,0,657,10,3901.2,72.5,293.3,0,False,False,none,none,0,1,,,788426,0xebb930f8,632,1368,41115,1,0,0,0,0,1
2026-09-22 23:13:15,785,,7,820451,1,163,72,0,0,21,blit,244,362,0,0,219393,851,10,21,0,657,10,3901.8,72.5,293.3,0,False,False,none,none,0,1,,,818417,0xebb930f8,632,1368,42733,1,0,0,0,0,1
2026-09-22 23:13:45,815,,7,850469,2,169,75,0,0,23,blit,331,374,0,0,227398,853,10,23,0,657,10,3905.2,72.6,293.3,0,False,False,none,none,0,1,,,848435,0xebb930f8,632,1368,44433,2,0,0,0,0,2
2026-09-22 23:14:15,845,,7,880472,2,175,76,0,0,23,blit,234,384,0,0,235637,855,10,23,0,657,10,3913.0,72.6,293.3,0,False,False,none,none,0,1,,,878444,0xebb930f8,632,1368,46130,2,0,0,0,0,2
2026-09-22 23:14:45,875,,7,910515,2,181,78,0,0,23,blit,267,397,0,0,243362,857,10,23,0,657,10,3898.3,72.4,293.3,0,False,False,none,none,0,1,,,908478,0xebb930f8,632,1368,47725,2,0,0,0,0,2
2026-09-22 23:15:15,905,,7,940541,2,187,80,0,0,23,blit,304,404,0,0,252146,859,10,23,0,657,10,3910.1,72.7,293.3,0,False,False,none,none,0,1,,,938506,0xebb930f8,632,1368,49355,2,0,0,0,0,2
2026-09-22 23:15:45,935,,7,970559,2,193,84,0,0,23,blit,248,412,0,0,260765,861,10,23,0,657,10,3901.4,72.5,293.3,0,False,False,none,none,0,1,,,968523,0xebb930f8,632,1368,50925,2,0,0,0,0,2
2026-09-22 23:16:15,965,,7,1000563,2,199,89,0,0,23,blit,242,425,0,0,268154,863,10,23,0,657,10,3899.5,72.5,293.3,0,False,False,none,none,0,1,,,998535,0xebb930f8,632,1368,52565,2,0,0,0,0,2
2026-09-22 23:16:45,995,,7,1030589,2,205,92,0,0,41,flash,320,437,1,0,276156,865,41,23,0,657,11,3906.1,72.7,293.3,0,False,False,none,none,0,1,,,1028557,0xebb930f8,632,1368,54074,2,0,0,0,0,2
2026-09-22 23:17:15,1025,,7,1060618,2,211,96,0,0,41,flash,234,449,1,0,284239,867,41,23,0,657,11,3910.8,72.6,293.3,0,False,False,none,none,0,1,,,1058575,0xebb930f8,632,1368,55767,2,0,0,0,0,2
2026-09-22 23:17:45,1055,,7,1090594,2,217,99,0,0,41,flash,258,461,1,0,291952,869,41,23,0,657,11,3900.3,72.5,293.3,0,False,False,none,none,0,1,,,1088560,0xebb930f8,632,1368,57355,2,0,0,0,0,2
2026-09-22 23:18:15,1085,,7,1120607,2,223,100,0,0,41,flash,301,470,1,0,300599,871,41,23,0,657,11,3908.5,72.7,293.3,0,False,False,none,none,0,1,,,1118578,0xebb930f8,632,1368,59079,2,0,0,0,0,2
2026-09-22 23:18:45,1115,,7,1150634,2,229,101,0,0,41,flash,238,479,1,0,309140,873,41,23,0,657,11,3899.8,72.5,293.3,0,False,False,none,none,0,1,,,1148600,0xebb930f8,632,1368,60695,2,0,0,0,0,2
2026-09-22 23:19:15,1145,,7,1180650,2,235,102,0,0,41,flash,228,491,1,0,316467,875,41,23,0,657,11,3900.0,72.5,293.3,0,False,False,none,none,0,1,,,1178610,0xebb930f8,632,1368,62319,2,0,0,0,0,2
2026-09-22 23:19:45,1175,,7,1210669,2,241,104,0,0,41,flash,314,506,1,0,324427,877,41,23,0,657,11,3905.3,72.6,293.3,0,False,False,none,none,0,1,,,1208632,0xebb930f8,632,1368,63937,2,0,0,0,0,2
2026-09-22 23:20:15,1205,,7,1240666,2,247,104,0,0,41,flash,229,519,1,0,332548,879,41,23,0,657,11,3911.7,72.6,293.3,0,False,False,none,none,0,1,,,1238631,0xebb930f8,632,1368,65570,2,0,0,0,0,2
2026-09-22 23:20:45,1235,,7,1270680,2,253,105,0,0,41,flash,270,532,1,0,340197,881,41,23,0,657,11,3900.0,72.5,293.3,0,False,False,none,none,0,1,,,1268648,0xebb930f8,632,1368,67129,2,0,0,0,0,2
2026-09-22 23:21:15,1265,,7,1300704,2,259,106,0,0,41,flash,294,540,1,0,348763,883,41,23,0,657,11,3906.3,72.6,293.3,0,False,False,none,none,0,1,,,1298665,0xebb930f8,632,1368,68813,2,0,0,0,0,2
2026-09-22 23:21:45,1295,,7,1330735,2,265,109,0,0,41,flash,238,548,1,0,357219,885,41,23,0,657,11,3899.7,72.5,293.3,0,False,False,none,none,0,1,,,1328694,0xebb930f8,632,1368,70470,2,0,0,0,0,2
2026-09-22 23:22:15,1325,,7,1360726,2,271,113,0,0,41,flash,246,557,1,0,364598,887,41,23,0,657,11,3902.5,72.5,293.3,0,False,False,none,none,0,1,,,1358695,0xebb930f8,632,1368,72022,2,0,0,0,0,2
2026-09-22 23:22:45,1355,,7,1390753,2,277,115,0,0,41,flash,316,571,1,0,372539,889,41,23,0,657,11,3905.8,72.6,293.3,0,False,False,none,none,0,1,,,1388715,0xebb930f8,632,1368,73566,2,0,0,0,0,2
2026-09-22 23:23:15,1385,,7,1420778,3,283,119,0,0,41,flash,235,584,1,0,380717,891,41,23,0,657,11,3913.1,72.6,293.3,0,False,False,none,none,0,1,,,1418740,0xebb930f8,632,1368,75011,3,0,0,0,0,3
2026-09-22 23:23:45,1415,,7,1450785,3,289,122,0,0,41,flash,269,599,1,0,388309,893,41,23,0,657,11,3897.9,72.5,293.3,0,False,False,none,none,0,1,,,1448750,0xebb930f8,632,1368,76601,3,0,0,0,0,3
2026-09-22 23:24:15,1445,,7,1480802,3,295,125,0,0,41,flash,310,606,1,0,396969,895,41,23,0,657,11,3906.8,72.6,293.3,0,False,False,none,none,0,1,,,1478768,0xebb930f8,632,1368,78252,3,0,0,0,0,3
2026-09-22 23:24:45,1475,,7,1510817,3,301,128,0,0,41,flash,259,612,1,0,405483,897,41,23,0,657,11,3901.8,72.5,293.3,0,False,False,none,none,0,1,,,1508783,0xebb930f8,632,1368,79897,3,0,0,0,0,3
2026-09-22 23:25:15,1505,,7,1540817,3,307,131,0,0,41,flash,247,625,1,0,412837,899,41,23,0,657,11,3897.8,72.5,293.3,0,False,False,none,none,0,1,,,1538791,0xebb930f8,632,1368,81549,3,0,0,0,0,3
2026-09-22 23:25:45,1535,,7,1570832,3,313,134,0,0,41,flash,311,639,1,0,420739,901,41,23,0,657,11,3906.2,72.6,293.3,0,False,False,none,none,0,1,,,1568800,0xebb930f8,632,1368,83121,3,0,0,0,0,3
2026-09-22 23:26:15,1565,,7,1600847,3,319,137,0,0,41,flash,236,651,1,0,428940,903,41,23,0,657,11,3910.8,72.6,293.3,0,False,False,none,none,0,1,,,1598814,0xebb930f8,632,1368,84851,3,0,0,0,0,3
2026-09-22 23:26:45,1595,,7,1630864,3,325,140,0,0,41,flash,269,664,1,0,436695,905,41,23,0,657,11,3900.0,72.5,293.3,0,False,False,none,none,0,1,,,1628836,0xebb930f8,632,1368,86394,3,0,0,0,0,3
2026-09-22 23:27:15,1625,,7,1660890,3,331,142,0,0,41,flash,294,671,1,0,445476,908,41,23,0,657,11,3908.8,72.7,293.3,0,False,False,none,none,0,1,,,1658854,0xebb930f8,632,1368,87955,3,0,0,0,0,3
2026-09-22 23:27:45,1655,,7,1690899,3,337,144,0,0,41,flash,259,681,1,0,454049,910,41,23,0,657,11,3901.8,72.5,293.3,0,False,False,none,none,0,1,,,1688866,0xebb930f8,632,1368,89531,3,0,0,0,0,3
2026-09-22 23:28:15,1685,,7,1720931,3,343,147,0,0,41,flash,241,693,1,0,461465,912,41,23,0,657,11,3900.3,72.5,293.3,0,False,False,none,none,0,1,,,1718891,0xebb930f8,632,1368,91097,3,0,0,0,0,3
2026-09-22 23:28:45,1715,,7,1750933,3,349,148,0,0,41,flash,319,709,1,0,469488,914,41,23,0,657,11,3905.0,72.6,293.3,0,False,False,none,none,0,1,,,1748903,0xebb930f8,632,1368,92607,3,0,0,0,0,3
2026-09-22 23:29:15,1745,,7,1780960,3,355,150,0,0,41,flash,234,722,1,0,477652,916,41,23,0,657,11,3912.2,72.6,293.3,0,False,False,none,none,0,1,,,1778922,0xebb930f8,632,1368,94249,3,0,0,0,0,3
2026-09-22 23:29:45,1775,,7,1810960,3,361,155,0,0,41,flash,268,736,1,0,485292,918,41,23,0,657,11,3900.3,72.5,293.3,0,False,False,none,none,0,1,,,1808926,0xebb930f8,632,1368,95889,3,0,0,0,0,3
2026-09-22 23:30:15,1805,,7,1840974,3,367,157,0,0,41,flash,295,744,1,0,493866,920,41,23,0,657,11,3909.1,72.7,293.3,0,False,False,none,none,0,1,,,1838944,0xebb930f8,632,1368,97639,3,0,0,0,0,3
2026-09-22 23:30:45,1835,,7,1870995,3,373,160,0,0,41,flash,251,755,1,0,502458,922,41,23,0,657,11,3900.8,72.5,293.3,0,False,False,none,none,0,1,,,1868962,0xebb930f8,632,1368,99262,3,0,0,0,0,3
2026-09-22 23:31:15,1865,,7,1901012,3,379,163,0,0,41,flash,236,768,1,0,509805,924,41,23,0,657,11,3899.9,72.5,293.3,0,False,False,none,none,0,1,,,1898976,0xebb930f8,632,1368,100951,3,0,0,0,0,3
2026-09-22 23:31:45,1895,,7,1931023,3,385,163,0,0,41,flash,330,781,1,0,517810,926,41,23,0,657,11,3906.3,72.6,293.3,0,False,False,none,none,0,1,,,1928984,0xebb930f8,632,1368,102424,3,0,0,0,0,3
2026-09-22 23:32:15,1925,,7,1961026,3,391,163,0,0,41,flash,239,790,1,0,525931,928,41,23,0,657,11,3911.5,72.6,293.3,0,False,False,none,none,0,1,,,1958993,0xebb930f8,632,1368,104072,3,0,0,0,0,3
2026-09-22 23:32:45,1955,,7,1991047,3,397,164,0,0,41,flash,261,804,1,0,533574,930,41,23,0,657,11,3898.2,72.5,293.3,0,False,False,none,none,0,1,,,1989013,0xebb930f8,632,1368,105716,3,0,0,0,0,3
2026-09-22 23:33:15,1985,,7,2021064,3,403,167,0,0,41,flash,301,817,1,0,542180,932,41,23,0,657,11,3908.3,72.7,293.3,0,False,False,none,none,0,1,,,2019028,0xebb930f8,632,1368,107417,3,0,0,0,0,3
2026-09-22 23:33:45,2015,,7,2051076,3,409,170,0,0,41,flash,243,827,1,0,550684,934,41,23,0,657,11,3900.7,72.5,293.3,0,False,False,none,none,0,1,,,2049042,0xebb930f8,632,1368,108959,3,0,0,0,0,3
2026-09-22 23:34:15,2045,,7,2081094,3,415,173,0,0,41,flash,235,843,1,0,557960,936,41,23,0,657,11,3899.8,72.5,293.3,0,False,False,none,none,0,1,,,2079063,0xebb930f8,632,1368,110658,3,0,0,0,0,3
2026-09-22 23:34:45,2075,,7,2111103,3,421,175,0,0,41,flash,321,860,1,0,565845,938,41,23,0,657,11,3907.1,72.6,293.3,0,False,False,none,none,0,1,,,2109073,0xebb930f8,632,1368,112243,3,0,0,0,0,3
2026-09-22 23:35:15,2105,,7,2141128,3,427,180,0,0,41,flash,221,871,1,0,573981,940,41,23,0,657,11,3911.8,72.6,293.3,0,False,False,none,none,0,1,,,2139094,0xebb930f8,632,1368,113989,3,0,0,0,0,3
2026-09-22 23:35:45,2135,,7,2171134,4,433,182,0,0,41,flash,263,884,1,0,581648,942,41,23,0,657,11,3900.0,72.5,293.3,0,False,False,none,none,0,1,,,2169106,0xebb930f8,632,1368,115536,4,0,0,0,0,4
2026-09-22 23:36:15,2165,,7,2201145,4,439,185,0,0,41,flash,295,893,1,0,590282,944,41,23,0,657,11,3908.5,72.7,293.3,0,False,False,none,none,0,1,,,2199117,0xebb930f8,632,1368,117164,4,0,0,0,0,4
2026-09-22 23:36:45,2195,,7,2231163,4,445,188,0,0,41,flash,232,901,1,0,598759,946,41,23,0,657,11,3898.7,72.4,293.3,0,False,False,none,none,0,1,,,2229131,0xebb930f8,632,1368,118707,4,0,0,0,0,4
2026-09-22 23:37:15,2225,,7,2261187,4,451,192,0,0,41,flash,240,913,1,0,606115,948,41,23,0,657,11,3899.4,72.5,293.3,0,False,False,none,none,0,1,,,2259149,0xebb930f8,632,1368,120327,4,0,0,0,0,4
2026-09-22 23:37:45,2255,,7,2291186,4,457,194,0,0,41,flash,316,929,2,0,613992,950,41,23,0,657,11,3905.5,72.6,293.3,0,False,False,none,none,0,1,,,2289158,0xebb930f8,632,1368,121900,4,0,0,0,0,4
2026-09-22 23:38:15,2285,,7,2321211,4,463,197,0,0,41,flash,229,945,2,0,622060,952,41,23,0,657,11,3911.7,72.6,293.3,0,False,False,none,none,0,1,,,2319180,0xebb930f8,632,1368,123598,4,0,0,0,0,4
2026-09-22 23:38:45,2315,,7,2351230,4,469,200,0,0,41,flash,265,962,2,0,629666,954,41,23,0,657,11,3898.2,72.5,293.3,0,False,False,none,none,0,1,,,2349197,0xebb930f8,632,1368,125101,4,0,0,0,0,4
2026-09-22 23:39:15,2345,,7,2381234,4,475,202,0,0,41,flash,297,974,2,0,638265,956,41,23,0,657,11,3908.7,72.7,293.3,0,False,False,none,none,0,1,,,2379198,0xebb930f8,632,1368,126756,4,0,0,0,0,4
2026-09-22 23:39:45,2375,,7,2411264,5,481,204,0,0,41,flash,242,985,2,0,646739,958,41,24,0,657,11,3901.8,72.5,293.3,0,False,False,none,none,0,1,,,2409230,0xebb930f8,632,1368,128362,5,0,0,0,0,5
2026-09-22 23:40:15,2405,,7,2441277,5,487,207,0,0,41,flash,238,1000,2,0,654029,960,41,24,0,657,11,3900.9,72.5,293.3,0,False,False,none,none,0,1,,,2439242,0xebb930f8,632,1368,130017,5,0,0,0,0,5
2026-09-22 23:40:46,2435,,7,2471292,5,493,211,0,0,41,flash,317,1016,2,0,661900,962,41,24,0,657,11,3904.8,72.6,293.3,0,False,False,none,none,0,1,,,2469255,0xebb930f8,632,1368,131560,5,0,0,0,0,5
2026-09-22 23:41:16,2465,,7,2501331,5,499,212,0,0,41,flash,235,1031,2,0,669931,964,41,24,0,657,11,3910.1,72.6,293.3,0,False,False,none,none,0,1,,,2499298,0xebb930f8,632,1368,133240,5,0,0,0,0,5
2026-09-22 23:41:46,2495,,7,2531347,5,505,214,0,0,41,flash,255,1047,2,0,677500,966,41,24,0,657,11,3899.7,72.5,293.3,0,False,False,none,none,0,1,,,2529316,0xebb930f8,632,1368,134892,5,0,0,0,0,5
2026-09-22 23:42:16,2525,,7,2561360,5,511,217,0,0,41,flash,292,1055,2,0,685972,968,41,24,0,657,11,3907.4,72.6,293.3,0,False,False,none,none,0,1,,,2559332,0xebb930f8,632,1368,136629,5,0,0,0,0,5
2026-09-22 23:42:46,2555,,7,2591381,5,517,217,0,0,41,flash,243,1069,2,0,694328,970,41,24,0,657,11,3900.2,72.5,293.3,0,False,False,none,none,0,1,,,2589342,0xebb930f8,632,1368,138308,5,0,0,0,0,5
2026-09-22 23:43:16,2585,,7,2621402,5,523,220,0,0,41,flash,237,1082,2,0,701513,972,41,24,0,657,11,3899.5,72.5,293.3,0,False,False,none,none,0,1,,,2619371,0xebb930f8,632,1368,140003,5,0,0,0,0,5
2026-09-22 23:43:46,2615,,7,2651409,5,529,224,0,0,41,flash,303,1091,2,0,709422,974,41,24,0,657,11,3905.8,72.6,293.3,0,False,False,none,none,0,1,,,2649386,0xebb930f8,632,1368,141606,5,0,0,0,0,5
2026-09-22 23:44:16,2645,,7,2681417,5,535,226,0,0,41,flash,229,1104,2,0,717470,976,41,24,0,657,11,3911.8,72.6,293.3,0,False,False,none,none,0,1,,,2679383,0xebb930f8,632,1368,143354,5,0,0,0,0,5
2026-09-22 23:44:46,2675,,7,2711460,5,541,230,0,0,41,flash,267,1118,2,0,725052,978,41,24,0,657,11,3898.5,72.5,293.3,0,False,False,none,none,0,1,,,2709419,0xebb930f8,632,1368,144998,5,0,0,0,0,5
2026-09-22 23:45:16,2705,,7,2741460,5,547,233,0,0,41,flash,297,1127,2,0,733574,980,41,24,0,657,11,3907.3,72.6,293.3,0,False,False,none,none,0,1,,,2739422,0xebb930f8,632,1368,146686,5,0,0,0,0,5
2026-09-22 23:45:46,2735,,7,2771489,5,553,235,0,0,41,flash,243,1136,2,0,741974,982,41,24,0,657,11,3900.0,72.5,293.3,0,False,False,none,none,0,1,,,2769450,0xebb930f8,632,1368,148338,5,0,0,0,0,5
2026-09-22 23:46:16,2765,,7,2801507,5,559,238,0,0,41,flash,231,1152,2,0,749246,984,41,24,0,657,11,3899.5,72.5,293.3,0,False,False,none,none,0,1,,,2799479,0xebb930f8,632,1368,150000,5,0,0,0,0,5
2026-09-22 23:46:46,2795,,7,2831513,5,565,241,0,0,41,flash,319,1163,2,0,757070,986,41,24,0,657,11,3906.1,72.6,293.3,0,False,False,none,none,0,1,,,2829481,0xebb930f8,632,1368,151600,5,0,0,0,0,5
2026-09-22 23:47:16,2825,,7,2861526,5,571,243,0,0,41,flash,224,1174,2,0,765054,988,41,24,0,657,11,3910.9,72.6,293.3,0,False,False,none,none,0,1,,,2859500,0xebb930f8,632,1368,153327,5,0,0,0,0,5
2026-09-22 23:47:46,2855,,7,2891538,5,577,247,0,0,41,flash,265,1190,2,0,772562,990,41,24,0,657,11,3899.7,72.5,293.3,0,False,False,none,none,0,1,,,2889502,0xebb930f8,632,1368,154939,5,0,0,0,0,5
2026-09-22 23:48:16,2885,,7,2921558,5,583,250,0,0,41,flash,297,1196,2,0,781096,992,41,24,0,657,11,3906.8,72.6,293.3,0,False,False,none,none,0,1,,,2919524,0xebb930f8,632,1368,156665,5,0,0,0,0,5
2026-09-22 23:48:46,2915,,7,2951573,5,589,254,0,0,41,flash,236,1206,2,0,789540,994,41,24,0,657,11,3899.5,72.5,293.3,0,False,False,none,none,0,1,,,2949546,0xebb930f8,632,1368,158285,5,0,0,0,0,5
2026-09-22 23:49:16,2945,,7,2981597,5,595,256,0,0,41,flash,242,1221,2,0,796877,996,41,24,0,657,11,3901.2,72.5,293.3,0,False,False,none,none,0,1,,,2979565,0xebb930f8,632,1368,159942,5,0,0,0,0,5
2026-09-22 23:49:46,2975,,7,3011619,5,601,259,0,0,41,flash,327,1230,2,0,804749,998,41,24,0,657,11,3904.9,72.6,293.3,0,False,False,none,none,0,1,,,3009592,0xebb930f8,632,1368,161545,5,0,0,0,0,5
2026-09-22 23:50:16,3005,,7,3041625,5,607,262,0,0,41,flash,235,1241,2,0,812827,1000,41,24,0,657,11,3910.8,72.6,293.3,0,False,False,none,none,0,1,,,3039592,0xebb930f8,632,1368,163273,5,0,0,0,0,5
2026-09-22 23:50:46,3035,,7,3071636,5,613,265,0,0,41,flash,266,1255,2,0,820414,1002,41,24,0,657,11,3898.9,72.5,293.3,0,False,False,none,none,0,1,,,3069599,0xebb930f8,632,1368,164911,5,0,0,0,0,5
2026-09-22 23:51:16,3065,,7,3101678,5,619,267,0,0,41,flash,288,1261,2,0,829005,1004,41,24,0,657,11,3909.2,72.7,293.3,0,False,False,none,none,0,1,,,3099638,0xebb930f8,632,1368,166547,5,0,0,0,0,5
2026-09-22 23:51:46,3095,,7,3131713,5,625,270,0,0,41,flash,232,1271,2,0,837454,1006,41,24,0,657,11,3900.4,72.5,293.3,0,False,False,none,none,0,1,,,3129670,0xebb930f8,632,1368,168083,5,0,0,0,0,5
2026-09-22 23:52:16,3125,,7,3161704,5,631,273,0,0,41,flash,245,1284,2,0,844788,1008,41,24,0,657,11,3901.5,72.5,293.3,0,False,False,none,none,0,1,,,3159675,0xebb930f8,632,1368,169691,5,0,0,0,0,5
2026-09-22 23:52:46,3155,,7,3191724,6,637,275,0,0,41,flash,315,1296,2,0,852798,1010,41,24,0,657,11,3905.8,72.6,293.3,0,False,False,none,none,0,1,,,3189686,0xebb930f8,632,1368,171272,6,0,0,0,0,6
2026-09-22 23:53:16,3185,,7,3221729,6,643,275,0,0,41,flash,239,1305,2,0,861033,1012,41,24,0,657,11,3911.9,72.6,293.3,0,False,False,none,none,0,1,,,3219703,0xebb930f8,632,1368,172812,6,0,0,0,0,6
2026-09-22 23:53:46,3215,,7,3251752,6,649,278,0,0,41,flash,268,1321,2,0,868774,1014,41,24,0,657,11,3899.3,72.5,293.3,0,False,False,none,none,0,1,,,3249720,0xebb930f8,632,1368,174253,6,0,0,0,0,6
2026-09-22 23:54:16,3245,,7,3281772,6,655,281,0,0,41,flash,304,1325,2,0,877373,1016,41,24,0,657,11,3907.0,72.6,293.3,0,False,False,none,none,0,1,,,3279740,0xebb930f8,632,1368,175977,6,0,0,0,0,6
2026-09-22 23:54:46,3275,,7,3311797,6,661,283,0,0,41,flash,239,1334,2,0,885959,1018,41,24,0,657,11,3901.3,72.5,293.3,0,False,False,none,none,0,1,,,3309763,0xebb930f8,632,1368,177534,6,0,0,0,0,6
2026-09-22 23:55:16,3305,,7,3341804,6,667,285,0,0,41,flash,235,1350,2,0,893286,1020,41,24,0,657,11,3898.4,72.5,293.3,0,False,False,none,none,0,1,,,3339781,0xebb930f8,632,1368,179216,6,0,0,0,0,6
2026-09-22 23:55:46,3335,,7,3371824,6,673,287,0,0,41,flash,311,1361,2,0,901205,1022,41,24,0,657,11,3903.9,72.6,293.3,0,False,False,none,none,0,1,,,3369791,0xebb930f8,632,1368,180786,6,0,0,0,0,6
2026-09-22 23:56:16,3365,,7,3401843,6,679,288,0,0,41,flash,232,1369,2,0,909293,1024,41,24,0,657,11,3914.0,72.6,293.3,0,False,False,none,none,0,1,,,3399814,0xebb930f8,632,1368,182448,6,0,0,0,0,6
2026-09-22 23:56:46,3395,,7,3431876,6,685,291,0,0,41,flash,276,1379,2,0,917008,1026,41,24,0,657,11,3898.1,72.5,293.3,0,False,False,none,none,0,1,,,3429846,0xebb930f8,632,1368,183939,6,0,0,0,0,6
2026-09-22 23:57:16,3425,,7,3461895,6,691,293,0,0,41,flash,292,1385,2,0,925653,1028,41,24,0,657,11,3908.1,72.6,293.3,0,False,False,none,none,0,1,,,3459861,0xebb930f8,632,1368,185619,6,0,0,0,0,6
2026-09-22 23:57:46,3455,,7,3491908,6,697,296,0,0,41,flash,239,1393,2,0,934166,1030,41,24,0,657,11,3900.0,72.5,293.3,0,False,False,none,none,0,1,,,3489874,0xebb930f8,632,1368,187199,6,0,0,0,0,6
2026-09-22 23:58:16,3485,,7,3521922,6,703,298,0,0,41,flash,242,1404,2,0,941475,1032,41,24,0,657,11,3899.1,72.5,293.3,0,False,False,none,none,0,1,,,3519890,0xebb930f8,632,1368,188867,6,0,0,0,0,6
2026-09-22 23:58:46,3515,,7,3551935,6,709,301,0,0,41,flash,314,1418,3,0,949364,1034,41,24,0,657,11,3907.1,72.6,293.3,0,False,False,none,none,0,1,,,3549901,0xebb930f8,632,1368,190442,6,0,0,0,0,6
2026-09-22 23:59:16,3545,,7,3581941,6,715,303,0,0,41,flash,239,1430,3,0,957520,1036,41,24,0,657,11,3910.7,72.6,293.3,0,False,False,none,none,0,1,,,3579905,0xebb930f8,632,1368,191998,6,0,0,0,0,6
2026-09-22 23:59:46,3575,,7,3611962,6,721,306,0,0,41,flash,267,1445,3,0,965123,1038,41,24,0,657,11,3898.4,72.5,293.3,0,False,False,none,none,0,1,,,3609927,0xebb930f8,632,1368,193580,6,0,0,0,0,6
2026-09-23 00:00:16,3605,,7,3641970,6,727,308,0,0,41,flash,306,1456,3,0,973649,1040,41,24,0,657,11,3909.6,72.7,293.3,0,False,False,none,none,0,1,,,3639940,0xebb930f8,632,1368,195304,6,0,0,0,0,6
2026-09-23 00:00:46,3636,,7,3672005,6,733,312,0,0,41,flash,244,1462,3,0,982069,1042,41,24,0,657,11,3899.5,72.5,293.3,0,False,False,none,none,0,1,,,3669970,0xebb930f8,632,1368,196820,6,0,0,0,0,6
2026-09-23 00:01:16,3666,,7,3701991,6,739,314,0,0,41,flash,239,1476,3,0,989423,1044,41,24,0,657,11,3899.5,72.5,293.3,0,False,False,none,none,0,1,,,3699962,0xebb930f8,632,1368,198535,6,0,0,0,0,6
2026-09-23 00:01:46,3696,,7,3732039,6,745,315,0,0,41,flash,315,1491,3,0,997356,1046,41,24,0,657,11,3904.3,72.6,293.3,0,False,False,none,none,0,1,,,3729995,0xebb930f8,632,1368,200121,6,0,0,0,0,6
2026-09-23 00:02:16,3726,,7,3762039,6,751,315,0,0,41,flash,229,1502,3,0,1005490,1048,41,24,0,657,11,3913.9,72.6,293.3,0,False,False,none,none,0,1,,,3760009,0xebb930f8,632,1368,201798,6,0,0,0,0,6
2026-09-23 00:02:46,3756,,7,3792056,6,757,319,0,0,41,flash,270,1511,3,0,1013149,1051,41,24,0,657,11,3898.7,72.5,293.3,0,False,False,none,none,0,1,,,3790026,0xebb930f8,632,1368,203274,6,0,0,0,0,6
2026-09-23 00:03:16,3786,,7,3822066,6,763,322,0,0,41,flash,291,1519,3,0,1021733,1053,41,24,0,657,11,3909.4,72.7,293.3,0,False,False,none,none,0,1,,,3820040,0xebb930f8,616,1368,204994,6,0,0,0,0,6
2026-09-23 00:03:46,3816,,7,3852106,6,769,325,0,0,41,flash,242,1529,3,0,1030193,1055,41,24,0,657,11,3900.8,72.5,293.3,0,False,False,none,none,0,1,,,3850067,0xebb930f8,616,1368,206652,6,0,0,0,0,6
2026-09-23 00:04:16,3846,,7,3882106,6,775,328,0,0,41,flash,251,1542,3,0,1037488,1057,41,24,0,657,11,3899.9,72.5,293.3,0,False,False,none,none,0,1,,,3880069,0xebb930f8,616,1368,208276,6,0,0,0,0,6
2026-09-23 00:04:46,3876,,7,3912105,6,781,331,0,0,41,flash,314,1557,3,0,1045299,1059,41,24,0,657,11,3905.4,72.6,293.3,0,False,False,none,none,0,1,,,3910077,0xebb930f8,616,1368,209943,6,0,0,0,0,6
2026-09-23 00:05:16,3906,,7,3942138,6,787,333,0,0,41,flash,230,1567,3,0,1053361,1061,41,24,0,657,11,3909.8,72.6,293.3,0,False,False,none,none,0,1,,,3940096,0xebb930f8,616,1368,211545,6,0,0,0,0,6
2026-09-23 00:05:46,3936,,7,3972142,6,793,338,0,0,41,flash,266,1579,3,0,1060969,1063,41,24,0,657,11,3898.3,72.5,293.3,0,False,False,none,none,0,1,,,3970105,0xebb930f8,616,1368,213193,6,0,0,0,0,6
2026-09-23 00:06:16,3966,,7,4002158,6,799,341,0,0,41,flash,305,1585,3,0,1069550,1065,41,24,0,657,11,3908.2,72.6,293.3,0,False,False,none,none,0,1,,,4000125,0xebb930f8,616,1368,214814,6,0,0,0,0,6
2026-09-23 00:06:46,3996,,7,4032183,6,805,343,0,0,41,flash,238,1593,3,0,1078021,1067,41,24,0,657,11,3899.4,72.5,293.3,0,False,False,none,none,0,1,,,4030147,0xebb930f8,616,1368,216364,6,0,0,0,0,6
2026-09-23 00:07:16,4026,,7,4062187,6,811,345,0,0,41,flash,237,1608,3,0,1085232,1069,41,24,0,657,11,3898.8,72.5,293.3,0,False,False,none,none,0,1,,,4060157,0xebb930f8,616,1368,218113,6,0,0,0,0,6
2026-09-23 00:07:46,4056,,7,4092204,6,817,349,0,0,41,flash,313,1616,3,0,1093096,1071,41,24,0,657,11,3904.2,72.6,293.3,0,False,False,none,none,0,1,,,4090170,0xebb930f8,616,1368,219681,6,0,0,0,0,6
2026-09-23 00:08:16,4086,,7,4122193,6,823,352,0,0,41,flash,232,1623,3,0,1101121,1073,41,24,0,657,11,3912.6,72.7,293.3,0,False,False,none,none,0,1,,,4120159,0xebb930f8,616,1368,221350,6,0,0,0,0,6
2026-09-23 00:08:46,4116,,7,4152180,6,829,355,0,0,41,flash,253,1635,3,0,1108674,1075,41,24,0,657,11,3900.5,72.5,293.3,0,False,False,none,none,0,1,,,4150146,0xebb930f8,616,1368,222906,6,0,0,0,0,6
2026-09-23 00:09:16,4146,,7,4182155,6,835,358,0,0,41,flash,294,1641,3,0,1117139,1077,41,24,0,657,11,3907.1,72.6,293.3,0,False,False,none,none,0,1,,,4180127,0xebb930f8,616,1368,224543,6,0,0,0,0,6
2026-09-23 00:09:46,4176,,7,4212161,6,841,361,0,0,41,flash,234,1653,3,0,1125517,1079,41,24,0,657,11,3900.3,72.5,293.3,0,False,False,none,none,0,1,,,4210120,0xebb930f8,616,1368,226193,6,0,0,0,0,6
2026-09-23 00:10:16,4206,,7,4242130,6,847,364,0,0,41,flash,243,1667,3,0,1132852,1081,41,24,0,657,11,3899.9,72.5,293.3,0,False,False,none,none,0,1,,,4240101,0xebb930f8,616,1368,227823,6,0,0,0,0,6
2026-09-23 00:10:46,4236,,7,4272133,6,853,367,0,0,41,flash,320,1681,3,0,1140732,1083,41,24,0,657,11,3906.0,72.6,293.3,0,False,False,none,none,0,1,,,4270102,0xebb930f8,616,1368,229422,6,0,0,0,0,6
2026-09-23 00:11:16,4266,,7,4302120,6,859,370,0,0,41,flash,237,1692,3,0,1148811,1085,41,24,0,657,11,3911.2,72.6,293.3,0,False,False,none,none,0,1,,,4300087,0xebb930f8,616,1368,231111,6,0,0,0,0,6
2026-09-23 00:11:46,4296,,7,4332114,6,865,373,0,0,41,flash,274,1707,3,0,1156372,1087,41,24,0,657,11,3900.3,72.5,293.3,0,False,False,none,none,0,1,,,4330079,0xebb930f8,616,1368,232739,6,0,0,0,0,6
2026-09-23 00:12:16,4326,,7,4362099,6,871,376,0,0,41,flash,299,1713,3,0,1164962,1089,41,24,0,657,11,3907.4,72.6,293.3,0,False,False,none,none,0,1,,,4360072,0xebb930f8,616,1368,234378,6,0,0,0,0,6
2026-09-23 00:12:46,4356,,7,4392088,7,877,379,0,0,41,flash,239,1727,3,0,1173373,1091,41,24,0,657,11,3899.3,72.4,293.3,0,False,False,none,none,0,1,,,4390054,0xebb930f8,616,1368,235980,7,0,0,0,0,7
2026-09-23 00:13:16,4386,,7,4422077,7,883,382,0,0,41,flash,243,1739,3,0,1180646,1093,41,24,0,657,11,3899.7,72.5,293.3,0,False,False,none,none,0,1,,,4420044,0xebb930f8,616,1368,237614,7,0,0,0,0,7
2026-09-23 00:13:46,4416,,7,4452070,7,889,385,0,0,41,flash,325,1748,3,0,1188438,1095,41,24,0,657,11,3905.9,72.6,293.3,0,False,False,none,none,0,1,,,4450042,0xebb930f8,616,1368,239201,7,0,0,0,0,7
2026-09-23 00:14:16,4446,,7,4482044,7,895,388,0,0,41,flash,232,1758,3,0,1196469,1097,41,24,0,657,11,3912.2,72.6,293.3,0,False,False,none,none,0,1,,,4480023,0xebb930f8,616,1368,240927,7,0,0,0,0,7
2026-09-23 00:14:46,4476,,7,4512067,7,901,391,0,0,41,flash,261,1768,3,0,1204043,1099,41,24,0,657,11,3899.1,72.5,293.3,0,False,False,none,none,0,1,,,4510032,0xebb930f8,616,1368,242538,7,0,0,0,0,7
2026-09-23 00:15:16,4506,,7,4542043,7,907,394,0,0,41,flash,291,1771,3,0,1212549,1101,41,24,0,657,11,3908.7,72.7,293.3,0,False,False,none,none,0,1,,,4540007,0xebb930f8,616,1368,244244,7,0,0,0,0,7
2026-09-23 00:15:46,4536,,7,4572011,7,913,397,0,0,41,flash,245,1781,3,0,1220938,1103,41,24,0,657,11,3901.2,72.5,293.3,0,False,False,none,none,0,1,,,4569988,0xebb930f8,616,1368,245826,7,0,0,0,0,7
2026-09-23 00:16:16,4566,,7,4602000,7,919,400,0,0,41,flash,239,1794,3,0,1228214,1105,41,24,0,657,11,3900.9,72.5,293.3,0,False,False,none,none,0,1,,,4599975,0xebb930f8,616,1368,247366,7,0,0,0,0,7
2026-09-23 00:16:46,4596,,7,4631994,7,925,403,0,0,41,flash,310,1802,3,0,1236075,1107,41,24,0,657,11,3906.2,72.6,293.3,0,False,False,none,none,0,1,,,4629961,0xebb930f8,616,1368,248822,7,0,0,0,0,7
2026-09-23 00:17:16,4626,,7,4661962,7,931,406,0,0,41,flash,226,1817,3,0,1244078,1109,41,24,0,657,11,3912.2,72.6,293.3,0,False,False,none,none,0,1,,,4659929,0xebb930f8,616,1368,250445,7,0,0,0,0,7
2026-09-23 00:17:46,4656,,7,4691958,7,937,409,0,0,41,flash,267,1831,3,0,1251609,1111,41,24,0,657,11,3897.8,72.4,293.3,0,False,False,none,none,0,1,,,4689925,0xebb930f8,616,1368,251982,7,0,0,0,0,7
2026-09-23 00:18:16,4686,,7,4721957,8,943,412,0,0,41,flash,290,1836,3,0,1260022,1113,41,24,0,657,11,3908.6,72.7,293.3,0,False,False,none,none,0,1,,,4719922,0xebb930f8,616,1368,253617,8,0,0,0,1,8
2026-09-23 00:18:46,4716,,7,4751939,8,949,415,0,0,41,flash,231,1845,3,0,1268527,1115,41,24,0,657,11,3899.3,72.5,293.3,0,False,False,none,none,0,1,,,4749916,0xebb930f8,616,1368,255182,8,0,0,0,1,8
2026-09-23 00:19:16,4746,,7,4781938,8,955,418,0,0,41,flash,239,1858,3,0,1275805,1117,41,24,0,657,11,3898.3,72.5,293.3,0,False,False,none,none,0,1,,,4779899,0xebb930f8,616,1368,256794,8,0,0,0,1,8
2026-09-23 00:19:46,4776,,7,4811919,8,961,420,0,0,41,flash,313,1872,4,0,1283639,1119,41,24,0,657,11,3908.6,72.7,293.3,0,False,False,none,none,0,1,,,4809884,0xebb930f8,616,1368,258329,8,0,0,0,1,8
2026-09-23 00:20:16,4806,,7,4841895,8,967,423,0,0,41,flash,232,1883,4,0,1291634,1121,41,24,0,657,11,3913.6,72.6,293.3,0,False,False,none,none,0,1,,,4839865,0xebb930f8,616,1368,260013,8,0,0,0,1,8
2026-09-23 00:20:46,4836,,7,4871882,8,973,426,0,0,41,flash,268,1894,4,0,1299200,1123,41,24,0,657,11,3898.7,72.5,293.3,0,False,False,none,none,0,1,,,4869847,0xebb930f8,616,1368,261561,8,0,0,0,1,8
2026-09-23 00:21:16,4866,,7,4901877,8,979,429,0,0,41,flash,288,1899,4,0,1307696,1125,41,24,0,657,11,3910.1,72.7,293.3,0,False,False,none,none,0,1,,,4899845,0xebb930f8,616,1368,263219,8,0,0,0,1,8
2026-09-23 00:21:46,4896,,7,4931865,8,985,432,0,0,41,flash,230,1910,4,0,1316050,1127,41,24,0,657,11,3900.3,72.5,293.3,0,False,False,none,none,0,1,,,4929829,0xebb930f8,616,1368,264838,8,0,0,0,1,8
2026-09-23 00:22:16,4926,,7,4961847,8,991,435,0,0,41,flash,238,1923,4,0,1323277,1129,41,24,0,657,11,3898.3,72.5,293.3,0,False,False,none,none,0,1,,,4959816,0xebb930f8,616,1368,266412,8,0,0,0,1,8
2026-09-23 00:22:46,4956,,7,4991835,8,997,438,0,0,41,flash,317,1935,4,0,1331031,1131,41,24,0,657,11,3903.3,72.5,293.3,0,False,False,none,none,0,1,,,4989802,0xebb930f8,616,1368,268015,8,0,0,0,1,8
2026-09-23 00:23:16,4986,,7,5021839,8,1003,441,0,0,41,flash,226,1948,4,0,1339087,1133,41,24,0,657,11,3912.2,72.6,293.3,0,False,False,none,none,0,1,,,5019805,0xebb930f8,616,1368,269667,8,0,0,0,1,8
2026-09-23 00:23:46,5016,,7,5051823,8,1009,444,0,0,41,flash,261,1956,4,0,1346631,1135,41,24,0,657,11,3897.1,72.4,293.3,0,False,False,none,none,0,1,,,5049787,0xebb930f8,616,1368,271183,8,0,0,0,1,8
2026-09-23 00:24:16,5046,,7,5081790,8,1015,447,0,0,41,flash,295,1963,4,0,1355103,1137,41,24,0,657,11,3908.3,72.7,293.3,0,False,False,none,none,0,1,,,5079766,0xebb930f8,616,1368,272798,8,0,0,0,1,8
2026-09-23 00:24:46,5076,,7,5111818,8,1021,450,0,0,41,flash,239,1974,4,0,1363429,1139,41,24,0,657,11,3899.2,72.5,293.3,0,False,False,none,none,0,1,,,5109786,0xebb930f8,616,1368,274388,8,0,0,0,1,8
2026-09-23 00:25:16,5106,,7,5141804,8,1027,453,0,0,41,flash,229,1990,4,0,1370598,1141,41,24,0,657,11,3899.7,72.5,293.3,0,False,False,none,none,0,1,,,5139770,0xebb930f8,616,1368,276159,8,0,0,0,1,8
2026-09-23 00:25:46,5136,,7,5171770,8,1033,456,0,0,41,flash,297,2003,4,0,1378282,1143,41,24,0,657,11,3905.7,72.7,293.3,0,False,False,none,none,0,1,,,5169739,0xebb930f8,616,1368,277832,8,0,0,0,1,8
2026-09-23 00:26:16,5166,,7,5201766,8,1039,459,0,0,41,flash,226,2015,4,0,1386245,1145,41,24,0,657,11,3910.4,72.6,293.3,0,False,False,none,none,0,1,,,5199736,0xebb930f8,616,1368,279437,8,0,0,0,1,8
2026-09-23 00:26:46,5196,,7,5231758,8,1045,462,0,0,41,flash,260,2031,4,0,1393676,1147,41,24,0,657,11,3897.9,72.5,293.3,0,False,False,none,none,0,1,,,5229720,0xebb930f8,616,1368,281033,8,0,0,0,1,8
2026-09-23 00:27:16,5226,,7,5261738,8,1051,465,0,0,41,flash,290,2039,4,0,1402132,1149,41,24,0,657,11,3909.4,72.7,293.3,0,False,False,none,none,0,1,,,5259708,0xebb930f8,616,1368,282754,8,0,0,0,1,8
2026-09-23 00:27:46,5256,,7,5291732,8,1057,468,0,0,41,flash,242,2047,4,0,1410630,1151,41,24,0,657,11,3900.2,72.5,293.3,0,False,False,none,none,0,1,,,5289701,0xebb930f8,616,1368,284273,8,0,0,0,1,8
2026-09-23 00:28:16,5286,,7,5321727,8,1063,471,0,0,41,flash,241,2056,4,0,1417910,1153,41,24,0,657,11,3899.1,72.5,293.3,0,False,False,none,none,0,1,,,5319694,0xebb930f8,616,1368,285869,8,0,0,0,1,8
2026-09-23 00:28:46,5316,,7,5351713,8,1069,474,0,0,41,flash,316,2070,4,0,1425727,1155,41,24,0,657,11,3904.2,72.6,293.3,0,False,False,none,none,0,1,,,5349677,0xebb930f8,616,1368,287424,8,0,0,0,1,8
2026-09-23 00:29:16,5346,,7,5381699,8,1075,477,0,0,41,flash,236,2081,4,0,1433690,1157,41,24,0,657,11,3912.8,72.6,293.3,0,False,False,none,none,0,1,,,5379675,0xebb930f8,616,1368,289212,8,0,0,0,1,8
2026-09-23 00:29:46,5376,,7,5411679,8,1081,480,0,0,41,flash,261,2097,4,0,1441200,1159,41,24,0,657,11,3898.4,72.4,293.3,0,False,False,none,none,0,1,,,5409653,0xebb930f8,616,1368,290893,8,0,0,0,1,8
2026-09-23 00:30:16,5406,,7,5441675,8,1087,483,0,0,41,flash,289,2105,4,0,1449593,1161,41,24,0,657,11,3908.7,72.7,293.3,0,False,False,none,none,0,1,,,5439639,0xebb930f8,616,1368,292673,8,0,0,0,1,8
2026-09-23 00:30:46,5436,,7,5471657,8,1093,486,0,0,41,flash,238,2119,4,0,1457998,1163,41,24,0,657,11,3901.5,72.5,293.3,0,False,False,none,none,0,1,,,5469625,0xebb930f8,616,1368,294209,8,0,0,0,1,8
2026-09-23 00:31:16,5466,,7,5501645,8,1099,490,0,0,41,flash,241,2134,4,0,1465203,1165,41,24,0,657,11,3899.7,72.5,293.3,0,False,False,none,none,0,1,,,5499614,0xebb930f8,616,1368,295803,8,0,0,0,1,8
2026-09-23 00:31:46,5496,,7,5531631,8,1105,494,0,0,41,flash,322,2149,4,0,1473012,1167,41,24,0,657,11,3906.6,72.6,293.3,0,False,False,none,none,0,1,,,5529600,0xebb930f8,616,1368,297375,8,0,0,0,1,8
2026-09-23 00:32:16,5526,,7,5561611,8,1111,497,0,0,41,flash,221,2162,4,0,1481026,1169,41,24,0,657,11,3911.5,72.6,293.3,0,False,False,none,none,0,1,,,5559581,0xebb930f8,616,1368,299061,8,0,0,0,1,8
2026-09-23 00:32:46,5556,,7,5591611,8,1117,500,0,0,41,flash,261,2177,4,0,1488575,1171,41,24,0,657,11,3899.2,72.5,293.3,0,False,False,none,none,0,1,,,5589580,0xebb930f8,616,1368,300567,8,0,0,0,1,8
2026-09-23 00:33:16,5586,,7,5621588,8,1123,503,0,0,41,flash,289,2189,4,0,1496972,1173,41,24,0,657,11,3906.2,72.7,293.3,0,False,False,none,none,0,1,,,5619567,0xebb930f8,616,1368,302289,8,0,0,0,1,8
2026-09-23 00:33:46,5616,,7,5651587,8,1129,506,0,0,41,flash,243,2204,4,0,1505295,1175,41,24,0,657,11,3901.2,72.5,293.3,0,False,False,none,none,0,1,,,5649555,0xebb930f8,616,1368,303904,8,0,0,0,1,8
2026-09-23 00:34:16,5646,,7,5681567,8,1135,511,0,0,41,flash,238,2221,4,0,1512492,1177,41,24,0,657,11,3901.4,72.5,293.3,0,False,False,none,none,0,1,,,5679542,0xebb930f8,616,1368,305559,8,0,0,0,1,8
2026-09-23 00:34:46,5676,,7,5711568,8,1141,514,0,0,41,flash,310,2237,4,0,1520225,1179,41,24,0,657,11,3905.7,72.6,293.3,0,False,False,none,none,0,1,,,5709523,0xebb930f8,616,1368,307121,8,0,0,0,1,8
2026-09-23 00:35:16,5706,,7,5741553,8,1147,517,0,0,41,flash,230,2254,4,0,1528152,1181,41,24,0,657,11,3911.2,72.6,293.3,0,False,False,none,none,0,1,,,5739520,0xebb930f8,616,1368,308829,8,0,0,0,1,8
2026-09-23 00:35:46,5736,,7,5771546,8,1153,520,0,0,41,flash,262,2273,4,0,1535575,1183,41,24,0,657,11,3899.8,72.5,293.3,0,False,False,none,none,0,1,,,5769511,0xebb930f8,616,1368,310406,8,0,0,0,1,8
2026-09-23 00:36:16,5766,,7,5801536,9,1159,523,0,0,41,flash,289,2285,4,0,1544106,1185,41,24,0,657,11,3908.7,72.7,293.3,0,False,False,none,none,0,1,,,5799499,0xebb930f8,616,1368,312008,9,0,0,0,1,9
2026-09-23 00:36:46,5796,,7,5831520,9,1165,526,0,0,41,flash,248,2296,4,0,1552516,1187,41,24,0,657,11,3899.7,72.5,293.3,0,False,False,none,none,0,1,,,5829487,0xebb930f8,616,1368,313543,9,0,0,0,1,9
2026-09-23 00:37:17,5826,,7,5861505,9,1171,529,0,0,41,flash,243,2311,4,0,1559727,1189,41,24,0,657,11,3900.8,72.5,304.0,0,False,False,none,none,0,1,,,5859480,0xebb930f8,616,1368,315220,9,0,0,0,1,9
2026-09-23 00:37:46,5856,,7,5891471,9,1177,532,0,0,41,flash,310,2324,4,0,1567502,1191,41,24,0,657,11,3905.7,72.6,304.0,0,False,False,none,none,0,1,,,5889451,0xebb930f8,616,1368,316872,9,0,0,0,1,9
2026-09-23 00:38:17,5886,,7,5921468,11,1183,535,0,0,41,flash,233,2334,5,1,1575581,1193,41,25,0,657,11,3912.8,72.6,304.0,0,False,False,none,none,0,1,,,5919441,0xebb930f8,616,1368,318512,11,0,0,0,1,11
2026-09-23 00:38:47,5916,,7,5951473,11,1189,538,0,0,41,flash,266,2345,5,1,1583173,1195,41,25,0,657,11,3900.4,72.5,304.0,0,False,False,none,none,0,1,,,5949441,0xebb930f8,600,1368,320029,11,0,0,0,1,11
2026-09-23 00:39:17,5946,,7,5981456,11,1195,541,0,0,41,flash,300,2353,5,1,1591716,1197,41,25,0,657,11,3909.5,72.7,304.0,0,False,False,none,none,0,1,,,5979424,0xebb930f8,600,1368,321622,11,0,0,0,1,11
2026-09-23 00:39:47,5976,,7,6011442,11,1201,544,0,0,41,flash,245,2362,5,1,1600131,1199,41,25,0,657,11,3899.2,72.5,304.0,0,False,False,none,none,0,1,,,6009410,0xebb930f8,600,1368,323182,11,0,0,0,1,11
2026-09-23 00:40:17,6006,,7,6041422,11,1207,547,0,0,41,flash,243,2374,5,1,1607365,1201,41,25,0,657,11,3899.4,72.5,304.0,0,False,False,none,none,0,1,,,6039383,0xebb930f8,600,1368,324820,11,0,0,0,1,11
2026-09-23 00:40:47,6036,,7,6071409,11,1213,550,0,0,41,flash,312,2387,5,1,1615173,1203,41,25,0,657,11,3906.1,72.6,304.0,0,False,False,none,none,0,1,,,6069378,0xebb930f8,600,1368,326512,11,0,0,0,1,11
2026-09-23 00:41:17,6066,,7,6101389,11,1219,553,0,0,41,flash,234,2397,6,1,1623228,1205,41,25,0,657,11,3912.0,72.6,304.0,0,False,False,none,none,0,1,,,6099362,0xebb930f8,600,1368,328133,11,0,0,0,1,11
2026-09-23 00:41:47,6096,,7,6131362,11,1225,556,0,0,41,flash,264,2406,6,1,1630802,1207,41,25,0,657,11,3897.4,72.4,304.0,0,False,False,none,none,0,1,,,6129336,0xebb930f8,600,1368,329619,11,0,0,0,1,11
2026-09-23 00:42:17,6126,,7,6161340,11,1231,559,0,0,41,flash,296,2411,6,1,1639237,1209,41,25,0,657,11,3909.8,72.7,304.0,0,False,False,none,none,0,1,,,6159314,0xebb930f8,600,1368,331301,11,0,0,0,1,11
2026-09-23 00:42:47,6156,,7,6191340,11,1237,562,0,0,41,flash,245,2422,6,1,1647653,1211,41,25,0,657,11,3900.2,72.5,304.0,0,False,False,none,none,0,1,,,6189304,0xebb930f8,600,1368,332916,11,0,0,0,1,11
2026-09-23 00:43:17,6186,,7,6221324,12,1243,565,0,0,41,flash,239,2432,6,1,1654887,1213,41,25,0,657,11,3901.0,72.5,304.0,0,False,False,none,none,0,1,,,6219293,0xebb930f8,600,1368,334523,12,0,0,0,2,12
2026-09-23 00:43:47,6216,,7,6251311,12,1249,568,0,0,41,flash,306,2443,6,1,1662608,1215,41,25,0,657,11,3905.0,72.6,304.0,0,False,False,none,none,0,1,,,6249280,0xebb930f8,600,1368,336179,12,0,0,0,2,12
2026-09-23 00:44:17,6246,,7,6281288,12,1255,571,0,0,41,flash,225,2454,6,1,1670576,1217,41,25,0,657,11,3913.8,72.6,304.0,0,False,False,none,none,0,1,,,6279259,0xebb930f8,600,1368,337830,12,0,0,0,2,12
2026-09-23 00:44:47,6276,,7,6311266,12,1261,574,0,0,41,flash,273,2467,6,1,1678161,1219,41,25,0,657,11,3899.5,72.5,304.0,0,False,False,none,none,0,1,,,6309244,0xebb930f8,600,1368,339445,12,0,0,0,2,12
2026-09-23 00:45:17,6306,,7,6341265,12,1267,577,0,0,41,flash,303,2471,6,1,1686824,1221,41,25,0,657,11,3908.7,72.7,304.0,0,False,False,none,none,0,1,,,6339229,0xebb930f8,600,1368,341108,12,0,0,0,2,12
2026-09-23 00:45:47,6336,,7,6371252,12,1273,580,0,0,41,flash,240,2480,6,1,1695391,1223,41,25,0,657,11,3900.3,72.5,304.0,0,False,False,none,none,0,1,,,6369216,0xebb930f8,600,1368,342643,12,0,0,0,2,12
2026-09-23 00:46:17,6366,,7,6401239,12,1279,584,0,0,41,flash,239,2490,6,1,1702766,1225,41,25,0,657,11,3900.5,72.5,304.0,0,False,False,none,none,0,1,,,6399207,0xebb930f8,600,1368,344174,12,0,0,0,2,12
2026-09-23 00:46:47,6396,,7,6431228,12,1285,587,0,0,41,flash,321,2505,6,1,1710650,1227,41,25,0,657,11,3906.1,72.6,304.0,0,False,False,none,none,0,1,,,6429196,0xebb930f8,600,1368,345759,12,0,0,0,2,12
2026-09-23 00:47:17,6426,,7,6461216,12,1291,590,0,0,41,flash,239,2515,6,1,1718809,1229,41,25,0,657,11,3911.0,72.6,304.0,0,False,False,none,none,0,1,,,6459185,0xebb930f8,600,1368,347424,12,0,0,0,2,12
2026-09-23 00:47:47,6456,,7,6491197,12,1297,594,0,0,41,flash,266,2533,6,1,1726436,1231,41,25,0,657,11,3901.8,72.5,304.0,0,False,False,none,none,0,1,,,6489158,0xebb930f8,600,1368,348909,12,0,0,0,2,12
2026-09-23 00:48:17,6486,,7,6521181,12,1303,597,0,0,41,flash,292,2538,6,1,1734990,1233,41,25,0,657,11,3909.0,72.7,304.0,0,False,False,none,none,0,1,,,6519151,0xebb930f8,600,1368,350605,12,0,0,0,2,12
2026-09-23 00:48:47,6516,,7,6551172,12,1309,602,0,0,41,flash,242,2548,6,1,1743416,1235,41,25,0,657,11,3902.4,72.5,304.0,0,False,False,none,none,0,1,,,6549131,0xebb930f8,600,1368,352203,12,0,0,0,2,12
2026-09-23 00:49:17,6546,,7,6581151,12,1315,605,0,0,41,flash,245,2558,6,1,1750776,1237,41,25,0,657,11,3900.7,72.5,304.0,0,False,False,none,none,0,1,,,6579112,0xebb930f8,600,1368,353779,12,0,0,0,2,12
2026-09-23 00:49:47,6576,,7,6611130,12,1321,608,0,0,41,flash,319,2573,6,1,1758622,1239,41,25,0,657,11,3905.2,72.6,304.0,0,False,False,none,none,0,1,,,6609099,0xebb930f8,600,1368,355408,12,0,0,0,2,12
2026-09-23 00:50:17,6606,,7,6641121,12,1327,611,0,0,41,flash,235,2579,6,1,1766775,1241,41,25,0,657,11,3911.8,72.6,304.0,0,False,False,none,none,0,1,,,6639087,0xebb930f8,576,1368,356983,12,0,0,0,2,12
2026-09-23 00:50:47,6636,,7,6671105,12,1333,614,0,0,41,flash,276,2591,6,1,1774350,1243,41,25,0,657,11,3898.9,72.5,304.0,0,False,False,none,none,0,1,,,6669068,0xebb930f8,576,1368,358553,12,0,0,0,2,12
2026-09-23 00:51:17,6666,,7,6701098,12,1339,617,0,0,41,flash,288,2600,6,1,1782878,1245,41,25,0,657,11,3908.1,72.7,304.0,0,False,False,none,none,0,1,,,6699068,0xebb930f8,576,1368,360264,12,0,0,0,2,12
2026-09-23 00:51:47,6696,,7,6731091,12,1345,620,0,0,41,flash,240,2609,6,1,1791394,1247,41,25,0,657,11,3901.7,72.5,304.0,0,False,False,none,none,0,1,,,6729057,0xebb930f8,576,1368,361744,12,0,0,0,2,12
2026-09-23 00:52:17,6726,,7,6761078,12,1351,623,0,0,41,flash,236,2619,6,1,1798642,1249,41,25,0,657,11,3900.7,72.5,304.0,0,False,False,none,none,0,1,,,6759046,0xebb930f8,576,1368,363402,12,0,0,0,2,12
2026-09-23 00:52:47,6756,,7,6791071,12,1357,626,0,0,41,flash,310,2634,6,1,1806437,1251,41,25,0,657,11,3906.7,72.6,304.0,0,False,False,none,none,0,1,,,6789035,0xebb930f8,576,1368,364967,12,0,0,0,2,12
2026-09-23 00:53:17,6786,,7,6821071,12,1363,629,0,0,41,flash,234,2644,6,1,1814477,1253,41,25,0,657,11,3912.7,72.6,304.0,0,False,False,none,none,0,1,,,6819043,0xebb930f8,576,1368,366574,12,0,0,0,2,12
2026-09-23 00:53:47,6816,,7,6851065,12,1369,632,0,0,41,flash,254,2657,6,1,1822129,1255,41,25,0,657,11,3900.5,72.5,304.0,0,False,False,none,none,0,1,,,6849034,0xebb930f8,576,1368,368133,12,0,0,0,2,12
2026-09-23 00:54:17,6846,,7,6881046,12,1375,635,0,0,41,flash,287,2661,6,1,1830741,1257,41,25,0,657,11,3909.3,72.7,304.0,0,False,False,none,none,0,1,,,6879021,0xebb930f8,576,1368,369705,12,0,0,0,2,12
2026-09-23 00:54:47,6876,,7,6911038,12,1381,638,0,0,41,flash,245,2670,6,1,1839241,1259,41,25,0,657,11,3901.0,72.5,304.0,0,False,False,none,none,0,1,,,6909007,0xebb930f8,576,1368,371285,12,0,0,0,2,12
2026-09-23 00:55:17,6906,,7,6941035,12,1387,641,0,0,41,flash,244,2681,6,1,1846499,1261,41,25,0,657,11,3899.3,72.5,304.0,0,False,False,none,none,0,1,,,6938990,0xebb930f8,576,1368,372946,12,0,0,0,2,12
2026-09-23 00:55:47,6936,,7,6971024,12,1393,644,0,0,41,flash,323,2692,6,1,1854355,1263,41,25,0,657,11,3906.7,72.6,304.0,0,False,False,none,none,0,1,,,6968988,0xebb930f8,576,1368,374496,12,0,0,0,2,12
2026-09-23 00:56:17,6966,,7,7001009,12,1399,647,0,0,41,flash,233,2703,6,1,1862442,1265,41,25,0,657,11,3913.3,72.6,304.0,0,False,False,none,none,0,1,,,6998980,0xebb930f8,576,1368,376147,12,0,0,0,2,12
2026-09-23 00:56:47,6996,,7,7031002,12,1405,650,0,0,41,flash,270,2715,6,1,1870006,1267,41,25,0,657,11,3897.3,72.4,304.0,0,False,False,none,none,0,1,,,7028967,0xebb930f8,576,1368,377691,12,0,0,0,2,12
2026-09-23 00:57:17,7026,,7,7060991,12,1411,653,0,0,41,flash,285,2719,6,1,1878478,1269,41,25,0,657,11,3909.6,72.7,304.0,0,False,False,none,none,0,1,,,7058957,0xebb930f8,576,1368,379370,12,0,0,0,2,12
2026-09-23 00:57:47,7056,,7,7090955,12,1417,656,0,0,41,flash,243,2730,6,1,1886902,1271,41,25,0,657,11,3900.4,72.5,304.0,0,False,False,none,none,0,1,,,7088926,0xebb930f8,576,1368,380904,12,0,0,0,2,12
2026-09-23 00:58:17,7086,,7,7120969,12,1423,659,0,0,41,flash,240,2743,6,1,1894219,1273,41,25,0,657,11,3899.9,72.5,304.0,0,False,False,none,none,0,1,,,7118934,0xebb930f8,576,1368,382483,12,0,0,0,2,12
2026-09-23 00:58:47,7116,,7,7150955,12,1429,662,0,0,41,flash,307,2760,6,1,1901984,1275,41,25,0,657,11,3905.6,72.6,304.0,0,False,False,none,none,0,1,,,7148923,0xebb930f8,576,1368,384150,12,0,0,0,2,12
2026-09-23 00:59:17,7146,,7,7180953,13,1435,665,0,0,41,flash,233,2769,6,1,1910041,1277,41,25,0,657,11,3911.7,72.6,304.0,0,False,False,none,none,0,1,,,7178917,0xebb930f8,576,1368,385823,13,0,0,0,2,13
2026-09-23 00:59:47,7176,,7,7210952,13,1441,668,0,0,41,flash,267,2777,6,1,1917548,1279,41,25,0,657,11,3899.1,72.4,304.0,0,False,False,none,none,0,1,,,7208920,0xebb930f8,576,1368,387355,13,0,0,0,2,13
2026-09-23 01:00:17,7206,,7,7240937,13,1447,671,0,0,41,flash,295,2781,6,1,1926117,1281,41,25,0,657,11,3908.6,72.7,304.0,0,False,False,none,none,0,1,,,7238903,0xebb930f8,576,1368,388896,13,0,0,0,2,13
2026-09-23 01:00:47,7236,,7,7270935,13,1453,674,0,0,41,flash,235,2789,6,1,1934521,1283,41,25,0,657,11,3900.7,72.5,304.0,0,False,False,none,none,0,1,,,7268902,0xebb930f8,576,1368,390443,13,0,0,0,2,13
2026-09-23 01:01:17,7266,,7,7300935,13,1459,677,0,0,41,flash,240,2796,6,1,1941764,1285,41,25,0,657,11,3900.2,72.5,304.0,0,False,False,none,none,0,1,,,7298905,0xebb930f8,576,1368,392025,13,0,0,0,2,13
2026-09-23 01:01:47,7297,,7,7330919,14,1465,680,0,0,41,flash,301,2808,7,2,1949451,1287,41,26,0,657,11,3906.2,72.6,304.0,0,False,False,none,none,0,1,,,7328884,0xebb930f8,576,1368,393648,14,0,0,0,3,14
2026-09-23 01:02:17,7327,,7,7360903,14,1471,683,0,0,41,flash,224,2818,8,2,1957490,1289,41,26,0,657,11,3913.5,72.6,304.0,0,False,False,none,none,0,1,,,7358875,0xebb930f8,576,1368,395312,14,0,0,0,3,14
2026-09-23 01:02:47,7357,,7,7390923,14,1477,686,0,0,41,flash,258,2830,8,2,1965155,1291,41,26,0,657,11,3900.6,72.5,304.0,0,False,False,none,none,0,1,,,7388889,0xebb930f8,576,1368,396783,14,0,0,0,3,14
2026-09-23 01:03:17,7387,,7,7420901,14,1483,689,0,0,41,flash,302,2835,8,2,1973757,1293,41,26,0,657,11,3909.1,72.7,304.0,0,False,False,none,none,0,1,,,7418869,0xebb930f8,576,1368,398381,14,0,0,0,3,14
2026-09-23 01:03:47,7417,,7,7450896,14,1489,692,0,0,41,flash,241,2843,8,2,1982240,1295,41,26,0,657,11,3901.1,72.6,304.0,0,False,False,none,none,0,1,,,7448869,0xebb930f8,576,1368,399960,14,0,0,0,3,14
2026-09-23 01:04:17,7447,,7,7480889,14,1495,695,0,0,41,flash,235,2853,8,2,1989489,1297,41,26,0,657,11,3897.8,72.4,304.0,0,False,False,none,none,0,1,,,7478855,0xebb930f8,576,1368,401639,14,0,0,0,3,14
2026-09-23 01:04:47,7477,,7,7510868,14,1501,698,0,0,41,flash,310,2864,8,2,1997308,1299,41,26,0,657,11,3904.9,72.6,304.0,0,False,False,none,none,0,1,,,7508839,0xebb930f8,576,1368,403240,14,0,0,0,3,14
2026-09-23 01:05:17,7507,,7,7540876,14,1507,701,0,0,41,flash,227,2874,8,2,2005392,1301,41,26,0,657,11,3911.2,72.6,304.0,0,False,False,none,none,0,1,,,7538846,0xebb930f8,576,1368,404868,14,0,0,0,3,14
2026-09-23 01:05:47,7537,,7,7570846,14,1513,704,0,0,41,flash,259,2886,8,2,2012951,1303,41,26,0,657,11,3900.2,72.5,304.0,0,False,False,none,none,0,1,,,7568823,0xebb930f8,576,1368,406406,14,0,0,0,3,14
2026-09-23 01:06:17,7567,,7,7600850,14,1519,707,0,0,41,flash,297,2890,8,2,2021410,1305,41,26,0,657,11,3908.0,72.7,304.0,0,False,False,none,none,0,1,,,7598814,0xebb930f8,576,1368,408055,14,0,0,0,3,14
2026-09-23 01:06:47,7597,,7,7630840,14,1525,710,0,0,41,flash,243,2900,8,2,2029857,1307,41,26,0,657,11,3900.2,72.5,304.0,0,False,False,none,none,0,1,,,7628808,0xebb930f8,576,1368,409717,14,0,0,0,3,14
2026-09-23 01:07:17,7627,,7,7660813,14,1531,713,0,0,41,flash,237,2915,8,2,2037097,1309,41,26,0,657,11,3900.4,72.5,304.0,0,False,False,none,none,0,1,,,7658787,0xebb930f8,576,1368,411424,14,0,0,0,3,14
2026-09-23 01:07:47,7657,,7,7690807,14,1537,716,0,0,41,flash,308,2929,8,2,2044929,1311,41,26,0,657,11,3905.1,72.6,304.0,0,False,False,none,none,0,1,,,7688775,0xebb930f8,576,1368,412910,14,0,0,0,3,14
2026-09-23 01:08:17,7687,,7,7720800,14,1543,719,0,0,41,flash,230,2937,8,2,2052971,1313,41,26,0,657,11,3911.2,72.6,304.0,0,False,False,none,none,0,1,,,7718767,0xebb930f8,576,1368,414541,14,0,0,0,3,14
2026-09-23 01:08:47,7717,,7,7750793,14,1549,722,0,0,41,flash,267,2950,8,2,2060538,1315,41,26,0,657,11,3900.7,72.5,304.0,0,False,False,none,none,0,1,,,7748761,0xebb930f8,576,1368,416043,14,0,0,0,3,14
2026-09-23 01:09:17,7747,,7,7780786,14,1555,725,0,0,41,flash,291,2955,8,2,2069052,1317,41,26,0,657,11,3906.2,72.6,304.0,0,False,False,none,none,0,1,,,7778749,0xebb930f8,576,1368,417643,14,0,0,0,3,14
2026-09-23 01:09:47,7777,,7,7810790,14,1561,728,0,0,41,flash,243,2966,8,2,2077440,1319,41,26,0,657,11,3902.6,72.5,304.0,0,False,False,none,none,0,1,,,7808759,0xebb930f8,576,1368,419186,14,0,0,0,3,14
2026-09-23 01:10:17,7807,,7,7840767,14,1567,731,0,0,41,flash,238,2975,8,2,2084666,1321,41,26,0,657,11,3901.1,72.5,304.0,0,False,False,none,none,0,1,,,7838739,0xebb930f8,576,1368,420761,14,0,0,0,3,14
2026-09-23 01:10:47,7837,,7,7870740,14,1573,734,0,0,41,flash,309,2988,8,2,2092422,1323,41,26,0,657,11,3905.3,72.6,304.0,0,False,False,none,none,0,1,,,7868715,0xebb930f8,576,1368,422245,14,0,0,0,3,14
2026-09-23 01:11:17,7867,,7,7900736,14,1579,737,0,0,41,flash,237,3000,8,2,2100604,1325,41,26,0,657,11,3914.0,72.6,304.0,0,False,False,none,none,0,1,,,7898708,0xebb930f8,576,1368,423767,14,0,0,0,3,14
2026-09-23 01:11:47,7897,,7,7930727,14,1585,740,0,0,41,flash,253,3015,8,2,2108191,1327,41,26,0,657,11,3899.0,72.5,304.0,0,False,False,none,none,0,1,,,7928694,0xebb930f8,576,1368,425239,14,0,0,0,3,14
2026-09-23 01:12:17,7927,,7,7960712,14,1591,743,0,0,41,flash,290,3019,8,2,2116743,1329,41,26,0,657,11,3908.1,72.6,304.0,0,False,False,none,none,0,1,,,7958681,0xebb930f8,576,1368,426796,14,0,0,0,3,14
2026-09-23 01:12:47,7957,,7,7990706,14,1597,746,0,0,41,flash,240,3034,8,2,2125138,1331,41,26,0,657,11,3899.8,72.5,304.0,0,False,False,none,none,0,1,,,7988670,0xebb930f8,576,1368,428374,14,0,0,0,3,14
2026-09-23 01:13:17,7987,,7,8020704,14,1603,749,0,0,41,flash,240,3046,8,2,2132416,1333,41,26,0,657,11,3900.6,72.5,304.0,0,False,False,none,none,0,1,,,8018672,0xebb930f8,576,1368,429952,14,0,0,0,3,14
2026-09-23 01:13:47,8017,,7,8050687,14,1609,752,0,0,41,flash,313,3057,8,2,2140189,1335,41,26,0,657,11,3907.6,72.6,304.0,0,False,False,none,none,0,1,,,8048653,0xebb930f8,576,1368,431482,14,0,0,0,3,14
2026-09-23 01:14:17,8047,,7,8080682,14,1615,755,0,0,41,flash,232,3068,8,2,2148239,1337,41,26,0,657,11,3911.7,72.6,304.0,0,False,False,none,none,0,1,,,8078652,0xebb930f8,576,1368,433030,14,0,0,0,3,14
2026-09-23 01:14:47,8077,,7,8110670,14,1621,758,0,0,41,flash,259,3082,8,2,2155709,1339,41,26,0,657,11,3898.0,72.4,304.0,0,False,False,none,none,0,1,,,8108637,0xebb930f8,576,1368,434616,14,0,0,0,3,14
2026-09-23 01:15:17,8107,,7,8140671,14,1627,761,0,0,41,flash,304,3088,8,2,2164144,1341,41,26,0,657,11,3907.7,72.6,304.0,0,False,False,none,none,0,1,,,8138639,0xebb930f8,576,1368,436292,14,0,0,0,3,14
2026-09-23 01:15:47,8137,,7,8170663,14,1633,765,0,0,41,flash,246,3096,8,2,2172558,1343,41,26,0,657,11,3901.1,72.5,304.0,0,False,False,none,none,0,1,,,8168630,0xebb930f8,576,1368,437880,14,0,0,0,3,14
2026-09-23 01:16:17,8167,,7,8200654,14,1639,768,0,0,41,flash,241,3112,8,2,2179775,1345,41,26,0,657,11,3901.4,72.5,304.0,0,False,False,none,none,0,1,,,8198629,0xebb930f8,576,1368,439515,14,0,0,0,3,14
2026-09-23 01:16:47,8197,,7,8230648,14,1645,771,0,0,41,flash,315,3131,8,2,2187516,1347,41,26,0,657,11,3905.1,72.6,304.0,0,False,False,none,none,0,1,,,8228615,0xebb930f8,576,1368,441071,14,0,0,0,3,14
2026-09-23 01:17:17,8227,,7,8260637,15,1651,774,0,0,41,flash,233,3142,8,2,2195465,1349,41,26,0,657,11,3912.6,72.6,304.0,0,False,False,none,none,0,1,,,8258602,0xebb930f8,576,1368,442731,15,0,0,0,3,15
2026-09-23 01:17:47,8257,,7,8290614,15,1657,777,0,0,41,flash,258,3155,8,2,2202975,1351,41,26,0,657,11,3898.7,72.4,304.0,0,False,False,none,none,0,1,,,8288583,0xebb930f8,576,1368,444285,15,0,0,0,3,15
2026-09-23 01:18:17,8287,,7,8320606,15,1663,780,0,0,41,flash,287,3161,8,2,2211331,1353,41,26,0,657,11,3908.7,72.7,304.0,0,False,False,none,none,0,1,,,8318570,0xebb930f8,576,1368,446015,15,0,0,0,3,15
2026-09-23 01:18:47,8317,,7,8350594,15,1669,783,0,0,41,flash,239,3169,8,2,2219689,1355,41,26,0,657,11,3900.1,72.5,304.0,0,False,False,none,none,0,1,,,8348563,0xebb930f8,576,1368,447528,15,0,0,0,3,15
2026-09-23 01:19:17,8347,,7,8380581,15,1675,786,0,0,41,flash,227,3181,8,2,2226835,1357,41,26,0,657,11,3901.9,72.5,304.0,0,False,False,none,none,0,1,,,8378556,0xebb930f8,576,1368,449152,15,0,0,0,3,15
2026-09-23 01:19:47,8377,,7,8410570,15,1681,789,0,0,41,flash,313,3195,8,2,2234593,1359,41,26,0,657,11,3906.2,72.6,304.0,0,False,False,none,none,0,1,,,8408536,0xebb930f8,576,1368,450770,15,0,0,0,3,15
2026-09-23 01:20:17,8407,,7,8440547,15,1687,793,0,0,41,flash,233,3203,8,2,2242735,1361,41,26,0,657,11,3912.8,72.6,304.0,0,False,False,none,none,0,1,,,8438521,0xebb930f8,576,1368,452393,15,0,0,0,3,15
2026-09-23 01:20:47,8437,,7,8470545,15,1693,796,0,0,41,flash,271,3217,8,2,2250325,1363,41,26,0,657,11,3897.8,72.5,304.0,0,False,False,none,none,0,1,,,8468513,0xebb930f8,576,1368,453926,15,0,0,0,3,15
2026-09-23 01:21:17,8467,,7,8500526,15,1699,799,0,0,41,flash,301,3224,8,2,2258843,1365,41,26,0,657,11,3909.5,72.7,304.0,0,False,False,none,none,0,1,,,8498495,0xebb930f8,576,1368,455575,15,0,0,0,3,15
2026-09-23 01:21:47,8497,,7,8530523,15,1705,802,0,0,41,flash,238,3231,8,2,2267269,1367,41,26,0,657,11,3899.7,72.5,304.0,0,False,False,none,none,0,1,,,8528493,0xebb930f8,576,1368,457143,15,0,0,0,3,15
2026-09-23 01:22:17,8527,,7,8560511,15,1711,805,0,0,41,flash,239,3245,8,2,2274510,1369,41,26,0,657,11,3901.2,72.5,304.0,0,False,False,none,none,0,1,,,8558476,0xebb930f8,576,1368,458854,15,0,0,0,3,15
2026-09-23 01:22:47,8557,,7,8590487,15,1717,808,0,0,41,flash,320,3260,8,2,2282239,1371,41,26,0,657,11,3905.9,72.6,304.0,0,False,False,none,none,0,1,,,8588463,0xebb930f8,576,1368,460521,15,0,0,0,3,15
2026-09-23 01:23:17,8587,,7,8620490,15,1723,811,0,0,41,flash,227,3270,8,2,2290302,1373,41,26,0,657,11,3910.2,72.5,304.0,0,False,False,none,none,0,1,,,8618454,0xebb930f8,576,1368,462159,15,0,0,0,3,15
2026-09-23 01:23:47,8617,,7,8650479,15,1729,814,0,0,43,flash,258,3283,9,2,2297760,1376,43,26,0,657,11,3899.2,72.5,304.0,0,False,False,none,none,0,1,,,8648447,0xebb930f8,576,1368,463750,15,0,0,0,3,15
2026-09-23 01:24:17,8647,,7,8680466,15,1735,817,0,0,43,flash,290,3289,9,2,2306314,1378,43,26,0,657,11,3909.3,72.7,304.0,0,False,False,none,none,0,1,,,8678437,0xebb930f8,576,1368,465360,15,0,0,0,3,15
2026-09-23 01:24:47,8677,,7,8710450,15,1741,820,0,0,43,flash,238,3297,9,2,2314744,1380,43,26,0,657,11,3901.5,72.5,304.0,0,False,False,none,none,0,1,,,8708424,0xebb930f8,576,1368,466934,15,0,0,0,3,15
2026-09-23 01:25:17,8707,,7,8740445,15,1747,823,0,0,43,flash,229,3308,9,2,2322012,1382,43,26,0,657,11,3898.4,72.5,304.0,0,False,False,none,none,0,1,,,8738409,0xebb930f8,576,1368,468509,15,0,0,0,3,15
2026-09-23 01:25:47,8737,,7,8770435,15,1753,826,0,0,43,flash,310,3324,9,2,2329721,1384,43,26,0,657,11,3907.1,72.6,304.0,0,False,False,none,none,0,1,,,8768401,0xebb930f8,576,1368,470136,15,0,0,0,3,15
2026-09-23 01:26:17,8767,,7,8800412,15,1759,829,0,0,43,flash,223,3333,9,2,2337765,1386,43,26,0,657,11,3912.2,72.6,304.0,0,False,False,none,none,0,1,,,8798380,0xebb930f8,576,1368,471702,15,0,0,0,3,15
2026-09-23 01:26:47,8797,,7,8830415,15,1765,832,0,0,43,flash,252,3348,9,2,2345233,1388,43,26,0,657,11,3900.0,72.5,304.0,0,False,False,none,none,0,1,,,8828380,0xebb930f8,576,1368,473364,15,0,0,0,3,15
2026-09-23 01:27:17,8827,,7,8860404,15,1771,835,0,0,43,flash,290,3356,9,2,2353648,1390,43,26,0,657,11,3908.8,72.7,304.0,0,False,False,none,none,0,1,,,8858369,0xebb930f8,576,1368,475017,15,0,0,0,3,15
2026-09-23 01:27:47,8857,,7,8890404,15,1777,838,0,0,43,flash,239,3369,9,2,2362005,1392,43,26,0,657,11,3900.6,72.5,304.0,0,False,False,none,none,0,1,,,8888374,0xebb930f8,576,1368,476560,15,0,0,0,3,15
2026-09-23 01:28:17,8887,,7,8920401,15,1783,841,0,0,43,flash,237,3380,9,2,2369180,1394,43,26,0,657,11,3901.2,72.5,304.0,0,False,False,none,none,0,1,,,8918370,0xebb930f8,576,1368,478205,15,0,0,0,3,15
2026-09-23 01:28:47,8917,,7,8950396,15,1789,844,0,0,43,flash,325,3399,9,2,2377046,1396,43,26,0,657,11,3906.1,72.6,304.0,0,False,False,none,none,0,1,,,8948366,0xebb930f8,576,1368,479635,15,0,0,0,3,15
2026-09-23 01:29:17,8947,,7,8980388,15,1795,847,0,0,43,flash,229,3409,9,2,2385127,1398,43,26,0,657,11,3914.0,72.6,304.0,0,False,False,none,none,0,1,,,8978355,0xebb930f8,576,1368,481225,15,0,0,0,3,15
2026-09-23 01:29:47,8977,,7,9010392,15,1801,850,0,0,43,flash,250,3425,9,2,2392674,1400,43,26,0,657,11,3900.3,72.5,304.0,0,False,False,none,none,0,1,,,9008351,0xebb930f8,576,1368,482768,15,0,0,0,3,15
2026-09-23 01:30:17,9007,,7,9040361,15,1807,853,0,0,43,flash,296,3435,9,2,2401099,1402,43,26,0,657,11,3908.1,72.7,304.0,0,False,False,none,none,0,1,,,9038331,0xebb930f8,576,1368,484412,15,0,0,0,3,15
2026-09-23 01:30:47,9037,,7,9070353,15,1813,856,0,0,43,flash,243,3450,9,2,2409470,1404,43,26,0,657,11,3900.7,72.5,304.0,0,False,False,none,none,0,1,,,9068319,0xebb930f8,576,1368,486054,15,0,0,0,3,15
2026-09-23 01:31:17,9067,,7,9100345,15,1819,859,0,0,43,flash,239,3464,9,2,2416673,1406,43,26,0,657,11,3901.7,72.5,304.0,0,False,False,none,none,0,1,,,9098310,0xebb930f8,576,1368,487716,15,0,0,0,3,15
2026-09-23 01:31:47,9097,,7,9130341,15,1825,862,0,0,43,flash,311,3481,9,2,2424402,1408,43,26,0,657,11,3906.2,72.6,304.0,0,False,False,none,none,0,1,,,9128305,0xebb930f8,576,1368,489256,15,0,0,0,3,15
2026-09-23 01:32:17,9127,,7,9160315,16,1831,865,0,0,43,flash,233,3493,9,2,2432398,1410,43,26,0,657,11,3912.9,72.6,304.0,0,False,False,none,none,0,1,,,9158286,0xebb930f8,576,1368,490826,16,0,0,0,3,16
2026-09-23 01:32:47,9157,,7,9190305,16,1837,868,0,0,43,flash,264,3509,9,2,2439876,1412,43,26,0,657,11,3898.9,72.5,304.0,0,False,False,none,none,0,1,,,9188280,0xebb930f8,576,1368,492400,16,0,0,0,3,16
2026-09-23 01:33:17,9187,,7,9220302,16,1843,871,0,0,43,flash,292,3519,9,2,2448343,1414,43,26,0,657,11,3907.1,72.7,304.0,0,False,False,none,none,0,1,,,9218274,0xebb930f8,576,1368,494030,16,0,0,0,3,16
2026-09-23 01:33:47,9217,,7,9250299,16,1849,874,0,0,43,flash,235,3532,9,2,2456643,1416,43,26,0,657,11,3901.0,72.6,304.0,0,False,False,none,none,0,1,,,9248268,0xebb930f8,576,1368,495729,16,0,0,0,3,16
2026-09-23 01:34:17,9247,,7,9280290,16,1855,877,0,0,43,flash,233,3543,9,2,2463808,1418,43,26,0,657,11,3900.3,72.5,304.0,0,False,False,none,none,0,1,,,9278254,0xebb930f8,576,1368,497428,16,0,0,0,3,16
2026-09-23 01:34:47,9277,,7,9310280,16,1861,880,0,0,43,flash,324,3557,9,2,2471423,1420,43,26,0,657,11,3905.2,72.6,304.0,0,False,False,none,none,0,1,,,9308246,0xebb930f8,576,1368,499101,16,0,0,0,3,16
2026-09-23 01:35:17,9307,,7,9340257,16,1867,883,0,0,43,flash,226,3568,9,2,2479408,1422,43,26,0,657,11,3911.9,72.6,304.0,0,False,False,none,none,0,1,,,9338223,0xebb930f8,576,1368,500806,16,0,0,0,3,16
2026-09-23 01:35:47,9337,,7,9370234,16,1873,886,0,0,43,flash,262,3579,9,2,2486869,1424,43,26,0,657,11,3899.1,72.5,304.0,0,False,False,none,none,0,1,,,9368202,0xebb930f8,576,1368,502296,16,0,0,0,3,16
2026-09-23 01:36:17,9367,,7,9400236,16,1879,889,0,0,43,flash,295,3584,9,2,2495225,1426,43,26,0,657,11,3906.8,72.6,304.0,0,False,False,none,none,0,1,,,9398200,0xebb930f8,576,1368,503953,16,0,0,0,3,16
2026-09-23 01:36:47,9397,,7,9430217,16,1885,891,0,0,43,flash,232,3592,9,2,2503465,1428,43,26,0,657,11,3900.3,72.5,304.0,0,False,False,none,none,0,1,,,9428185,0xebb930f8,576,1368,505572,16,0,0,0,3,16
2026-09-23 01:37:17,9427,,7,9460219,16,1890,894,0,0,43,flash,234,3602,9,2,2510688,1430,43,26,0,657,11,3899.7,72.5,304.0,0,False,False,none,none,0,1,,,9458182,0xebb930f8,576,1368,507237,16,0,0,0,3,16
2026-09-23 01:37:47,9457,,7,9490209,16,1896,897,0,0,43,flash,310,3615,9,2,2518454,1432,43,26,0,657,11,3907.8,72.6,304.0,0,False,False,none,none,0,1,,,9488177,0xebb930f8,576,1368,508816,16,0,0,0,3,16
2026-09-23 01:38:17,9487,,7,9520222,16,1902,900,0,0,43,flash,219,3623,9,2,2526475,1434,43,26,0,657,11,3912.6,72.6,304.0,0,False,False,none,none,0,1,,,9518189,0xebb930f8,576,1368,510548,16,0,0,0,3,16
2026-09-23 01:38:47,9517,,7,9550210,16,1908,904,0,0,43,flash,254,3636,9,2,2533970,1436,43,26,0,657,11,3897.9,72.4,304.0,0,False,False,none,none,0,1,,,9548184,0xebb930f8,576,1368,512141,16,0,0,0,3,16
2026-09-23 01:39:18,9547,,7,9580220,16,1914,907,0,0,43,flash,292,3644,9,2,2542435,1438,43,26,0,657,11,3907.7,72.6,304.0,0,False,False,none,none,0,1,,,9578183,0xebb930f8,576,1368,513747,16,0,0,0,3,16
2026-09-23 01:39:48,9577,,7,9610212,16,1920,910,0,0,43,flash,233,3655,9,2,2550802,1440,43,26,0,657,11,3898.7,72.5,304.0,0,False,False,none,none,0,1,,,9608182,0xebb930f8,576,1368,515402,16,0,0,0,3,16
2026-09-23 01:40:18,9607,,7,9640196,16,1926,913,0,0,43,flash,234,3665,9,2,2557988,1442,43,26,0,657,11,3900.7,72.5,304.0,0,False,False,none,none,0,1,,,9638164,0xebb930f8,576,1368,517045,16,0,0,0,3,16
2026-09-23 01:40:48,9637,,7,9670194,16,1932,916,0,0,43,flash,306,3678,9,2,2565700,1444,43,26,0,657,11,3905.2,72.6,304.0,0,False,False,none,none,0,1,,,9668161,0xebb930f8,576,1368,518587,16,0,0,0,3,16
2026-09-23 01:41:18,9667,,7,9700170,16,1938,919,0,0,43,flash,228,3688,9,2,2573641,1446,43,26,0,657,11,3910.9,72.6,304.0,0,False,False,none,none,0,1,,,9698144,0xebb930f8,576,1368,520253,16,0,0,0,3,16
2026-09-23 01:41:48,9697,,7,9730186,16,1944,922,0,0,43,flash,267,3703,9,2,2581170,1448,43,26,0,657,11,3899.6,72.5,304.0,0,False,False,none,none,0,1,,,9728157,0xebb930f8,576,1368,521808,16,0,0,0,3,16
2026-09-23 01:42:18,9727,,7,9760177,16,1950,925,0,0,43,flash,299,3709,9,2,2589607,1450,43,26,0,657,11,3908.7,72.7,304.0,0,False,False,none,none,0,1,,,9758144,0xebb930f8,576,1368,523434,16,0,0,0,3,16
2026-09-23 01:42:48,9757,,7,9790167,16,1956,928,0,0,43,flash,246,3722,9,2,2597984,1452,43,26,0,657,11,3901.0,72.5,304.0,0,False,False,none,none,0,1,,,9788135,0xebb930f8,576,1368,524979,16,0,0,0,3,16
2026-09-23 01:43:18,9787,,7,9820164,16,1962,931,0,0,43,flash,242,3732,9,2,2605137,1454,43,26,0,657,11,3899.3,72.5,304.0,0,False,False,none,none,0,1,,,9818127,0xebb930f8,576,1368,526657,16,0,0,0,3,16
2026-09-23 01:43:48,9817,,7,9850151,16,1968,934,0,0,43,flash,325,3748,9,2,2612826,1456,43,26,0,657,11,3905.6,72.6,304.0,0,False,False,none,none,0,1,,,9848118,0xebb930f8,576,1368,528250,16,0,0,0,3,16
2026-09-23 01:44:18,9847,,7,9880136,16,1974,937,0,0,43,flash,223,3759,9,2,2620778,1458,43,26,0,657,11,3912.5,72.6,304.0,0,False,False,none,none,0,1,,,9878107,0xebb930f8,576,1368,529976,16,0,0,0,3,16
2026-09-23 01:44:48,9877,,7,9910131,16,1980,940,0,0,43,flash,256,3771,10,2,2628202,1460,43,26,0,657,11,3899.2,72.5,304.0,0,False,False,none,none,0,1,,,9908097,0xebb930f8,576,1368,531528,16,0,0,0,3,16
2026-09-23 01:45:18,9907,,7,9940114,16,1986,944,0,0,43,flash,282,3777,10,2,2636554,1462,43,26,0,657,11,3908.2,72.7,304.0,0,False,False,none,none,0,1,,,9938092,0xebb930f8,576,1368,533142,16,0,0,0,3,16
2026-09-23 01:45:48,9937,,7,9970100,18,1992,947,0,0,43,flash,238,3788,10,2,2644776,1464,43,26,0,657,11,3900.0,72.5,304.0,0,False,False,none,none,0,1,,,9968072,0xebb930f8,576,1368,534782,18,0,0,0,3,18
2026-09-23 01:46:18,9967,,7,10000101,18,1998,950,0,0,43,flash,237,3796,10,2,2651996,1466,43,26,0,657,11,3898.7,72.5,304.0,0,False,False,none,none,0,1,,,9998072,0xebb930f8,576,1368,536445,18,0,0,0,3,18
2026-09-23 01:46:48,9997,,7,10030088,18,2004,953,0,0,43,flash,292,3810,10,2,2659694,1468,43,26,0,657,11,3906.2,72.6,304.0,0,False,False,none,none,0,1,,,10028054,0xebb930f8,576,1368,537996,18,0,0,0,3,18
2026-09-23 01:47:18,10027,,7,10060073,18,2010,956,0,0,43,flash,217,3821,10,2,2667678,1470,43,26,0,657,11,3911.4,72.6,304.0,0,False,False,none,none,0,1,,,10058047,0xebb930f8,576,1368,539731,18,0,0,0,3,18
2026-09-23 01:47:48,10057,,7,10090061,18,2016,959,0,0,43,flash,252,3831,10,2,2675112,1472,43,26,0,657,11,3900.3,72.5,304.0,0,False,False,none,none,0,1,,,10088023,0xebb930f8,576,1368,541284,18,0,0,0,3,18
2026-09-23 01:48:18,10087,,7,10120050,18,2022,962,0,0,43,flash,279,3838,10,2,2683512,1474,43,26,0,657,11,3907.3,72.6,304.0,0,False,False,none,none,0,1,,,10118012,0xebb930f8,576,1368,542950,18,0,0,0,3,18
2026-09-23 01:48:48,10117,,7,10150040,18,2028,965,0,0,43,flash,236,3848,10,2,2691809,1476,43,26,0,657,11,3902.1,72.5,304.0,0,False,False,none,none,0,1,,,10148007,0xebb930f8,576,1368,544590,18,0,0,0,3,18
2026-09-23 01:49:18,10147,,7,10180028,18,2034,968,0,0,43,flash,237,3860,10,2,2698934,1478,43,26,0,657,11,3901.0,72.5,304.0,0,False,False,none,none,0,1,,,10177997,0xebb930f8,576,1368,546302,18,0,0,0,3,18
2026-09-23 01:49:48,10177,,7,10210025,18,2040,971,0,0,43,flash,302,3872,10,2,2706540,1480,43,26,0,657,11,3906.9,72.6,304.0,0,False,False,none,none,0,1,,,10207989,0xebb930f8,576,1368,547902,18,0,0,0,3,18
2026-09-23 01:50:18,10207,,7,10240016,18,2046,974,0,0,43,flash,234,3884,10,2,2714468,1482,43,26,0,657,11,3912.5,72.6,304.0,0,False,False,none,none,0,1,,,10237987,0xebb930f8,576,1368,549566,18,0,0,0,3,18
2026-09-23 01:50:48,10237,,7,10269991,18,2052,977,0,0,43,flash,268,3901,10,2,2721952,1484,43,26,0,657,11,3899.0,72.5,304.0,0,False,False,none,none,0,1,,,10267962,0xebb930f8,576,1368,551046,18,0,0,0,3,18
2026-09-23 01:51:18,10267,,7,10299999,18,2058,980,0,0,43,flash,286,3907,10,2,2730251,1486,43,26,0,657,11,3908.2,72.7,304.0,0,False,False,none,none,0,1,,,10297963,0xebb930f8,576,1368,552823,18,0,0,0,3,18
2026-09-23 01:51:48,10297,,7,10329975,18,2064,983,0,0,43,flash,235,3919,10,2,2738473,1488,43,26,0,657,11,3901.8,72.5,304.0,0,False,False,none,none,0,1,,,10327943,0xebb930f8,576,1368,554548,18,0,0,0,3,18
2026-09-23 01:52:18,10327,,7,10359975,18,2070,986,0,0,43,flash,236,3930,10,2,2745580,1490,43,26,0,657,11,3899.4,72.5,304.0,0,False,False,none,none,0,1,,,10357940,0xebb930f8,576,1368,556204,18,0,0,0,3,18
2026-09-23 01:52:48,10357,,7,10389970,18,2076,989,0,0,43,flash,307,3947,10,2,2753245,1492,43,26,0,657,11,3905.6,72.6,304.0,0,False,False,none,none,0,1,,,10387939,0xebb930f8,576,1368,557703,18,0,0,0,3,18
2026-09-23 01:53:18,10387,,7,10419947,18,2082,992,0,0,43,flash,227,3959,10,2,2761168,1494,43,26,0,657,11,3912.8,72.7,304.0,0,False,False,none,none,0,1,,,10417922,0xebb930f8,576,1368,559335,18,0,0,0,3,18
2026-09-23 01:53:48,10417,,7,10449945,18,2088,995,0,0,43,flash,262,3968,10,2,2768539,1496,43,26,0,657,11,3899.8,72.5,304.0,0,False,False,none,none,0,1,,,10447910,0xebb930f8,576,1368,560933,18,0,0,0,3,18
2026-09-23 01:54:18,10447,,7,10479950,18,2094,998,0,0,43,flash,283,3974,10,2,2776786,1498,43,26,0,657,11,3907.7,72.7,304.0,0,False,False,none,none,0,1,,,10477914,0xebb930f8,576,1368,562594,18,0,0,0,3,18
2026-09-23 01:54:48,10477,,7,10509929,18,2100,1001,0,0,43,flash,247,3986,10,2,2785177,1500,43,26,0,657,11,3899.8,72.5,304.0,0,False,False,none,none,0,1,,,10507899,0xebb930f8,576,1368,564188,18,0,0,0,3,18
2026-09-23 01:55:18,10507,,7,10539927,18,2106,1004,0,0,43,flash,235,3992,10,2,2792421,1502,43,26,0,657,11,3901.7,72.5,304.0,0,False,False,none,none,0,1,,,10537893,0xebb930f8,576,1368,565853,18,0,0,0,3,18
2026-09-23 01:55:48,10537,,7,10569914,18,2112,1007,0,0,43,flash,301,4004,10,2,2800164,1504,43,26,0,657,11,3905.3,72.6,304.0,0,False,False,none,none,0,1,,,10567878,0xebb930f8,576,1368,567422,18,0,0,0,3,18
2026-09-23 01:56:18,10567,,7,10599909,18,2118,1010,0,0,43,flash,222,4014,10,2,2808211,1506,43,26,0,657,11,3912.0,72.6,304.0,0,False,False,none,none,0,1,,,10597876,0xebb930f8,576,1368,569055,18,0,0,0,3,18
2026-09-23 01:56:48,10597,,7,10629885,18,2124,1013,0,0,43,flash,269,4027,10,2,2815710,1508,43,26,0,657,11,3900.0,72.5,304.0,0,False,False,none,none,0,1,,,10627859,0xebb930f8,576,1368,570602,18,0,0,0,3,18
2026-09-23 01:57:18,10627,,7,10659886,18,2130,1016,0,0,43,flash,278,4030,10,2,2824123,1510,43,26,0,657,11,3908.2,72.7,304.0,0,False,False,none,none,0,1,,,10657849,0xebb930f8,576,1368,572338,18,0,0,0,3,18
2026-09-23 01:57:48,10657,,7,10689857,18,2136,1019,0,0,43,flash,241,4040,10,2,2832434,1512,43,26,0,657,11,3901.5,72.6,304.0,0,False,False,none,none,0,1,,,10687828,0xebb930f8,576,1368,574027,18,0,0,0,3,18
2026-09-23 01:58:18,10687,,7,10719859,18,2142,1022,0,0,43,flash,253,4053,10,2,2839632,1514,43,26,0,657,11,3899.8,72.5,304.0,0,False,False,none,none,0,1,,,10717826,0xebb930f8,576,1368,575643,18,0,0,0,3,18
2026-09-23 01:58:48,10717,,7,10749850,18,2148,1025,0,0,43,flash,305,4069,10,2,2847295,1516,43,26,0,657,11,3906.2,72.6,304.0,0,False,False,none,none,0,1,,,10747812,0xebb930f8,576,1368,577139,18,0,0,0,3,18
2026-09-23 01:59:18,10747,,7,10779838,18,2154,1028,0,0,43,flash,225,4079,10,2,2855400,1518,43,26,0,657,11,3912.6,72.7,304.0,0,False,False,none,none,0,1,,,10777805,0xebb930f8,576,1368,578762,18,0,0,0,3,18
2026-09-23 01:59:48,10777,,7,10809827,18,2160,1031,0,0,43,flash,262,4093,10,2,2862873,1520,43,26,0,657,11,3899.0,72.5,304.0,0,False,False,none,none,0,1,,,10807798,0xebb930f8,576,1368,580349,18,0,0,0,3,18
2026-09-23 02:00:18,10807,,7,10839814,18,2166,1034,0,0,43,flash,292,4101,10,2,2871303,1522,43,26,0,657,11,3910.9,72.8,304.0,0,False,False,none,none,0,1,,,10837784,0xebb930f8,576,1368,581967,18,0,0,0,3,18
2026-09-23 02:00:48,10837,,7,10869803,19,2172,1037,0,0,43,flash,239,4115,10,2,2879603,1524,43,26,0,657,11,3899.1,72.5,304.0,0,False,False,none,none,0,1,,,10867772,0xebb930f8,576,1368,583607,19,0,0,0,3,19
2026-09-23 02:01:18,10867,,7,10899789,19,2178,1040,0,0,43,flash,248,4128,10,2,2886766,1526,43,26,0,657,11,3901.2,72.5,304.0,0,False,False,none,none,0,1,,,10897752,0xebb930f8,576,1368,585281,19,0,0,0,3,19
2026-09-23 02:01:48,10897,,7,10929787,19,2184,1043,0,0,43,flash,312,4145,10,2,2894454,1528,43,26,0,657,11,3906.2,72.6,304.0,0,False,False,none,none,0,1,,,10927752,0xebb930f8,576,1368,586809,19,0,0,0,3,19
2026-09-23 02:02:18,10927,,7,10959759,19,2190,1046,0,0,43,flash,229,4155,10,2,2902436,1530,43,26,0,657,11,3912.4,72.6,304.0,0,False,False,none,none,0,1,,,10957733,0xebb930f8,576,1368,588394,19,0,0,0,3,19
2026-09-23 02:02:48,10957,,7,10989777,19,2196,1049,0,0,43,flash,254,4167,10,2,2909884,1532,43,26,0,657,11,3900.4,72.5,304.0,0,False,False,none,none,0,1,,,10987741,0xebb930f8,576,1368,589874,19,0,0,0,3,19
2026-09-23 02:03:18,10987,,7,11019753,19,2202,1052,0,0,43,flash,297,4172,10,2,2918247,1534,43,26,0,657,11,3906.9,72.6,304.0,0,False,False,none,none,0,1,,,11017728,0xebb930f8,576,1368,591465,19,0,0,0,3,19
2026-09-23 02:03:48,11017,,7,11049732,19,2208,1055,0,0,43,flash,241,4181,10,2,2926631,1536,43,26,0,657,11,3901.8,72.6,304.0,0,False,False,none,none,0,1,,,11047710,0xebb930f8,576,1368,593107,19,0,0,0,3,19
2026-09-23 02:04:18,11047,,7,11079734,19,2214,1058,0,0,43,flash,234,4192,10,2,2933835,1538,43,26,0,657,11,3900.5,72.5,304.0,0,False,False,none,none,0,1,,,11077707,0xebb930f8,576,1368,594718,19,0,0,0,3,19
2026-09-23 02:04:48,11077,,7,11109709,19,2220,1061,0,0,43,flash,309,4206,10,2,2941495,1540,43,26,0,657,11,3905.8,72.6,304.0,0,False,False,none,none,0,1,,,11107681,0xebb930f8,576,1368,596340,19,0,0,0,3,19
2026-09-23 02:05:18,11107,,7,11139705,19,2226,1064,0,0,43,flash,227,4213,10,2,2949467,1542,43,26,0,657,11,3911.5,72.6,304.0,0,False,False,none,none,0,1,,,11137672,0xebb930f8,576,1368,598009,19,0,0,0,3,19
2026-09-23 02:05:48,11137,,7,11169698,19,2232,1067,0,0,43,flash,259,4224,11,2,2956922,1544,43,26,0,657,11,3901.5,72.5,304.0,0,False,False,none,none,0,1,,,11167666,0xebb930f8,576,1368,599589,19,0,0,0,3,19
2026-09-23 02:06:18,11167,,7,11199687,19,2238,1070,0,0,43,flash,291,4230,11,2,2965268,1546,43,26,0,657,11,3909.6,72.7,304.0,0,False,False,none,none,0,1,,,11197652,0xebb930f8,576,1368,601271,19,0,0,0,3,19
2026-09-23 02:06:48,11197,,7,11229684,19,2244,1073,0,0,43,flash,238,4241,11,2,2973562,1548,43,26,0,657,11,3900.2,72.5,304.0,0,False,False,none,none,0,1,,,11227647,0xebb930f8,576,1368,602898,19,0,0,0,3,19
2026-09-23 02:07:18,11227,,7,11259663,19,2250,1076,0,0,43,flash,235,4254,11,2,2980650,1550,43,26,0,657,11,3900.8,72.5,304.0,0,False,False,none,none,0,1,,,11257627,0xebb930f8,576,1368,604628,19,0,0,0,3,19
2026-09-23 02:07:48,11257,,7,11289656,19,2256,1079,0,0,43,flash,305,4267,11,2,2988267,1552,43,26,0,657,11,3905.0,72.6,304.0,0,False,False,none,none,0,1,,,11287626,0xebb930f8,576,1368,606276,19,0,0,0,3,19
2026-09-23 02:08:18,11287,,7,11319646,19,2262,1082,0,0,43,flash,221,4278,11,2,2996270,1554,43,26,0,657,11,3911.9,72.6,304.0,0,False,False,none,none,0,1,,,11317619,0xebb930f8,576,1368,607942,19,0,0,0,3,19
2026-09-23 02:08:48,11318,,7,11349639,19,2268,1085,0,0,43,flash,258,4292,11,2,3003688,1556,43,26,0,657,11,3899.0,72.5,304.0,0,False,False,none,none,0,1,,,11347606,0xebb930f8,576,1368,609509,19,0,0,0,3,19
2026-09-23 02:09:18,11348,,7,11379629,19,2274,1088,0,0,43,flash,291,4296,11,2,3011991,1558,43,26,0,657,11,3909.3,72.7,304.0,0,False,False,none,none,0,1,,,11377599,0xebb930f8,576,1368,611216,19,0,0,0,3,19
2026-09-23 02:09:48,11378,,7,11409623,19,2280,1091,0,0,43,flash,239,4306,11,2,3020230,1560,43,26,0,657,11,3901.4,72.5,304.0,0,False,False,none,none,0,1,,,11407592,0xebb930f8,576,1368,612827,19,0,0,0,3,19
2026-09-23 02:10:18,11408,,7,11439623,19,2286,1094,0,0,43,flash,248,4316,11,2,3027383,1562,43,26,0,657,11,3901.1,72.5,304.0,0,False,False,none,none,0,1,,,11437592,0xebb930f8,576,1368,614460,19,0,0,0,3,19
2026-09-23 02:10:48,11438,,7,11469613,19,2292,1097,0,0,43,flash,299,4329,11,2,3034926,1564,43,26,0,657,11,3908.4,72.7,304.0,0,False,False,none,none,0,1,,,11467585,0xebb930f8,576,1368,616140,19,0,0,0,3,19
2026-09-23 02:11:18,11468,,7,11499611,19,2298,1100,0,0,43,flash,233,4337,11,2,3042833,1566,43,26,0,657,11,3909.9,72.6,304.0,0,False,False,none,none,0,1,,,11497571,0xebb930f8,576,1368,617824,19,0,0,0,3,19
2026-09-23 02:11:48,11498,,7,11529603,19,2304,1103,0,0,43,flash,265,4349,11,2,3050184,1568,43,26,0,657,11,3899.7,72.5,304.0,0,False,False,none,none,0,1,,,11527573,0xebb930f8,576,1368,619354,19,0,0,0,3,19
2026-09-23 02:12:18,11528,,7,11559590,19,2310,1106,0,0,43,flash,289,4352,11,2,3058621,1570,43,26,0,657,11,3909.4,72.7,304.0,0,False,False,none,none,0,1,,,11557559,0xebb930f8,576,1368,620969,19,0,0,0,3,19
2026-09-23 02:12:48,11558,,7,11589582,19,2316,1109,0,0,43,flash,239,4361,11,2,3067027,1572,43,26,0,657,11,3900.7,72.5,304.0,0,False,False,none,none,0,1,,,11587542,0xebb930f8,576,1368,622523,19,0,0,0,3,19
2026-09-23 02:13:18,11588,,7,11619572,19,2322,1112,0,0,43,flash,236,4375,11,2,3074232,1574,43,26,0,657,11,3899.5,72.5,304.0,0,False,False,none,none,0,1,,,11617542,0xebb930f8,576,1368,624143,19,0,0,0,3,19
2026-09-23 02:13:48,11618,,7,11649570,19,2328,1115,0,0,43,flash,295,4386,11,2,3081901,1576,43,26,0,657,11,3904.7,72.6,304.0,0,False,False,none,none,0,1,,,11647534,0xebb930f8,576,1368,625706,19,0,0,0,3,19
2026-09-23 02:14:18,11648,,7,11679563,19,2334,1118,0,0,43,flash,223,4399,11,2,3089883,1578,43,26,0,657,11,3912.1,72.6,304.0,0,False,False,none,none,0,1,,,11677534,0xebb930f8,576,1368,627367,19,0,0,0,3,19
2026-09-23 02:14:48,11678,,7,11709568,19,2340,1121,0,0,43,flash,244,4411,11,2,3097260,1580,43,26,0,657,11,3899.7,72.5,304.0,0,False,False,none,none,0,1,,,11707535,0xebb930f8,576,1368,629123,19,0,0,0,3,19
2026-09-23 02:15:18,11708,,7,11739558,19,2346,1124,0,0,43,flash,294,4418,11,2,3105604,1582,43,26,0,657,11,3909.6,72.7,304.0,0,False,False,none,none,0,1,,,11737523,0xebb930f8,576,1368,630846,19,0,0,0,3,19
2026-09-23 02:15:48,11738,,7,11769543,19,2352,1127,0,0,43,flash,240,4431,11,2,3114003,1584,43,26,0,657,11,3900.3,72.5,304.0,0,False,False,none,none,0,1,,,11767511,0xebb930f8,576,1368,632443,19,0,0,0,3,19
2026-09-23 02:16:18,11768,,7,11799541,19,2358,1130,0,0,43,flash,236,4445,11,2,3121178,1586,43,26,0,657,11,3899.2,72.5,304.0,0,False,False,none,none,0,1,,,11797511,0xebb930f8,576,1368,634114,19,0,0,0,3,19
2026-09-23 02:16:48,11798,,7,11829532,19,2364,1133,0,0,43,flash,306,4457,11,2,3128963,1588,43,26,0,657,11,3905.6,72.6,304.0,0,False,False,none,none,0,1,,,11827499,0xebb930f8,576,1368,635660,19,0,0,0,3,19
2026-09-23 02:17:18,11828,,7,11859533,19,2370,1135,0,0,43,flash,234,4471,11,2,3137028,1590,43,26,0,657,11,3911.6,72.6,304.0,0,False,False,none,none,0,1,,,11857503,0xebb930f8,576,1368,637379,19,0,0,0,3,19
2026-09-23 02:17:48,11858,,7,11889527,19,2376,1138,0,0,43,flash,257,4483,11,2,3144552,1592,43,26,0,657,11,3899.6,72.5,304.0,0,False,False,none,none,0,1,,,11887501,0xebb930f8,576,1368,638912,19,0,0,0,3,19
2026-09-23 02:18:18,11888,,7,11919508,19,2382,1141,0,0,43,flash,296,4487,11,2,3152965,1594,43,26,0,657,11,3909.6,72.7,304.0,0,False,False,none,none,0,1,,,11917478,0xebb930f8,576,1368,640554,19,0,0,0,3,19
2026-09-23 02:18:48,11918,,7,11949490,19,2388,1144,0,0,43,flash,240,4496,11,2,3161359,1596,43,26,0,657,11,3899.2,72.5,304.0,0,False,False,none,none,0,1,,,11947459,0xebb930f8,576,1368,642138,19,0,0,0,3,19
2026-09-23 02:19:18,11948,,7,11979486,19,2394,1147,0,0,43,flash,238,4512,11,2,3168585,1598,43,26,0,657,11,3901.2,72.5,304.0,0,False,False,none,none,0,1,,,11977454,0xebb930f8,576,1368,643723,19,0,0,0,3,19
2026-09-23 02:19:48,11978,,7,12009482,19,2400,1150,0,0,43,flash,311,4522,11,2,3176230,1600,43,26,0,657,11,3906.3,72.6,304.0,0,False,False,none,none,0,1,,,12007439,0xebb930f8,576,1368,645380,19,0,0,0,3,19
2026-09-23 02:20:18,12008,,7,12039455,19,2406,1154,0,0,43,flash,233,4532,11,2,3184204,1602,43,26,0,657,11,3911.7,72.6,304.0,0,False,False,none,none,0,1,,,12037421,0xebb930f8,576,1368,647074,19,0,0,0,3,19
2026-09-23 02:20:48,12038,,7,12069445,19,2412,1157,0,0,43,flash,265,4548,11,2,3191611,1604,43,26,0,657,11,3898.3,72.4,304.0,0,False,False,none,none,0,1,,,12067415,0xebb930f8,576,1368,648758,19,0,0,0,3,19
2026-09-23 02:21:18,12068,,7,12099428,19,2418,1160,0,0,43,flash,302,4554,11,2,3200105,1606,43,26,0,657,11,3906.7,72.6,304.0,0,False,False,none,none,0,1,,,12097396,0xebb930f8,576,1368,650409,19,0,0,0,3,19
2026-09-23 02:21:48,12098,,7,12129410,19,2424,1163,0,0,43,flash,252,4563,11,2,3208558,1608,43,26,0,657,11,3900.4,72.5,304.0,0,False,False,none,none,0,1,,,12127383,0xebb930f8,576,1368,651909,19,0,0,0,3,19
2026-09-23 02:22:18,12128,,7,12159402,19,2430,1166,0,0,43,flash,232,4576,11,2,3215709,1610,43,26,0,657,11,3900.6,72.5,304.0,0,False,False,none,none,0,1,,,12157373,0xebb930f8,576,1368,653733,19,0,0,0,3,19
2026-09-23 02:22:48,12158,,7,12189393,19,2436,1169,0,0,43,flash,308,4590,11,2,3223389,1612,43,26,0,657,11,3905.7,72.6,304.0,0,False,False,none,none,0,1,,,12187358,0xebb930f8,576,1368,655293,19,0,0,0,3,19
2026-09-23 02:23:18,12188,,7,12219400,19,2442,1172,0,0,43,flash,232,4599,11,2,3231434,1614,43,26,0,657,11,3912.2,72.6,304.0,0,False,False,none,none,0,1,,,12217358,0xebb930f8,576,1368,657027,19,0,0,0,3,19
2026-09-23 02:23:48,12218,,7,12249378,19,2448,1177,0,0,43,flash,254,4613,11,2,3238897,1616,43,26,0,657,11,3898.9,72.5,304.0,0,False,False,none,none,0,1,,,12247341,0xebb930f8,576,1368,658589,19,0,0,0,3,19
2026-09-23 02:24:18,12248,,7,12279356,19,2454,1180,0,0,43,flash,291,4620,11,2,3247284,1618,43,26,0,657,11,3907.6,72.6,304.0,0,False,False,none,none,0,1,,,12277323,0xebb930f8,576,1368,660253,19,0,0,0,3,19
2026-09-23 02:24:48,12278,,7,12309347,19,2460,1183,0,0,43,flash,235,4630,11,2,3255615,1620,43,26,0,657,11,3901.0,72.5,304.0,0,False,False,none,none,0,1,,,12307315,0xebb930f8,576,1368,661832,19,0,0,0,3,19
2026-09-23 02:25:18,12308,,7,12339340,19,2466,1186,0,0,43,flash,243,4643,11,2,3262788,1622,43,26,0,657,11,3901.7,72.5,304.0,0,False,False,none,none,0,1,,,12337308,0xebb930f8,576,1368,663514,19,0,0,0,3,19
2026-09-23 02:25:48,12338,,7,12369331,19,2472,1189,0,0,43,flash,313,4656,11,2,3270467,1624,43,26,0,657,11,3907.0,72.6,304.0,0,False,False,none,none,0,1,,,12367300,0xebb930f8,576,1368,665146,19,0,0,0,3,19
2026-09-23 02:26:18,12368,,7,12399322,19,2478,1192,0,0,43,flash,231,4666,11,2,3278476,1626,43,26,0,657,11,3911.1,72.6,304.0,0,False,False,none,none,0,1,,,12397292,0xebb930f8,576,1368,666812,19,0,0,0,3,19
2026-09-23 02:26:48,12398,,7,12429310,19,2484,1195,0,0,43,flash,261,4681,11,2,3285943,1628,43,26,0,657,11,3900.3,72.5,304.0,0,False,False,none,none,0,1,,,12427267,0xebb930f8,576,1368,668309,19,0,0,0,3,19
2026-09-23 02:27:18,12428,,7,12459295,19,2490,1197,0,0,43,flash,293,4691,12,2,3294346,1630,43,26,0,657,11,3907.3,72.6,304.0,0,False,False,none,none,0,1,,,12457267,0xebb930f8,576,1368,669806,19,0,0,0,3,19
2026-09-23 02:27:48,12458,,7,12489303,19,2496,1201,0,0,43,flash,237,4707,12,2,3302687,1632,43,26,0,657,11,3902.3,72.6,304.0,0,False,False,none,none,0,1,,,12487266,0xebb930f8,576,1368,671419,19,0,0,0,3,19
2026-09-23 02:28:18,12488,,7,12519277,19,2502,1204,0,0,43,flash,241,4721,12,2,3309817,1634,43,26,0,657,11,3900.7,72.5,304.0,0,False,False,none,none,0,1,,,12517245,0xebb930f8,576,1368,673075,19,0,0,0,3,19
2026-09-23 02:28:48,12518,,7,12549261,19,2508,1207,0,0,43,flash,316,4738,12,2,3317389,1636,43,26,0,657,11,3906.2,72.6,304.0,0,False,False,none,none,0,1,,,12547231,0xebb930f8,576,1368,674755,19,0,0,0,3,19
2026-09-23 02:29:18,12548,,7,12579264,19,2514,1210,0,0,43,flash,226,4753,12,2,3325271,1638,43,26,0,657,11,3912.4,72.6,304.0,0,False,False,none,none,0,1,,,12577232,0xebb930f8,576,1368,676529,19,0,0,0,3,19
2026-09-23 02:29:48,12578,,7,12609245,19,2520,1213,0,0,43,flash,261,4770,12,2,3332839,1640,43,26,0,657,11,3899.9,72.5,304.0,0,False,False,none,none,0,1,,,12607221,0xebb930f8,576,1368,678156,19,0,0,0,3,19
2026-09-23 02:30:18,12608,,7,12639250,19,2526,1216,0,0,43,flash,305,4782,12,2,3341436,1642,43,26,0,657,11,3909.0,72.7,304.0,0,False,False,none,none,0,1,,,12637217,0xebb930f8,576,1368,679794,19,0,0,0,3,19
2026-09-23 02:30:48,12638,,7,12669241,19,2532,1219,0,0,43,flash,245,4798,12,2,3349942,1644,43,26,0,657,11,3900.2,72.5,304.0,0,False,False,none,none,0,1,,,12667207,0xebb930f8,576,1368,681459,19,0,0,0,3,19
2026-09-23 02:31:18,12668,,7,12699235,19,2538,1222,0,0,43,flash,236,4810,12,2,3357191,1646,43,26,0,657,11,3901.3,72.5,304.0,0,False,False,none,none,0,1,,,12697198,0xebb930f8,576,1368,683218,19,0,0,0,3,19
2026-09-23 02:31:48,12698,,7,12729214,19,2544,1225,0,0,43,flash,307,4826,12,2,3365003,1648,43,26,0,657,11,3905.1,72.6,304.0,0,False,False,none,none,0,1,,,12727183,0xebb930f8,576,1368,684761,19,0,0,0,3,19
2026-09-23 02:32:18,12728,,7,12759193,19,2550,1228,0,0,43,flash,231,4838,12,2,3373216,1650,43,26,0,657,11,3913.0,72.6,304.0,0,False,False,none,none,0,1,,,12757162,0xebb930f8,576,1368,686338,19,0,0,0,3,19
2026-09-23 02:32:48,12758,,7,12789190,19,2556,1231,0,0,43,flash,265,4855,12,2,3380795,1652,43,26,0,657,11,3898.8,72.4,304.0,0,False,False,none,none,0,1,,,12787153,0xebb930f8,576,1368,687826,19,0,0,0,3,19
2026-09-23 02:33:18,12788,,7,12819180,19,2562,1235,0,0,43,flash,305,4864,12,2,3389301,1654,43,26,0,657,11,3907.0,72.7,304.0,0,False,False,none,none,0,1,,,12817154,0xebb930f8,576,1368,689460,19,0,0,0,3,19
2026-09-23 02:33:48,12818,,7,12849157,19,2568,1238,0,0,43,flash,243,4877,12,2,3397758,1656,43,26,0,657,11,3902.2,72.5,304.0,0,False,False,none,none,0,1,,,12847133,0xebb930f8,576,1368,690973,19,0,0,0,3,19
2026-09-23 02:34:18,12848,,7,12879163,19,2574,1241,0,0,43,flash,234,4889,12,2,3405059,1658,43,26,0,657,11,3901.6,72.5,304.0,0,False,False,none,none,0,1,,,12877130,0xebb930f8,576,1368,692649,19,0,0,0,3,19
2026-09-23 02:34:48,12878,,7,12909151,20,2580,1244,0,0,43,flash,314,4904,12,2,3412790,1660,43,26,0,657,11,3906.3,72.6,304.0,0,False,False,none,none,0,1,,,12907124,0xebb930f8,576,1368,694293,20,0,0,0,3,20
2026-09-23 02:35:18,12908,,7,12939153,20,2586,1247,0,0,43,flash,238,4913,12,2,3420999,1662,43,26,0,657,11,3912.4,72.6,304.0,0,False,False,none,none,0,1,,,12937116,0xebb930f8,576,1368,695822,20,0,0,0,3,20
2026-09-23 02:35:48,12938,,7,12969135,20,2592,1250,0,0,43,flash,261,4926,12,2,3428491,1664,43,26,0,657,11,3900.1,72.5,304.0,0,False,False,none,none,0,1,,,12967104,0xebb930f8,576,1368,697444,20,0,0,0,3,20
2026-09-23 02:36:18,12968,,7,12999109,20,2598,1253,0,0,43,flash,301,4933,12,2,3437030,1666,43,26,0,657,11,3909.8,72.7,304.0,0,False,False,none,none,0,1,,,12997085,0xebb930f8,576,1368,698996,20,0,0,0,3,20
2026-09-23 02:36:48,12998,,7,13029100,20,2604,1256,0,0,43,flash,243,4944,12,2,3445480,1668,43,26,0,657,11,3902.5,72.5,304.0,0,False,False,none,none,0,1,,,13027069,0xebb930f8,576,1368,700582,20,0,0,0,3,20
2026-09-23 02:37:18,13028,,7,13059102,20,2610,1259,0,0,43,flash,234,4957,12,2,3452665,1670,43,26,0,657,11,3899.3,72.5,304.0,0,False,False,none,none,0,1,,,13057070,0xebb930f8,576,1368,702342,20,0,0,0,3,20
2026-09-23 02:37:48,13058,,7,13089074,20,2616,1262,0,0,43,flash,311,4968,12,2,3460381,1672,43,26,0,657,11,3904.4,72.6,304.0,0,False,False,none,none,0,1,,,13087048,0xebb930f8,576,1368,703834,20,0,0,0,3,20
2026-09-23 02:38:18,13088,,7,13119086,20,2622,1266,0,0,43,flash,244,4977,12,2,3468434,1674,43,26,0,657,11,3912.7,72.6,304.0,0,False,False,none,none,0,1,,,13117048,0xebb930f8,576,1368,705515,20,0,0,0,3,20
2026-09-23 02:38:48,13118,,7,13149078,20,2628,1269,0,0,43,flash,265,4988,12,2,3476002,1676,43,26,0,657,11,3897.0,72.4,304.0,0,False,False,none,none,0,1,,,13147047,0xebb930f8,576,1368,707112,20,0,0,0,3,20
2026-09-23 02:39:18,13148,,7,13179066,20,2634,1272,0,0,43,flash,300,4992,12,2,3484468,1678,43,26,0,657,11,3908.8,72.7,304.0,0,False,False,none,none,0,1,,,13177027,0xebb930f8,576,1368,708830,20,0,0,0,3,20
2026-09-23 02:39:48,13178,,7,13209046,20,2640,1275,0,0,43,flash,250,5003,12,2,3492961,1680,43,26,0,657,11,3900.0,72.5,304.0,0,False,False,none,none,0,1,,,13207019,0xebb930f8,576,1368,710409,20,0,0,0,3,20
2026-09-23 02:40:18,13208,,7,13239028,20,2646,1278,0,0,43,flash,234,5019,12,2,3500192,1682,43,26,0,657,11,3899.4,72.5,304.0,0,False,False,none,none,0,1,,,13237004,0xebb930f8,576,1368,712039,20,0,0,0,3,20
2026-09-23 02:40:48,13238,,7,13269032,20,2652,1281,0,0,43,flash,311,5035,12,2,3507957,1684,43,26,0,657,11,3906.5,72.6,304.0,0,False,False,none,none,0,1,,,13267004,0xebb930f8,576,1368,713598,20,0,0,0,3,20
2026-09-23 02:41:18,13268,,7,13299038,20,2658,1284,0,0,43,flash,236,5043,12,2,3516086,1686,43,26,0,657,11,3913.9,72.7,304.0,0,False,False,none,none,0,1,,,13297007,0xebb930f8,576,1368,715223,20,0,0,0,3,20
2026-09-23 02:41:48,13298,,7,13329012,20,2664,1287,0,0,43,flash,252,5054,12,2,3523535,1688,43,26,0,657,11,3900.6,72.5,304.0,0,False,False,none,none,0,1,,,13326979,0xebb930f8,576,1368,716891,20,0,0,0,3,20
2026-09-23 02:42:18,13328,,7,13359030,20,2670,1290,0,0,43,flash,293,5062,12,2,3531913,1690,43,26,0,657,11,3909.3,72.7,304.0,0,False,False,none,none,0,1,,,13356994,0xebb930f8,576,1368,718616,20,0,0,0,3,20
2026-09-23 02:42:48,13358,,7,13389033,21,2676,1293,0,0,43,flash,244,5075,12,2,3540356,1692,43,26,0,657,11,3900.2,72.5,304.0,0,False,False,none,none,0,1,,,13386998,0xebb930f8,576,1368,720194,21,0,0,0,3,21
2026-09-23 02:43:19,13388,,7,13419038,21,2682,1296,0,0,43,flash,239,5090,12,2,3547568,1694,43,26,0,657,11,3898.3,72.5,304.0,0,False,False,none,none,0,1,,,13416999,0xebb930f8,576,1368,721943,21,0,0,0,3,21
2026-09-23 02:43:49,13418,,7,13449014,21,2688,1299,0,0,43,flash,303,5101,12,2,3555229,1696,43,26,0,657,11,3906.9,72.6,304.0,0,False,False,none,none,0,1,,,13446985,0xebb930f8,576,1368,723617,21,0,0,0,3,21
2026-09-23 02:44:19,13448,,7,13479018,21,2694,1302,0,0,43,flash,227,5111,12,2,3563296,1698,43,26,0,657,11,3912.6,72.6,304.0,0,False,False,none,none,0,1,,,13476985,0xebb930f8,576,1368,725321,21,0,0,0,3,21
2026-09-23 02:44:49,13478,,7,13509016,21,2700,1305,0,0,43,flash,272,5125,12,2,3570795,1700,43,26,0,657,11,3897.7,72.5,304.0,0,False,False,none,none,0,1,,,13506983,0xebb930f8,576,1368,726815,21,0,0,0,3,21
2026-09-23 02:45:19,13508,,7,13539000,21,2706,1308,0,0,43,flash,293,5132,12,2,3579198,1702,43,26,0,657,11,3908.2,72.7,304.0,0,False,False,none,none,0,1,,,13536966,0xebb930f8,576,1368,728529,21,0,0,0,3,21
2026-09-23 02:45:49,13538,,7,13569007,21,2712,1311,0,0,43,flash,250,5144,12,2,3587598,1704,43,26,0,657,11,3899.1,72.5,304.0,0,False,False,none,none,0,1,,,13566973,0xebb930f8,576,1368,730065,21,0,0,0,3,21
2026-09-23 02:46:19,13568,,7,13598990,21,2718,1314,0,0,43,flash,233,5158,12,2,3594740,1706,43,26,0,657,11,3899.9,72.5,304.0,0,False,False,none,none,0,1,,,13596955,0xebb930f8,576,1368,731833,21,0,0,0,3,21
2026-09-23 02:46:49,13598,,7,13628973,21,2724,1317,0,0,43,flash,300,5169,12,2,3602316,1708,43,26,0,657,11,3906.6,72.6,304.0,0,False,False,none,none,0,1,,,13626944,0xebb930f8,576,1368,733472,21,0,0,0,3,21
2026-09-23 02:47:19,13628,,7,13658955,21,2730,1320,0,0,43,flash,235,5179,12,2,3610475,1710,43,26,0,657,11,3912.0,72.6,304.0,0,False,False,none,none,0,1,,,13656927,0xebb930f8,576,1368,735154,21,0,0,0,3,21
2026-09-23 02:47:49,13658,,7,13688943,21,2736,1323,0,0,43,flash,264,5192,12,2,3618018,1712,43,26,0,657,11,3898.8,72.5,304.0,0,False,False,none,none,0,1,,,13686909,0xebb930f8,576,1368,736766,21,0,0,0,3,21
2026-09-23 02:48:19,13688,,7,13718948,21,2742,1326,0,0,43,flash,289,5199,13,2,3626528,1714,43,26,0,657,11,3908.9,72.7,304.0,0,False,False,none,none,0,1,,,13716918,0xebb930f8,576,1368,738391,21,0,0,0,3,21
2026-09-23 02:48:49,13718,,7,13748953,21,2748,1329,0,0,43,flash,243,5209,13,2,3634999,1716,43,26,0,657,11,3900.7,72.5,304.0,0,False,False,none,none,0,1,,,13746920,0xebb930f8,576,1368,739961,21,0,0,0,3,21
2026-09-23 02:49:19,13748,,7,13778935,21,2754,1334,0,0,43,flash,241,5220,13,2,3642253,1718,43,26,0,657,11,3900.3,72.5,304.0,0,False,False,none,none,0,1,,,13776903,0xebb930f8,576,1368,741592,21,0,0,0,3,21
2026-09-23 02:49:49,13778,,7,13808924,21,2760,1337,0,0,43,flash,305,5230,13,2,3649995,1720,43,26,0,657,11,3907.4,72.6,304.0,0,False,False,none,none,0,1,,,13806894,0xebb930f8,576,1368,743143,21,0,0,0,3,21
2026-09-23 02:50:19,13808,,7,13838901,21,2766,1340,0,0,43,flash,223,5237,13,2,3658096,1722,43,26,0,657,11,3911.0,72.6,304.0,0,False,False,none,none,0,1,,,13836871,0xebb930f8,576,1368,744775,21,0,0,0,3,21
2026-09-23 02:50:49,13838,,7,13868906,21,2772,1343,0,0,43,flash,252,5244,13,2,3665539,1724,43,26,0,657,11,3899.6,72.5,304.0,0,False,False,none,none,0,1,,,13866869,0xebb930f8,576,1368,746436,21,0,0,0,3,21
2026-09-23 02:51:19,13868,,7,13898890,21,2778,1346,0,0,43,flash,295,5252,13,2,3673938,1726,43,26,0,657,11,3909.4,72.7,304.0,0,False,False,none,none,0,1,,,13896859,0xebb930f8,576,1368,748076,21,0,0,0,3,21
2026-09-23 02:51:49,13898,,7,13928873,21,2784,1349,0,0,43,flash,244,5265,13,2,3682460,1728,43,26,0,657,11,3901.6,72.6,304.0,0,False,False,none,none,0,1,,,13926843,0xebb930f8,576,1368,749599,21,0,0,0,3,21
2026-09-23 02:52:19,13928,,7,13958883,21,2790,1352,0,0,43,flash,231,5277,13,2,3689683,1730,43,26,0,657,11,3898.9,72.5,304.0,0,False,False,none,none,0,1,,,13956846,0xebb930f8,576,1368,751273,21,0,0,0,3,21
2026-09-23 02:52:49,13958,,7,13988868,21,2796,1355,0,0,43,flash,311,5287,13,2,3697411,1732,43,26,0,657,11,3906.3,72.6,304.0,0,False,False,none,none,0,1,,,13986830,0xebb930f8,576,1368,752776,21,0,0,0,3,21
2026-09-23 02:53:19,13988,,7,14018870,22,2802,1358,0,0,43,flash,232,5296,14,3,3705456,1734,43,26,0,657,11,3913.7,72.6,304.0,0,False,False,none,none,0,1,,,14016832,0xebb930f8,576,1368,754475,22,0,0,0,3,22
2026-09-23 02:53:49,14018,,7,14048858,22,2808,1361,0,0,43,flash,274,5306,14,3,3712961,1736,43,26,0,657,11,3899.8,72.5,304.0,0,False,False,none,none,0,1,,,14046819,0xebb930f8,576,1368,755987,22,0,0,0,3,22
2026-09-23 02:54:19,14048,,7,14078845,22,2814,1365,0,0,43,flash,295,5309,14,3,3721362,1738,43,26,0,657,11,3907.6,72.7,304.0,0,False,False,none,none,0,1,,,14076814,0xebb930f8,576,1368,757648,22,0,0,0,3,22
2026-09-23 02:54:49,14078,,7,14108842,22,2820,1368,0,0,43,flash,244,5322,14,3,3729728,1740,43,26,0,657,11,3900.1,72.5,304.0,0,False,False,none,none,0,1,,,14106811,0xebb930f8,576,1368,759265,22,0,0,0,3,22
2026-09-23 02:55:19,14108,,7,14138832,22,2826,1371,0,0,43,flash,237,5334,14,3,3736910,1742,43,26,0,657,11,3900.6,72.5,304.0,0,False,False,none,none,0,1,,,14136803,0xebb930f8,576,1368,760871,22,0,0,0,3,22
2026-09-23 02:55:49,14138,,7,14168823,22,2832,1374,0,0,43,flash,310,5347,14,3,3744576,1744,43,26,0,657,11,3904.5,72.6,304.0,0,False,False,none,none,0,1,,,14166792,0xebb930f8,576,1368,762457,22,0,0,0,3,22
2026-09-23 02:56:19,14168,,7,14198817,22,2838,1377,0,0,43,flash,230,5359,14,3,3752706,1746,43,26,0,657,11,3912.7,72.6,304.0,0,False,False,none,none,0,1,,,14196783,0xebb930f8,576,1368,764120,22,0,0,0,3,22
2026-09-23 02:56:49,14198,,7,14228804,23,2844,1380,0,0,43,flash,269,5373,14,3,3760203,1748,43,26,0,657,11,3900.2,72.5,304.0,0,False,False,none,none,0,1,,,14226772,0xebb930f8,576,1368,765664,23,0,0,0,3,23
2026-09-23 02:57:19,14228,,7,14258795,23,2850,1383,0,0,43,flash,291,5378,14,3,3768621,1750,43,26,0,657,11,3909.5,72.7,304.0,0,False,False,none,none,0,1,,,14256767,0xebb930f8,576,1368,767349,23,0,0,0,3,23
2026-09-23 02:57:49,14258,,7,14288778,23,2856,1386,0,0,43,flash,236,5390,14,3,3776997,1752,43,26,0,657,11,3900.5,72.5,304.0,0,False,False,none,none,0,1,,,14286751,0xebb930f8,576,1368,768924,23,0,0,0,3,23
2026-09-23 02:58:19,14288,,7,14318782,23,2862,1389,0,0,43,flash,235,5404,14,3,3784214,1754,43,26,0,657,11,3901.7,72.5,304.0,0,False,False,none,none,0,1,,,14316750,0xebb930f8,576,1368,770627,23,0,0,0,3,23
2026-09-23 02:58:49,14318,,7,14348787,23,2868,1392,0,0,43,flash,306,5418,14,3,3791866,1756,43,26,0,657,11,3906.7,72.6,304.0,0,False,False,none,none,0,1,,,14346750,0xebb930f8,576,1368,772206,23,0,0,0,3,23
2026-09-23 02:59:19,14348,,7,14378777,23,2874,1395,0,0,43,flash,226,5432,14,3,3799904,1758,43,26,0,657,11,3912.9,72.6,304.0,0,False,False,none,none,0,1,,,14376745,0xebb930f8,576,1368,773897,23,0,0,0,3,23
2026-09-23 02:59:49,14378,,7,14408768,23,2880,1399,0,0,43,flash,250,5446,14,3,3807302,1760,43,26,0,657,11,3900.0,72.5,304.0,0,False,False,none,none,0,1,,,14406738,0xebb930f8,576,1368,775486,23,0,0,0,3,23
2026-09-23 03:00:19,14408,,7,14438770,23,2886,1403,0,0,43,flash,288,5452,14,3,3815703,1762,43,26,0,657,11,3909.1,72.7,304.0,0,False,False,none,none,0,1,,,14436735,0xebb930f8,576,1368,777134,23,0,0,0,3,23
2026-09-23 03:00:49,14438,,7,14468760,23,2892,1406,0,0,43,flash,238,5464,14,3,3824096,1764,43,26,0,657,11,3900.0,72.5,304.0,0,False,False,none,none,0,1,,,14466731,0xebb930f8,576,1368,778750,23,0,0,0,3,23
2026-09-23 03:01:19,14468,,7,14498743,23,2898,1409,0,0,43,flash,234,5473,14,3,3831234,1766,43,26,0,657,11,3901.4,72.5,304.0,0,False,False,none,none,0,1,,,14496718,0xebb930f8,576,1368,780523,23,0,0,0,3,23
2026-09-23 03:01:49,14498,,7,14528754,23,2904,1412,0,0,43,flash,310,5485,14,3,3838899,1768,43,26,0,657,11,3906.7,72.6,304.0,0,False,False,none,none,0,1,,,14526712,0xebb930f8,576,1368,782004,23,0,0,0,3,23
2026-09-23 03:02:19,14528,,7,14558735,23,2910,1415,0,0,43,flash,234,5493,14,3,3846895,1770,43,26,0,657,11,3910.7,72.6,304.0,0,False,False,none,none,0,1,,,14556698,0xebb930f8,576,1368,783663,23,0,0,0,3,23
2026-09-23 03:02:49,14558,,7,14588738,23,2916,1418,0,0,43,flash,262,5508,14,3,3854356,1772,43,26,0,657,11,3899.7,72.5,304.0,0,False,False,none,none,0,1,,,14586707,0xebb930f8,576,1368,785184,23,0,0,0,3,23
2026-09-23 03:03:19,14588,,7,14618721,23,2922,1421,0,0,43,flash,300,5514,14,3,3862672,1774,43,26,0,657,11,3909.0,72.7,304.0,0,False,False,none,none,0,1,,,14616689,0xebb930f8,576,1368,786816,23,0,0,0,3,23
2026-09-23 03:03:49,14618,,7,14648713,23,2928,1424,0,0,43,flash,239,5526,14,3,3871010,1776,43,26,0,657,11,3899.4,72.5,304.0,0,False,False,none,none,0,1,,,14646679,0xebb930f8,576,1368,788365,23,0,0,0,3,23
2026-09-23 03:04:19,14648,,7,14678700,23,2934,1427,0,0,43,flash,237,5536,14,3,3878100,1778,43,26,0,657,11,3900.5,72.5,304.0,0,False,False,none,none,0,1,,,14676673,0xebb930f8,576,1368,790057,23,0,0,0,3,23
2026-09-23 03:04:49,14678,,7,14708728,23,2940,1430,0,0,43,flash,310,5550,14,3,3885853,1780,43,26,0,657,11,3907.8,72.6,304.0,0,False,False,none,none,0,1,,,14706690,0xebb930f8,576,1368,791671,23,0,0,0,3,23
2026-09-23 03:05:19,14708,,7,14738705,23,2946,1433,0,0,43,flash,234,5559,14,3,3893964,1782,43,26,0,657,11,3912.7,72.6,304.0,0,False,False,none,none,0,1,,,14736673,0xebb930f8,576,1368,793484,23,0,0,0,3,23
2026-09-23 03:05:49,14738,,7,14768695,23,2952,1436,0,0,43,flash,269,5573,14,3,3901466,1784,43,26,0,657,11,3900.7,72.5,304.0,0,False,False,none,none,0,1,,,14766663,0xebb930f8,576,1368,795148,23,0,0,0,3,23
2026-09-23 03:06:19,14768,,7,14798701,23,2958,1439,0,0,43,flash,297,5580,14,3,3909833,1786,43,26,0,657,11,3906.1,72.6,304.0,0,False,False,none,none,0,1,,,14796668,0xebb930f8,576,1368,797007,23,0,0,0,3,23
2026-09-23 03:06:49,14798,,7,14828682,23,2964,1442,0,0,43,flash,245,5588,14,3,3918337,1788,43,26,0,657,11,3900.3,72.5,304.0,0,False,False,none,none,0,1,,,14826648,0xebb930f8,576,1368,798510,23,0,0,0,3,23
2026-09-23 03:07:19,14828,,7,14858669,23,2970,1446,0,0,43,flash,236,5600,14,3,3925591,1790,43,26,0,657,11,3901.4,72.5,304.0,0,False,False,none,none,0,1,,,14856645,0xebb930f8,576,1368,800161,23,0,0,0,3,23
2026-09-23 03:07:49,14858,,7,14888670,23,2976,1449,0,0,43,flash,314,5615,14,3,3933282,1792,43,26,0,657,11,3906.3,72.6,304.0,0,False,False,none,none,0,1,,,14886633,0xebb930f8,576,1368,801736,23,0,0,0,3,23
2026-09-23 03:08:19,14888,,7,14918653,23,2982,1451,0,0,43,flash,230,5626,14,3,3941395,1794,43,26,0,657,11,3911.6,72.6,304.0,0,False,False,none,none,0,1,,,14916624,0xebb930f8,576,1368,803354,23,0,0,0,3,23
2026-09-23 03:08:49,14919,,7,14948663,23,2988,1454,0,0,43,flash,260,5638,14,3,3948874,1796,43,26,0,657,11,3901.2,72.5,304.0,0,False,False,none,none,0,1,,,14946629,0xebb930f8,576,1368,804885,23,0,0,0,3,23
2026-09-23 03:09:19,14949,,7,14978653,23,2994,1457,0,0,43,flash,296,5642,14,3,3957357,1798,43,26,0,657,11,3908.4,72.7,304.0,0,False,False,none,none,0,1,,,14976628,0xebb930f8,576,1368,806554,23,0,0,0,3,23
2026-09-23 03:09:49,14979,,7,15008666,23,3000,1461,0,0,43,flash,234,5654,15,3,3965720,1800,43,26,0,657,11,3902.3,72.5,304.0,0,False,False,none,none,0,1,,,15006629,0xebb930f8,576,1368,808302,23,0,0,0,3,23
2026-09-23 03:10:19,15009,,7,15038670,23,3006,1464,0,0,43,flash,240,5665,15,3,3972966,1802,43,26,0,657,11,3899.3,72.5,304.0,0,False,False,none,none,0,1,,,15036634,0xebb930f8,576,1368,809924,23,0,0,0,3,23
2026-09-23 03:10:49,15039,,7,15068649,23,3012,1467,0,0,43,flash,317,5681,15,3,3980605,1804,43,26,0,657,11,3907.0,72.7,304.0,0,False,False,none,none,0,1,,,15066622,0xebb930f8,576,1368,811522,23,0,0,0,3,23
2026-09-23 03:11:19,15069,,7,15098638,23,3018,1470,0,0,43,flash,231,5687,15,3,3988713,1806,43,26,0,657,11,3913.1,72.6,304.0,0,False,False,none,none,0,1,,,15096608,0xebb930f8,576,1368,813156,23,0,0,0,3,23
2026-09-23 03:11:49,15099,,7,15128634,23,3024,1473,0,0,43,flash,258,5701,15,3,3996161,1808,43,26,0,657,11,3899.3,72.5,304.0,0,False,False,none,none,0,1,,,15126601,0xebb930f8,576,1368,814742,23,0,0,0,3,23
2026-09-23 03:12:19,15129,,7,15158624,23,3030,1476,0,0,43,flash,296,5706,15,3,4004516,1810,43,26,0,657,11,3909.0,72.6,304.0,0,False,False,none,none,0,1,,,15156591,0xebb930f8,576,1368,816454,23,0,0,0,3,23
2026-09-23 03:12:49,15159,,7,15188841,23,3036,1479,0,0,43,flash,235,5716,15,3,4012877,1812,43,26,0,657,11,3900.9,72.5,304.0,0,False,False,none,none,0,1,,,15186620,0xebb930f8,576,1368,818054,23,0,0,0,3,23
2026-09-23 03:13:19,15189,,7,15218623,23,3042,1482,0,0,43,flash,236,5727,15,3,4020082,1814,43,26,0,657,11,3901.2,72.5,304.0,0,False,False,none,none,0,1,,,15216587,0xebb930f8,576,1368,819657,23,0,0,0,3,23
2026-09-23 03:13:49,15219,,7,15248620,23,3048,1485,0,0,43,flash,326,5737,15,3,4027801,1816,43,26,0,657,11,3907.1,72.6,304.0,0,False,False,none,none,0,1,,,15246588,0xebb930f8,576,1368,821263,23,0,0,0,3,23
2026-09-23 03:14:19,15249,,7,15278623,23,3054,1488,0,0,43,flash,231,5748,15,3,4035913,1818,43,26,0,657,11,3911.3,72.6,304.0,0,False,False,none,none,0,1,,,15276589,0xebb930f8,576,1368,822908,23,0,0,0,3,23
2026-09-23 03:14:49,15279,,7,15308616,23,3060,1491,0,0,43,flash,268,5763,15,3,4043342,1820,43,26,0,657,11,3899.3,72.4,304.0,0,False,False,none,none,0,1,,,15306576,0xebb930f8,576,1368,824588,23,0,0,0,3,23
2026-09-23 03:15:19,15309,,7,15338602,23,3066,1494,0,0,43,flash,290,5771,15,3,4051651,1822,43,26,0,657,11,3909.5,72.7,304.0,0,False,False,none,none,0,1,,,15336569,0xebb930f8,576,1368,826378,23,0,0,0,3,23
2026-09-23 03:15:49,15339,,7,15368597,23,3072,1498,0,0,43,flash,237,5781,15,3,4060110,1824,43,26,0,657,11,3901.2,72.5,304.0,0,False,False,none,none,0,1,,,15366564,0xebb930f8,576,1368,827951,23,0,0,0,3,23
2026-09-23 03:16:19,15369,,7,15398592,23,3078,1501,0,0,43,flash,228,5791,15,3,4067310,1826,43,26,0,657,11,3897.3,72.4,304.0,0,False,False,none,none,0,1,,,15396559,0xebb930f8,576,1368,829576,23,0,0,0,3,23
2026-09-23 03:16:49,15399,,7,15428559,23,3084,1504,0,0,43,flash,313,5802,15,3,4074933,1828,43,26,0,657,11,3907.6,72.6,304.0,0,False,False,none,none,0,1,,,15426528,0xebb930f8,576,1368,831178,23,0,0,0,3,23
2026-09-23 03:17:19,15429,,7,15458556,23,3090,1507,0,0,43,flash,228,5813,15,3,4082929,1830,43,26,0,657,11,3910.0,72.5,304.0,0,False,False,none,none,0,1,,,15456525,0xebb930f8,576,1368,832888,23,0,0,0,3,23
2026-09-23 03:17:49,15459,,7,15488556,23,3096,1510,0,0,43,flash,257,5823,15,3,4090387,1832,43,26,0,657,11,3899.8,72.5,304.0,0,False,False,none,none,0,1,,,15486515,0xebb930f8,576,1368,834444,23,0,0,0,3,23
2026-09-23 03:18:19,15489,,7,15518544,23,3102,1514,0,0,43,flash,274,5829,15,3,4098782,1834,43,26,0,657,11,3908.7,72.6,304.0,0,False,False,none,none,0,1,,,15516507,0xebb930f8,576,1368,836102,23,0,0,0,3,23
2026-09-23 03:18:49,15519,,7,15548535,23,3108,1517,0,0,43,flash,234,5837,15,3,4107131,1836,43,26,0,657,11,3901.2,72.5,304.0,0,False,False,none,none,0,1,,,15546504,0xebb930f8,576,1368,837776,23,0,0,0,3,23
2026-09-23 03:19:19,15549,,7,15578524,23,3114,1520,0,0,43,flash,240,5849,15,3,4114282,1838,43,26,0,657,11,3902.4,72.6,304.0,0,False,False,none,none,0,1,,,15576498,0xebb930f8,576,1368,839478,23,0,0,0,3,23
2026-09-23 03:19:49,15579,,7,15608526,23,3120,1523,0,0,43,flash,300,5867,15,3,4121846,1840,43,26,0,657,11,3907.1,72.6,304.0,0,False,False,none,none,0,1,,,15606491,0xebb930f8,576,1368,841153,23,0,0,0,3,23
2026-09-23 03:20:19,15609,,7,15638522,23,3126,1526,0,0,43,flash,230,5879,15,3,4129848,1842,43,26,0,657,11,3912.0,72.6,304.0,0,False,False,none,none,0,1,,,15636490,0xebb930f8,576,1368,842936,23,0,0,0,3,23
2026-09-23 03:20:49,15639,,7,15668507,23,3132,1529,0,0,43,flash,259,5892,15,3,4137207,1844,43,26,0,657,11,3900.1,72.5,304.0,0,False,False,none,none,0,1,,,15666477,0xebb930f8,576,1368,844580,23,0,0,0,3,23
2026-09-23 03:21:19,15669,,7,15698492,23,3138,1532,0,0,43,flash,281,5899,15,3,4145489,1847,43,26,0,657,11,3908.6,72.7,304.0,0,False,False,none,none,0,1,,,15696459,0xebb930f8,576,1368,846263,23,0,0,0,3,23
2026-09-23 03:21:49,15699,,7,15728495,23,3144,1534,0,0,43,flash,231,5912,15,3,4153748,1849,43,26,0,657,11,3901.1,72.5,304.0,0,False,False,none,none,0,1,,,15726462,0xebb930f8,576,1368,847904,23,0,0,0,3,23
2026-09-23 03:22:19,15729,,7,15758497,23,3150,1538,0,0,43,flash,238,5924,15,3,4161015,1851,43,26,0,657,11,3899.4,72.5,304.0,0,False,False,none,none,0,1,,,15756463,0xebb930f8,576,1368,849548,23,0,0,0,3,23
2026-09-23 03:22:49,15759,,7,15788475,23,3156,1540,0,0,43,flash,300,5936,15,3,4168692,1853,43,26,0,657,11,3905.4,72.6,304.0,0,False,False,none,none,0,1,,,15786447,0xebb930f8,576,1368,851137,23,0,0,0,3,23
2026-09-23 03:23:19,15789,,7,15818470,23,3162,1544,0,0,43,flash,232,5948,15,3,4176784,1855,43,26,0,657,11,3913.5,72.7,304.0,0,False,False,none,none,0,1,,,15816443,0xebb930f8,576,1368,852866,23,0,0,0,3,23
2026-09-23 03:23:49,15819,,7,15848471,23,3168,1547,0,0,43,flash,264,5964,15,3,4184245,1857,43,26,0,657,11,3900.4,72.5,304.0,0,False,False,none,none,0,1,,,15846443,0xebb930f8,576,1368,854420,23,0,0,0,3,23
2026-09-23 03:24:19,15849,,7,15878473,23,3174,1550,0,0,43,flash,294,5972,15,3,4192641,1859,43,26,0,657,11,3905.8,72.6,304.0,0,False,False,none,none,0,1,,,15876436,0xebb930f8,576,1368,856098,23,0,0,0,3,23
2026-09-23 03:24:49,15879,,7,15908463,23,3180,1555,0,0,43,flash,244,5985,15,3,4201066,1861,43,26,0,657,11,3900.8,72.5,304.0,0,False,False,none,none,0,1,,,15906428,0xebb930f8,576,1368,857681,23,0,0,0,3,23
2026-09-23 03:25:19,15909,,7,15938450,23,3186,1558,0,0,43,flash,236,5995,15,3,4208250,1863,43,26,0,657,11,3900.0,72.5,304.0,0,False,False,none,none,0,1,,,15936424,0xebb930f8,576,1368,859330,23,0,0,0,3,23
2026-09-23 03:25:49,15939,,7,15968448,23,3192,1561,0,0,43,flash,303,6009,15,3,4215868,1865,43,26,0,657,11,3905.7,72.6,304.0,0,False,False,none,none,0,1,,,15966414,0xebb930f8,576,1368,860906,23,0,0,0,3,23
2026-09-23 03:26:19,15969,,7,15998457,23,3198,1564,0,0,43,flash,230,6019,15,3,4223879,1867,43,26,0,657,11,3912.8,72.6,304.0,0,False,False,none,none,0,1,,,15996423,0xebb930f8,576,1368,862610,23,0,0,0,3,23
2026-09-23 03:26:49,15999,,7,16028439,23,3204,1567,0,0,43,flash,263,6036,15,3,4231322,1869,43,26,0,657,11,3899.3,72.5,304.0,0,False,False,none,none,0,1,,,16026402,0xebb930f8,576,1368,864256,23,0,0,0,3,23
2026-09-23 03:27:19,16029,,7,16058397,23,3210,1570,0,0,43,flash,282,6052,15,3,4239647,1871,43,26,0,657,11,3907.7,72.6,304.0,0,False,False,none,none,0,1,,,16056376,0xebb930f8,576,1368,865971,23,0,0,0,3,23
2026-09-23 03:27:49,16059,,7,16088395,23,3216,1573,0,0,43,flash,231,6066,15,3,4248056,1873,43,26,0,657,11,3899.6,72.5,304.0,0,False,False,none,none,0,1,,,16086363,0xebb930f8,576,1368,867551,23,0,0,0,3,23
2026-09-23 03:28:19,16089,,7,16118374,23,3222,1576,0,0,43,flash,231,6082,15,3,4255185,1875,43,26,0,657,11,3900.9,72.5,304.0,0,False,False,none,none,0,1,,,16116347,0xebb930f8,576,1368,869249,23,0,0,0,3,23
2026-09-23 03:28:49,16119,,7,16148378,23,3228,1579,0,0,43,flash,307,6100,15,3,4262790,1877,43,26,0,657,11,3905.6,72.6,304.0,0,False,False,none,none,0,1,,,16146349,0xebb930f8,576,1368,870863,23,0,0,0,3,23
2026-09-23 03:29:19,16149,,7,16178383,23,3234,1582,0,0,43,flash,224,6110,15,3,4270781,1879,43,26,0,657,11,3912.8,72.6,304.0,0,False,False,none,none,0,1,,,16176347,0xebb930f8,576,1368,872624,23,0,0,0,3,23
2026-09-23 03:29:49,16179,,7,16208375,23,3240,1585,0,0,43,flash,268,6125,15,3,4278169,1881,43,26,0,657,11,3899.9,72.5,304.0,0,False,False,none,none,0,1,,,16206334,0xebb930f8,576,1368,874215,23,0,0,0,3,23
2026-09-23 03:30:19,16209,,7,16238346,23,3246,1589,0,0,43,flash,289,6133,15,3,4286437,1883,43,26,0,657,11,3907.7,72.6,304.0,0,False,False,none,none,0,1,,,16236313,0xebb930f8,576,1368,875877,23,0,0,0,3,23
2026-09-23 03:30:49,16239,,7,16268337,23,3252,1592,0,0,43,flash,235,6144,16,3,4294738,1885,43,26,0,657,11,3901.9,72.5,304.0,0,False,False,none,none,0,1,,,16266309,0xebb930f8,576,1368,877554,23,0,0,0,3,23
2026-09-23 03:31:19,16269,,7,16298338,24,3258,1595,0,0,43,flash,235,6156,16,3,4301887,1887,43,26,0,657,11,3899.0,72.5,304.0,0,False,False,none,none,0,1,,,16296308,0xebb930f8,576,1368,879362,24,0,0,0,3,24
2026-09-23 03:31:49,16299,,7,16328327,25,3264,1598,0,0,43,flash,306,6173,16,3,4309496,1889,43,26,0,657,11,3907.6,72.6,304.0,0,False,False,none,none,0,1,,,16326293,0xebb930f8,576,1368,880978,25,0,0,0,3,25
2026-09-23 03:32:19,16329,,7,16358327,25,3270,1601,0,0,43,flash,228,6189,16,3,4317523,1891,43,26,0,657,11,3913.4,72.6,304.0,0,False,False,none,none,0,1,,,16356297,0xebb930f8,576,1368,882728,25,0,0,0,3,25
2026-09-23 03:32:49,16359,,7,16388306,25,3276,1604,0,0,43,flash,264,6205,16,3,4324934,1893,43,26,0,657,11,3900.4,72.5,304.0,0,False,False,none,none,0,1,,,16386277,0xebb930f8,576,1368,884237,25,0,0,0,3,25
2026-09-23 03:33:19,16389,,7,16418305,25,3282,1607,0,0,43,flash,287,6214,16,3,4333213,1895,43,26,0,657,11,3907.0,72.6,304.0,0,False,False,none,none,0,1,,,16416277,0xebb930f8,576,1368,886080,25,0,0,0,3,25
2026-09-23 03:33:49,16419,,7,16448289,25,3288,1610,0,0,43,flash,239,6225,16,3,4341574,1897,43,26,0,657,11,3901.5,72.5,304.0,0,False,False,none,none,0,1,,,16446261,0xebb930f8,576,1368,887626,25,0,0,0,3,25
2026-09-23 03:34:19,16449,,7,16478290,25,3294,1613,0,0,43,flash,240,6241,16,3,4348695,1899,43,26,0,657,11,3900.3,72.5,304.0,0,False,False,none,none,0,1,,,16476269,0xebb930f8,576,1368,889345,25,0,0,0,3,25
2026-09-23 03:34:49,16479,,7,16508296,25,3300,1616,0,0,43,flash,303,6258,16,3,4356215,1901,43,26,0,657,11,3905.3,72.6,304.0,0,False,False,none,none,0,1,,,16506264,0xebb930f8,576,1368,890960,25,0,0,0,3,25
2026-09-23 03:35:19,16509,,7,16538285,25,3306,1619,0,0,43,flash,233,6268,16,3,4364257,1903,43,26,0,657,11,3912.6,72.6,304.0,0,False,False,none,none,0,1,,,16536250,0xebb930f8,576,1368,892562,25,0,0,0,3,25
2026-09-23 03:35:49,16539,,7,16568282,25,3312,1622,0,0,43,flash,259,6283,16,3,4371664,1905,43,26,0,657,11,3898.7,72.5,304.0,0,False,False,none,none,0,1,,,16566250,0xebb930f8,576,1368,894135,25,0,0,0,3,25
2026-09-23 03:36:19,16569,,7,16598268,25,3318,1625,0,0,43,flash,294,6291,16,3,4380005,1907,43,26,0,657,11,3909.9,72.7,304.0,0,False,False,none,none,0,1,,,16596241,0xebb930f8,576,1368,895723,25,0,0,0,3,25
2026-09-23 03:36:49,16599,,7,16628258,25,3324,1628,0,0,43,flash,235,6299,16,3,4388327,1909,43,26,0,657,11,3900.1,72.5,304.0,0,False,False,none,none,0,1,,,16626226,0xebb930f8,576,1368,897286,25,0,0,0,3,25
2026-09-23 03:37:19,16629,,7,16658251,26,3330,1631,0,0,43,flash,238,6314,16,3,4395432,1911,43,26,0,657,11,3900.5,72.5,304.0,0,False,False,none,none,0,1,,,16656221,0xebb930f8,560,1368,898938,26,0,0,0,3,26
2026-09-23 03:37:49,16659,,7,16688244,26,3336,1634,0,0,43,flash,300,6328,16,3,4402969,1913,43,26,0,657,11,3905.7,72.6,304.0,0,False,False,none,none,0,1,,,16686207,0xebb930f8,560,1368,900575,26,0,0,0,3,26
2026-09-23 03:38:19,16689,,7,16718233,26,3342,1637,0,0,43,flash,237,6340,16,3,4410913,1915,43,26,0,657,11,3910.0,72.5,304.0,0,False,False,none,none,0,1,,,16716202,0xebb930f8,560,1368,902276,26,0,0,0,3,26
2026-09-23 03:38:49,16719,,7,16748223,26,3348,1640,0,0,43,flash,255,6355,16,3,4418269,1917,43,26,0,657,11,3899.0,72.5,304.0,0,False,False,none,none,0,1,,,16746195,0xebb930f8,560,1368,903784,26,0,0,0,3,26
2026-09-23 03:39:19,16749,,7,16778216,26,3354,1643,0,0,43,flash,287,6361,16,3,4426440,1919,43,26,0,657,11,3909.6,72.7,304.0,0,False,False,none,none,0,1,,,16776184,0xebb930f8,560,1368,905430,26,0,0,0,3,26
2026-09-23 03:39:49,16779,,7,16808206,26,3360,1646,0,0,43,flash,244,6368,16,3,4434972,1921,43,26,0,657,11,3900.4,72.5,304.0,0,False,False,none,none,0,1,,,16806180,0xebb930f8,560,1368,907005,26,0,0,0,3,26
2026-09-23 03:40:19,16809,,7,16838196,26,3366,1649,0,0,43,flash,240,6381,16,3,4442184,1923,43,26,0,657,11,3899.6,72.5,304.0,0,False,False,none,none,0,1,,,16836165,0xebb930f8,560,1368,908771,26,0,0,0,3,26
2026-09-23 03:40:49,16839,,7,16868203,27,3372,1652,0,0,43,flash,312,6399,16,3,4449852,1925,43,26,0,657,11,3906.1,72.6,304.0,0,False,False,none,none,0,1,,,16866169,0xebb930f8,560,1368,910429,27,0,0,0,3,27
2026-09-23 03:41:19,16869,,7,16898184,27,3378,1655,0,0,43,flash,228,6411,16,3,4457950,1927,43,26,0,657,11,3912.5,72.6,304.0,0,False,False,none,none,0,1,,,16896156,0xebb930f8,560,1368,912134,27,0,0,0,3,27
2026-09-23 03:41:49,16899,,7,16928186,27,3384,1658,0,0,43,flash,262,6425,16,3,4465432,1929,43,26,0,657,11,3900.5,72.5,304.0,0,False,False,none,none,0,1,,,16926136,0xebb930f8,560,1368,913725,27,0,0,0,3,27
2026-09-23 03:42:19,16929,,7,16958153,27,3390,1662,0,0,43,flash,279,6436,16,3,4473836,1931,43,26,0,657,11,3907.7,72.7,304.0,0,False,False,none,none,0,1,,,16956121,0xebb930f8,560,1368,915429,27,0,0,0,3,27
2026-09-23 03:42:49,16959,,7,16988145,27,3396,1665,0,0,43,flash,239,6445,16,3,4482295,1933,43,26,0,657,11,3900.1,72.5,304.0,0,False,False,none,none,0,1,,,16986114,0xebb930f8,560,1368,916964,27,0,0,0,3,27
2026-09-23 03:43:19,16989,,7,17018132,27,3402,1668,0,0,43,flash,241,6455,16,3,4489495,1935,43,26,0,657,11,3900.0,72.5,304.0,0,False,False,none,none,0,1,,,17016104,0xebb930f8,560,1368,918598,27,0,0,0,3,27
2026-09-23 03:43:49,17019,,7,17048138,27,3408,1671,0,0,43,flash,315,6472,16,3,4497148,1937,43,26,0,657,11,3906.2,72.6,304.0,0,False,False,none,none,0,1,,,17046106,0xebb930f8,560,1368,920144,27,0,0,0,3,27
2026-09-23 03:44:19,17049,,7,17078140,27,3414,1674,0,0,43,flash,223,6483,16,3,4505243,1939,43,26,0,657,11,3911.1,72.6,304.0,0,False,False,none,none,0,1,,,17076111,0xebb930f8,560,1368,921962,27,0,0,0,3,27
2026-09-23 03:44:49,17079,,7,17108119,27,3420,1677,0,0,43,flash,257,6496,16,3,4512664,1941,43,26,0,657,11,3900.0,72.5,304.0,0,False,False,none,none,0,1,,,17106092,0xebb930f8,560,1368,923602,27,0,0,0,3,27
2026-09-23 03:45:19,17109,,7,17138110,27,3426,1680,0,0,43,flash,285,6505,16,3,4521090,1943,43,26,0,657,11,3909.3,72.7,304.0,0,False,False,none,none,0,1,,,17136082,0xebb930f8,560,1368,925195,27,0,0,0,3,27
2026-09-23 03:45:49,17139,,7,17168088,27,3432,1683,0,0,43,flash,244,6516,16,3,4529507,1945,43,26,0,657,11,3900.8,72.6,304.0,0,False,False,none,none,0,1,,,17166063,0xebb930f8,560,1368,926706,27,0,0,0,3,27
2026-09-23 03:46:19,17169,,7,17198087,29,3438,1686,0,0,43,flash,235,6533,17,4,4536669,1947,43,26,0,657,11,3901.4,72.5,304.0,0,False,False,none,none,0,1,,,17196063,0xebb930f8,560,1368,928451,29,0,0,0,3,29
2026-09-23 03:46:49,17199,,7,17228081,29,3444,1690,0,0,43,flash,304,6549,17,4,4544290,1949,43,26,0,657,11,3906.2,72.6,304.0,0,False,False,none,none,0,1,,,17226049,0xebb930f8,560,1368,929992,29,0,0,0,3,29
2026-09-23 03:47:20,17229,,7,17258090,29,3450,1693,0,0,43,flash,234,6560,17,4,4552330,1951,43,26,0,657,11,3911.8,72.6,304.0,0,False,False,none,none,0,1,,,17256042,0xebb930f8,560,1368,931669,29,0,0,0,3,29
2026-09-23 03:47:49,17259,,7,17288058,29,3456,1696,0,0,43,flash,253,6572,17,4,4559684,1953,43,26,0,657,11,3900.3,72.5,304.0,0,False,False,none,none,0,1,,,17286019,0xebb930f8,560,1368,933297,29,0,0,0,3,29
2026-09-23 03:48:20,17289,,7,17318058,29,3462,1699,0,0,43,flash,295,6578,17,4,4567970,1955,43,26,0,657,11,3905.6,72.6,304.0,0,False,False,none,none,0,1,,,17316025,0xebb930f8,560,1368,935163,29,0,0,0,3,29
2026-09-23 03:48:50,17319,,7,17348054,29,3468,1702,0,0,43,flash,242,6591,17,4,4576442,1957,43,26,0,657,11,3902.1,72.5,304.0,0,False,False,none,none,0,1,,,17346020,0xebb930f8,560,1368,936755,29,0,0,0,3,29
2026-09-23 03:49:20,17349,,7,17378047,29,3474,1705,0,0,43,flash,240,6600,17,4,4583630,1959,43,26,0,657,11,3901.3,72.5,304.0,0,False,False,none,none,0,1,,,17376012,0xebb930f8,560,1368,938445,29,0,0,0,3,29
2026-09-23 03:49:50,17379,,7,17408039,29,3480,1708,0,0,43,flash,312,6615,17,4,4591201,1961,43,26,0,657,11,3906.5,72.6,304.0,0,False,False,none,none,0,1,,,17406008,0xebb930f8,560,1368,940168,29,0,0,0,3,29
2026-09-23 03:50:20,17409,,7,17438027,29,3486,1711,0,0,43,flash,229,6622,17,4,4599238,1963,43,26,0,657,11,3912.4,72.6,304.0,0,False,False,none,none,0,1,,,17435999,0xebb930f8,560,1368,941884,29,0,0,0,3,29
2026-09-23 03:50:50,17439,,7,17468028,29,3492,1714,0,0,43,flash,258,6631,17,4,4606662,1965,43,26,0,657,11,3901.3,72.5,304.0,0,False,False,none,none,0,1,,,17465993,0xebb930f8,560,1368,943507,29,0,0,0,3,29
2026-09-23 03:51:20,17469,,7,17498011,29,3498,1717,0,0,43,flash,295,6638,17,4,4614981,1967,43,26,0,657,11,3907.8,72.7,304.0,0,False,False,none,none,0,1,,,17495983,0xebb930f8,560,1368,945210,29,0,0,0,3,29
2026-09-23 03:51:50,17499,,7,17528027,29,3504,1720,0,0,43,flash,230,6648,18,4,4623386,1969,43,26,0,657,11,3902.4,72.5,304.0,0,False,False,none,none,0,1,,,17525980,0xebb930f8,560,1368,946729,29,0,0,0,3,29
2026-09-23 03:52:20,17529,,7,17558009,29,3509,1722,0,0,43,flash,233,6662,18,4,4630482,1971,43,26,0,657,11,3901.2,72.5,304.0,0,False,False,none,none,0,1,,,17555973,0xebb930f8,560,1368,948480,29,0,0,0,3,29
2026-09-23 03:52:50,17559,,7,17587998,29,3515,1725,0,0,43,flash,310,6673,18,4,4638128,1973,43,26,0,657,11,3904.4,72.6,304.0,0,False,False,none,none,0,1,,,17585968,0xebb930f8,560,1368,950017,29,0,0,0,3,29
2026-09-23 03:53:20,17589,,7,17618003,29,3521,1728,0,0,43,flash,229,6687,18,4,4646184,1975,43,26,0,657,11,3910.8,72.5,304.0,0,False,False,none,none,0,1,,,17615964,0xebb930f8,560,1368,951725,29,0,0,0,3,29
2026-09-23 03:53:50,17619,,7,17647975,29,3527,1731,0,0,43,flash,250,6698,18,4,4653593,1977,43,26,0,657,11,3900.0,72.5,304.0,0,False,False,none,none,0,1,,,17645946,0xebb930f8,560,1368,953290,29,0,0,0,3,29
2026-09-23 03:54:20,17649,,7,17677979,29,3533,1734,0,0,43,flash,282,6704,18,4,4661877,1979,43,26,0,657,11,3908.2,72.7,304.0,0,False,False,none,none,0,1,,,17675946,0xebb930f8,560,1368,955013,29,0,0,0,3,29
2026-09-23 03:54:50,17679,,7,17707963,29,3539,1737,0,0,43,flash,235,6715,18,4,4670229,1981,43,26,0,657,11,3899.1,72.5,304.0,0,False,False,none,none,0,1,,,17705936,0xebb930f8,560,1368,956558,29,0,0,0,3,29
2026-09-23 03:55:20,17709,,7,17737974,29,3545,1740,0,0,43,flash,234,6728,18,4,4677334,1983,43,26,0,657,11,3900.3,72.5,304.0,0,False,False,none,none,0,1,,,17735937,0xebb930f8,560,1368,958330,29,0,0,0,3,29
2026-09-23 03:55:50,17739,,7,17767941,29,3551,1743,0,0,43,flash,315,6742,18,4,4684920,1985,43,26,0,657,11,3904.4,72.6,304.0,0,False,False,none,none,0,1,,,17765909,0xebb930f8,560,1368,959783,29,0,0,0,3,29
2026-09-23 03:56:20,17769,,7,17797951,29,3557,1746,0,0,43,flash,232,6749,18,4,4692875,1987,43,26,0,657,11,3911.1,72.6,304.0,0,False,False,none,none,0,1,,,17795912,0xebb930f8,560,1368,961540,29,0,0,0,3,29
2026-09-23 03:56:50,17799,,7,17827922,29,3563,1749,0,0,43,flash,250,6760,18,4,4700136,1989,43,26,0,657,11,3898.3,72.4,304.0,0,False,False,none,none,0,1,,,17825897,0xebb930f8,560,1368,963221,29,0,0,0,3,29
2026-09-23 03:57:20,17829,,7,17857913,29,3569,1752,0,0,43,flash,294,6764,18,4,4708599,1991,43,26,0,657,11,3908.7,72.7,304.0,0,False,False,none,none,0,1,,,17855887,0xebb930f8,560,1368,964872,29,0,0,0,3,29
2026-09-23 03:57:50,17859,,7,17887912,29,3575,1756,0,0,43,flash,235,6776,18,4,4717012,1993,43,26,0,657,11,3901.2,72.5,304.0,0,False,False,none,none,0,1,,,17885886,0xebb930f8,560,1368,966549,29,0,0,0,3,29
2026-09-23 03:58:20,17889,,7,17917909,29,3581,1759,0,0,43,flash,239,6789,18,4,4724159,1995,43,26,0,657,11,3901.8,72.5,304.0,0,False,False,none,none,0,1,,,17915872,0xebb930f8,560,1368,968340,29,0,0,0,3,29
2026-09-23 03:58:50,17919,,7,17947906,29,3587,1763,0,0,43,flash,311,6806,18,4,4731798,1997,43,26,0,657,11,3906.1,72.6,304.0,0,False,False,none,none,0,1,,,17945872,0xebb930f8,560,1368,969841,29,0,0,0,3,29
2026-09-23 03:59:20,17949,,7,17977900,29,3593,1766,0,0,43,flash,235,6811,18,4,4739872,1999,43,26,0,657,11,3911.8,72.6,304.0,0,False,False,none,none,0,1,,,17975857,0xebb930f8,560,1368,971511,29,0,0,0,3,29
2026-09-23 03:59:50,17979,,7,18007884,29,3599,1769,0,0,43,flash,256,6824,18,4,4747288,2001,43,26,0,657,11,3899.7,72.5,304.0,0,False,False,none,none,0,1,,,18005853,0xebb930f8,560,1368,973113,29,0,0,0,3,29
2026-09-23 04:00:20,18009,,7,18037890,29,3605,1773,0,0,43,flash,297,6830,18,4,4755603,2003,43,26,0,657,11,3908.5,72.7,304.0,0,False,False,none,none,0,1,,,18035858,0xebb930f8,560,1368,974837,29,0,0,0,3,29
2026-09-23 04:00:50,18039,,7,18067890,29,3611,1777,0,0,43,flash,239,6835,18,4,4763940,2005,43,26,0,657,11,3900.1,72.5,304.0,0,False,False,none,none,0,1,,,18065859,0xebb930f8,560,1368,976469,29,0,0,0,3,29
2026-09-23 04:01:20,18069,,7,18097895,29,3617,1781,0,0,43,flash,240,6846,18,4,4771044,2007,43,26,0,657,11,3900.9,72.5,304.0,0,False,False,none,none,0,1,,,18095851,0xebb930f8,560,1368,978203,29,0,0,0,3,29
2026-09-23 04:01:50,18099,,7,18127873,29,3623,1784,0,0,43,flash,323,6859,18,4,4778635,2009,43,26,0,657,11,3905.4,72.6,304.0,0,False,False,none,none,0,1,,,18125846,0xebb930f8,560,1368,979884,29,0,0,0,3,29
2026-09-23 04:02:20,18129,,7,18157884,29,3629,1787,0,0,43,flash,235,6870,18,4,4786634,2011,43,26,0,657,11,3913.2,72.7,304.0,0,False,False,none,none,0,1,,,18155853,0xebb930f8,560,1368,981679,29,0,0,0,3,29
2026-09-23 04:02:50,18159,,7,18187904,29,3635,1790,0,0,43,flash,263,6878,18,4,4794058,2013,43,26,0,657,11,3898.4,72.4,304.0,0,False,False,none,none,0,1,,,18185862,0xebb930f8,560,1368,983199,29,0,0,0,3,29
2026-09-23 04:03:20,18189,,7,18217889,29,3641,1793,0,0,43,flash,286,6889,18,4,4802287,2015,43,26,0,657,11,3908.3,72.7,304.0,0,False,False,none,none,0,1,,,18215856,0xebb930f8,560,1368,984978,29,0,0,0,3,29
2026-09-23 04:03:50,18219,,7,18247871,29,3647,1798,0,0,43,flash,232,6896,18,4,4810689,2017,43,26,0,657,11,3899.7,72.5,304.0,0,False,False,none,none,0,1,,,18245839,0xebb930f8,560,1368,986501,29,0,0,0,3,29
2026-09-23 04:04:20,18249,,7,18277864,29,3653,1801,0,0,43,flash,234,6905,18,4,4817839,2019,43,26,0,657,11,3902.7,72.5,304.0,0,False,False,none,none,0,1,,,18275826,0xebb930f8,560,1368,988104,29,0,0,0,3,29
2026-09-23 04:04:50,18279,,7,18307835,29,3659,1804,0,0,43,flash,305,6914,18,4,4825396,2021,43,26,0,657,11,3905.4,72.6,304.0,0,False,False,none,none,0,1,,,18305810,0xebb930f8,560,1368,989628,29,0,0,0,3,29
2026-09-23 04:05:20,18309,,7,18337840,29,3665,1807,0,0,43,flash,225,6927,18,4,4833323,2023,43,26,0,657,11,3909.6,72.6,304.0,0,False,False,none,none,0,1,,,18335811,0xebb930f8,560,1368,991408,29,0,0,0,3,29
2026-09-23 04:05:50,18339,,7,18367823,29,3671,1810,0,0,43,flash,271,6935,18,4,4840719,2025,43,26,0,657,11,3899.0,72.5,304.0,0,False,False,none,none,0,1,,,18365795,0xebb930f8,560,1368,992946,29,0,0,0,3,29
2026-09-23 04:06:20,18369,,7,18397824,29,3677,1813,0,0,43,flash,294,6941,18,4,4849084,2027,43,26,0,657,11,3908.4,72.7,304.0,0,False,False,none,none,0,1,,,18395794,0xebb930f8,560,1368,994611,29,0,0,0,3,29
2026-09-23 04:06:50,18399,,7,18427833,31,3683,1816,0,0,43,flash,245,6956,19,5,4857455,2029,43,26,0,657,11,3901.7,72.6,304.0,0,False,False,none,none,0,1,,,18425797,0xebb930f8,560,1368,996180,31,0,0,0,4,31
2026-09-23 04:07:20,18429,,7,18457820,31,3689,1819,0,0,43,flash,240,6968,19,5,4864584,2031,43,26,0,657,11,3901.3,72.5,304.0,0,False,False,none,none,0,1,,,18455789,0xebb930f8,560,1368,997892,31,0,0,0,4,31
2026-09-23 04:07:50,18459,,7,18487813,31,3695,1822,0,0,43,flash,316,6981,19,5,4872100,2033,43,26,0,657,11,3906.7,72.6,304.0,0,False,False,none,none,0,1,,,18485776,0xebb930f8,560,1368,999557,31,0,0,0,4,31
2026-09-23 04:08:20,18489,,7,18517800,31,3701,1825,0,0,43,flash,230,6991,19,5,4880134,2035,43,26,0,657,11,3912.6,72.6,304.0,0,False,False,none,none,0,1,,,18515765,0xebb930f8,560,1368,1001296,31,0,0,0,4,31
2026-09-23 04:08:50,18519,,7,18547792,31,3707,1828,0,0,43,flash,257,7006,19,5,4887479,2037,43,26,0,657,11,3900.0,72.5,304.0,0,False,False,none,none,0,1,,,18545762,0xebb930f8,560,1368,1002897,31,0,0,0,4,31
2026-09-23 04:09:20,18549,,7,18577785,31,3713,1831,0,0,43,flash,290,7010,19,5,4895742,2039,43,26,0,657,11,3907.8,72.6,304.0,0,False,False,none,none,0,1,,,18575759,0xebb930f8,560,1368,1004595,31,0,0,0,4,31
2026-09-23 04:09:50,18579,,7,18607776,31,3719,1835,0,0,43,flash,234,7022,19,5,4904061,2041,43,26,0,657,11,3900.8,72.5,304.0,0,False,False,none,none,0,1,,,18605741,0xebb930f8,560,1368,1006073,31,0,0,0,4,31
2026-09-23 04:10:20,18609,,7,18637768,31,3725,1838,0,0,43,flash,232,7035,19,5,4911195,2043,43,26,0,657,11,3898.2,72.5,304.0,0,False,False,none,none,0,1,,,18635734,0xebb930f8,560,1368,1007754,31,0,0,0,4,31
2026-09-23 04:10:50,18639,,7,18667748,31,3731,1841,0,0,43,flash,301,7051,19,5,4918765,2045,43,26,0,657,11,3904.4,72.6,304.0,0,False,False,none,none,0,1,,,18665720,0xebb930f8,560,1368,1009267,31,0,0,0,4,31
2026-09-23 04:11:20,18669,,7,18697751,31,3737,1844,0,0,43,flash,236,7059,19,5,4926762,2047,43,26,0,657,11,3912.0,72.6,304.0,0,False,False,none,none,0,1,,,18695720,0xebb930f8,560,1368,1010958,31,0,0,0,4,31
2026-09-23 04:11:50,18699,,7,18727735,31,3743,1847,0,0,43,flash,259,7071,19,5,4934080,2049,43,26,0,657,11,3899.8,72.5,304.0,0,False,False,none,none,0,1,,,18725701,0xebb930f8,560,1368,1012550,31,0,0,0,4,31
2026-09-23 04:12:20,18729,,7,18757715,31,3749,1850,0,0,43,flash,285,7079,19,5,4942253,2051,43,26,0,657,11,3908.5,72.7,304.0,0,False,False,none,none,0,1,,,18755681,0xebb930f8,560,1368,1014349,31,0,0,0,4,31
2026-09-23 04:12:50,18760,,7,18787709,31,3755,1853,0,0,43,flash,234,7094,19,5,4950563,2053,43,26,0,657,11,3900.1,72.5,304.0,0,False,False,none,none,0,1,,,18785680,0xebb930f8,560,1368,1015925,31,0,0,0,4,31
2026-09-23 04:13:20,18790,,7,18817711,31,3761,1856,0,0,43,flash,227,7105,20,5,4957553,2055,43,26,0,657,11,3902.1,72.5,304.0,0,False,False,none,none,0,1,,,18815682,0xebb930f8,560,1368,1017784,31,0,0,0,4,31
2026-09-23 04:13:50,18820,,7,18847685,31,3767,1859,0,0,43,flash,297,7121,20,5,4964957,2057,43,26,0,657,11,3906.5,72.6,304.0,0,False,False,none,none,0,1,,,18845657,0xebb930f8,560,1368,1019517,31,0,0,0,4,31
2026-09-23 04:14:20,18850,,7,18877680,31,3773,1862,0,0,43,flash,233,7133,20,5,4972809,2059,43,26,0,657,11,3912.5,72.6,304.0,0,False,False,none,none,0,1,,,18875651,0xebb930f8,560,1368,1021297,31,0,0,0,4,31
2026-09-23 04:14:50,18880,,7,18907684,31,3779,1865,0,0,43,flash,260,7145,20,5,4980284,2061,43,26,0,657,11,3899.4,72.5,304.0,0,False,False,none,none,0,1,,,18905656,0xebb930f8,560,1368,1022929,31,0,0,0,4,31
2026-09-23 04:15:20,18910,,7,18937671,31,3785,1868,0,0,43,flash,291,7151,20,5,4988641,2063,43,26,0,657,11,3909.3,72.7,304.0,0,False,False,none,none,0,1,,,18935642,0xebb930f8,560,1368,1024667,31,0,0,0,4,31
2026-09-23 04:15:50,18940,,7,18967659,31,3791,1871,0,0,43,flash,239,7161,20,5,4997050,2065,43,26,0,657,11,3899.5,72.5,304.0,0,False,False,none,none,0,1,,,18965632,0xebb930f8,560,1368,1026335,31,0,0,0,4,31
2026-09-23 04:16:20,18970,,7,18997687,32,3797,1874,0,0,43,flash,240,7173,21,6,5004228,2067,43,26,0,657,11,3900.2,72.5,304.0,0,False,False,none,none,0,1,,,18995650,0xebb930f8,560,1368,1027995,32,0,0,0,5,32
2026-09-23 04:16:50,19000,,7,19027678,33,3803,1877,0,0,43,flash,303,7190,21,6,5011816,2069,43,26,0,657,11,3907.1,72.6,304.0,0,False,False,none,none,0,1,,,19025645,0xebb930f8,560,1368,1029632,33,0,0,0,5,33
2026-09-23 04:17:20,19030,,7,19057670,33,3809,1880,0,0,43,flash,236,7199,21,6,5019849,2071,43,26,0,657,11,3912.5,72.6,304.0,0,False,False,none,none,0,1,,,19055638,0xebb930f8,560,1368,1031412,33,0,0,0,5,33
2026-09-23 04:17:50,19060,,7,19087679,33,3815,1883,0,0,43,flash,259,7213,21,6,5027224,2073,43,26,0,657,11,3898.7,72.4,304.0,0,False,False,none,none,0,1,,,19085641,0xebb930f8,560,1368,1033062,33,0,0,0,5,33
2026-09-23 04:18:20,19090,,7,19117664,33,3821,1886,0,0,43,flash,285,7218,21,6,5035461,2075,43,26,0,657,11,3907.4,72.6,304.0,0,False,False,none,none,0,1,,,19115635,0xebb930f8,560,1368,1034873,33,0,0,0,5,33
2026-09-23 04:18:50,19120,,7,19147656,33,3827,1889,0,0,43,flash,243,7230,21,6,5043782,2077,43,26,0,657,11,3900.9,72.5,304.0,0,False,False,none,none,0,1,,,19145630,0xebb930f8,560,1368,1036519,33,0,0,0,5,33
2026-09-23 04:19:20,19150,,7,19177648,33,3833,1892,0,0,43,flash,234,7245,21,6,5050918,2079,43,26,0,657,11,3900.1,72.5,304.0,0,False,False,none,none,0,1,,,19175617,0xebb930f8,560,1368,1038322,33,0,0,0,5,33
2026-09-23 04:19:50,19180,,7,19207633,33,3839,1895,0,0,43,flash,317,7259,21,6,5058496,2081,43,26,0,657,11,3907.9,72.6,304.0,0,False,False,none,none,0,1,,,19205606,0xebb930f8,560,1368,1039899,33,0,0,0,5,33
2026-09-23 04:20:20,19210,,7,19237629,33,3845,1898,0,0,43,flash,223,7266,21,6,5066564,2083,43,26,0,657,11,3912.9,72.6,304.0,0,False,False,none,none,0,1,,,19235599,0xebb930f8,560,1368,1041584,33,0,0,0,5,33
2026-09-23 04:20:50,19240,,7,19267642,33,3851,1901,0,0,43,flash,253,7280,21,6,5073914,2085,43,26,0,657,11,3899.3,72.5,304.0,0,False,False,none,none,0,1,,,19265603,0xebb930f8,560,1368,1043189,33,0,0,0,5,33
2026-09-23 04:21:20,19270,,7,19297630,33,3857,1904,0,0,43,flash,284,7287,21,6,5082244,2087,43,26,0,657,11,3909.9,72.7,304.0,0,False,False,none,none,0,1,,,19295605,0xebb930f8,560,1368,1044856,33,0,0,0,5,33
2026-09-23 04:21:50,19300,,7,19327629,33,3863,1907,0,0,43,flash,230,7299,21,6,5090598,2089,43,26,0,657,11,3901.5,72.5,304.0,0,False,False,none,none,0,1,,,19325602,0xebb930f8,560,1368,1046416,33,0,0,0,5,33
2026-09-23 04:22:20,19330,,7,19357623,34,3869,1910,0,0,43,flash,232,7312,21,6,5097686,2091,43,26,0,657,11,3898.3,72.5,304.0,0,False,False,none,none,0,1,,,19355591,0xebb930f8,560,1368,1048141,34,0,0,0,5,34
2026-09-23 04:22:50,19360,,7,19387597,34,3875,1913,0,0,43,flash,303,7328,21,6,5105158,2093,43,26,0,657,11,3906.6,72.6,304.0,0,False,False,none,none,0,1,,,19385564,0xebb930f8,560,1368,1049778,34,0,0,0,5,34
2026-09-23 04:23:20,19390,,7,19417604,34,3881,1916,0,0,43,flash,229,7336,21,6,5113173,2095,43,26,0,657,11,3912.7,72.6,304.0,0,False,False,none,none,0,1,,,19415570,0xebb930f8,560,1368,1051452,34,0,0,0,5,34
2026-09-23 04:23:50,19420,,7,19447587,34,3887,1919,0,0,43,flash,261,7353,21,6,5120588,2097,43,26,0,657,11,3899.2,72.5,304.0,0,False,False,none,none,0,1,,,19445553,0xebb930f8,560,1368,1053044,34,0,0,0,5,34
2026-09-23 04:24:20,19450,,7,19477588,34,3893,1922,0,0,43,flash,280,7365,21,6,5128866,2099,43,26,0,657,11,3908.6,72.7,304.0,0,False,False,none,none,0,1,,,19475557,0xebb930f8,560,1368,1054820,34,0,0,0,5,34
2026-09-23 04:24:50,19480,,7,19507572,34,3899,1925,0,0,43,flash,241,7381,21,6,5137222,2101,43,26,0,657,11,3900.4,72.5,304.0,0,False,False,none,none,0,1,,,19505546,0xebb930f8,560,1368,1056409,34,0,0,0,5,34
2026-09-23 04:25:20,19510,,7,19537584,34,3905,1928,0,0,43,flash,242,7396,21,6,5144310,2103,43,26,0,657,11,3900.5,72.5,304.0,0,False,False,none,none,0,1,,,19535553,0xebb930f8,560,1368,1058165,34,0,0,0,5,34
2026-09-23 04:25:50,19540,,7,19567570,34,3911,1932,0,0,43,flash,311,7416,21,6,5151850,2105,43,26,0,657,11,3907.1,72.6,304.0,0,False,False,none,none,0,1,,,19565537,0xebb930f8,560,1368,1059798,34,0,0,0,5,34
2026-09-23 04:26:20,19570,,7,19597565,34,3917,1935,0,0,43,flash,221,7430,21,6,5159769,2107,43,26,0,657,11,3912.6,72.6,304.0,0,False,False,none,none,0,1,,,19595536,0xebb930f8,560,1368,1061677,34,0,0,0,5,34
2026-09-23 04:26:50,19600,,7,19627559,34,3923,1938,0,0,43,flash,268,7449,21,6,5167125,2109,43,26,0,657,11,3899.8,72.5,304.0,0,False,False,none,none,0,1,,,19625524,0xebb930f8,560,1368,1063249,34,0,0,0,5,34
2026-09-23 04:27:20,19630,,7,19657555,34,3929,1941,0,0,43,flash,291,7460,21,6,5175325,2111,43,26,0,657,11,3908.8,72.7,304.0,0,False,False,none,none,0,1,,,19655517,0xebb930f8,560,1368,1064957,34,0,0,0,5,34
2026-09-23 04:27:50,19660,,7,19687525,34,3935,1944,0,0,43,flash,237,7467,21,6,5183655,2113,43,26,0,657,11,3899.2,72.5,304.0,0,False,False,none,none,0,1,,,19685493,0xebb930f8,560,1368,1066592,34,0,0,0,5,34
2026-09-23 04:28:20,19690,,7,19717510,34,3941,1948,0,0,43,flash,235,7479,21,6,5190770,2115,43,26,0,657,11,3899.0,72.5,304.0,0,False,False,none,none,0,1,,,19715481,0xebb930f8,560,1368,1068290,34,0,0,0,5,34
2026-09-23 04:28:50,19720,,7,19747506,34,3947,1951,0,0,43,flash,311,7495,21,6,5198285,2117,43,26,0,657,11,3906.7,72.6,304.0,0,False,False,none,none,0,1,,,19745470,0xebb930f8,560,1368,1069892,34,0,0,0,5,34
2026-09-23 04:29:20,19750,,7,19777486,34,3953,1954,0,0,43,flash,231,7503,21,6,5206258,2119,43,26,0,657,11,3912.6,72.6,304.0,0,False,False,none,none,0,1,,,19775455,0xebb930f8,560,1368,1071543,34,0,0,0,5,34
2026-09-23 04:29:50,19780,,7,19807502,34,3959,1957,0,0,43,flash,255,7521,21,6,5213610,2121,43,26,0,657,11,3898.9,72.5,304.0,0,False,False,none,none,0,1,,,19805461,0xebb930f8,560,1368,1073069,34,0,0,0,5,34
2026-09-23 04:30:20,19810,,7,19837475,34,3965,1960,0,0,43,flash,282,7527,21,6,5221816,2123,43,26,0,657,11,3907.2,72.7,304.0,0,False,False,none,none,0,1,,,19835439,0xebb930f8,560,1368,1074801,34,0,0,0,5,34
2026-09-23 04:30:50,19840,,7,19867448,34,3971,1963,0,0,43,flash,236,7539,21,6,5230057,2125,43,26,0,657,11,3900.5,72.5,304.0,0,False,False,none,none,0,1,,,19865420,0xebb930f8,560,1368,1076408,34,0,0,0,5,34
2026-09-23 04:31:20,19870,,7,19897432,34,3977,1966,0,0,43,flash,231,7550,21,6,5237103,2127,43,26,0,657,11,3901.8,72.5,304.0,0,False,False,none,none,0,1,,,19895399,0xebb930f8,560,1368,1078106,34,0,0,0,5,34
2026-09-23 04:31:50,19900,,7,19927453,34,3983,1969,0,0,43,flash,307,7568,21,6,5244521,2129,43,26,0,657,11,3906.2,72.6,304.0,0,False,False,none,none,0,1,,,19925417,0xebb930f8,560,1368,1079767,34,0,0,0,5,34
2026-09-23 04:32:20,19930,,7,19957439,34,3989,1972,0,0,43,flash,227,7577,21,6,5252631,2131,43,26,0,657,11,3913.5,72.6,304.0,0,False,False,none,none,0,1,,,19955411,0xebb930f8,560,1368,1081484,34,0,0,0,5,34
2026-09-23 04:32:50,19960,,7,19987425,34,3995,1976,0,0,43,flash,260,7592,21,6,5260018,2133,43,26,0,657,11,3898.2,72.5,304.0,0,False,False,none,none,0,1,,,19985393,0xebb930f8,560,1368,1083099,34,0,0,0,5,34
2026-09-23 04:33:20,19990,,7,20017437,34,4001,1979,0,0,43,flash,292,7597,21,6,5268317,2135,43,26,0,657,11,3907.7,72.6,304.0,0,False,False,none,none,0,1,,,20015400,0xebb930f8,560,1368,1084839,34,0,0,0,5,34
2026-09-23 04:33:50,20020,,7,20047416,34,4007,1982,0,0,43,flash,242,7606,21,6,5276646,2137,43,26,0,657,11,3900.2,72.5,304.0,0,False,False,none,none,0,1,,,20045383,0xebb930f8,560,1368,1086434,34,0,0,0,5,34
2026-09-23 04:34:20,20050,,7,20077407,34,4013,1985,0,0,43,flash,224,7620,22,6,5283775,2139,43,26,0,657,11,3900.6,72.5,304.0,0,False,False,none,none,0,1,,,20075372,0xebb930f8,560,1368,1088123,34,0,0,0,5,34
2026-09-23 04:34:50,20080,,7,20107406,34,4019,1988,0,0,43,flash,305,7631,22,6,5291311,2141,43,26,0,657,11,3905.9,72.6,304.0,0,False,False,none,none,0,1,,,20105374,0xebb930f8,560,1368,1089728,34,0,0,0,5,34
2026-09-23 04:35:20,20110,,7,20137399,35,4025,1991,0,0,43,flash,227,7641,22,6,5299271,2143,43,26,0,657,11,3911.2,72.6,304.0,0,False,False,none,none,0,1,,,20135362,0xebb930f8,560,1368,1091474,35,0,0,0,5,35
2026-09-23 04:35:50,20140,,7,20167365,35,4031,1994,0,0,43,flash,245,7655,22,6,5306580,2145,43,26,0,657,11,3900.0,72.5,304.0,0,False,False,none,none,0,1,,,20165337,0xebb930f8,560,1368,1093091,35,0,0,0,5,35
2026-09-23 04:36:20,20170,,7,20197383,35,4037,1997,0,0,43,flash,291,7661,22,6,5314733,2147,43,26,0,657,11,3907.3,72.6,304.0,0,False,False,none,none,0,1,,,20195344,0xebb930f8,560,1368,1094982,35,0,0,0,5,35
2026-09-23 04:36:50,20200,,7,20227360,35,4043,2000,0,0,43,flash,236,7671,22,6,5323093,2149,43,26,0,657,11,3900.3,72.5,304.0,0,False,False,none,none,0,1,,,20225324,0xebb930f8,560,1368,1096577,35,0,0,0,5,35
2026-09-23 04:37:20,20230,,7,20257344,35,4049,2003,0,0,43,flash,239,7680,22,6,5330147,2151,43,26,0,657,11,3900.8,72.5,304.0,0,False,False,none,none,0,1,,,20255311,0xebb930f8,560,1368,1098404,35,0,0,0,5,35
2026-09-23 04:37:50,20260,,7,20287334,35,4055,2006,0,0,43,flash,314,7691,22,6,5337690,2153,43,26,0,657,11,3905.2,72.6,304.0,0,False,False,none,none,0,1,,,20285300,0xebb930f8,560,1368,1099898,35,0,0,0,5,35
2026-09-23 04:38:20,20290,,7,20317316,35,4061,2009,0,0,43,flash,231,7706,22,6,5345613,2155,43,26,0,657,11,3911.9,72.6,304.0,0,False,False,none,none,0,1,,,20315282,0xebb930f8,560,1368,1101642,35,0,0,0,5,35
2026-09-23 04:38:50,20320,,7,20347324,35,4067,2012,0,0,43,flash,264,7719,22,6,5352950,2157,43,26,0,657,11,3898.1,72.5,304.0,0,False,False,none,none,0,1,,,20345294,0xebb930f8,560,1368,1103283,35,0,0,0,5,35
2026-09-23 04:39:20,20350,,7,20377314,35,4073,2015,0,0,43,flash,276,7725,22,6,5361120,2159,43,26,0,657,11,3907.9,72.6,304.0,0,False,False,none,none,0,1,,,20375273,0xebb930f8,560,1368,1105038,35,0,0,0,5,35
2026-09-23 04:39:50,20380,,7,20407292,35,4079,2018,0,0,43,flash,222,7737,22,6,5369369,2161,43,26,0,657,11,3900.4,72.5,304.0,0,False,False,none,none,0,1,,,20405269,0xebb930f8,560,1368,1106680,35,0,0,0,5,35
2026-09-23 04:40:20,20410,,7,20437319,35,4085,2021,0,0,43,flash,227,7748,22,6,5376396,2163,43,26,0,657,11,3903.1,72.5,304.0,0,False,False,none,none,0,1,,,20435280,0xebb930f8,560,1368,1108408,35,0,0,0,5,35
2026-09-23 04:40:50,20440,,7,20467297,35,4091,2024,0,0,43,flash,294,7760,22,6,5383906,2165,43,26,0,657,11,3907.6,72.6,304.0,0,False,False,none,none,0,1,,,20465263,0xebb930f8,560,1368,1109986,35,0,0,0,5,35
2026-09-23 04:41:20,20470,,7,20497271,35,4097,2027,0,0,43,flash,228,7769,22,6,5391880,2167,43,26,0,657,11,3912.4,72.6,304.0,0,False,False,none,none,0,1,,,20495242,0xebb930f8,560,1368,1111779,35,0,0,0,5,35
2026-09-23 04:41:50,20500,,7,20527273,35,4103,2030,0,0,43,flash,263,7789,22,6,5399205,2169,43,26,0,657,11,3899.1,72.5,304.0,0,False,False,none,none,0,1,,,20525239,0xebb930f8,560,1368,1113424,35,0,0,0,5,35
2026-09-23 04:42:21,20530,,7,20557274,35,4109,2033,0,0,43,flash,290,7797,22,6,5407377,2171,43,26,0,657,11,3908.3,72.7,304.0,0,False,False,none,none,0,1,,,20555235,0xebb930f8,560,1368,1115259,35,0,0,0,5,35
2026-09-23 04:42:51,20560,,7,20587264,35,4115,2036,0,0,43,flash,240,7805,22,6,5415688,2173,43,26,0,657,11,3900.5,72.5,304.0,0,False,False,none,none,0,1,,,20585235,0xebb930f8,560,1368,1116763,35,0,0,0,5,35
2026-09-23 04:43:21,20590,,7,20617270,35,4121,2039,0,0,43,flash,234,7818,22,6,5422755,2175,43,26,0,657,11,3902.6,72.6,304.0,0,False,False,none,none,0,1,,,20615236,0xebb930f8,560,1368,1118537,35,0,0,0,5,35
2026-09-23 04:43:51,20620,,7,20647262,36,4127,2042,0,0,43,flash,302,7837,23,7,5430235,2177,43,26,0,657,11,3907.4,72.6,304.0,0,False,False,none,none,0,1,,,20645220,0xebb930f8,560,1368,1120062,36,0,0,0,6,36
2026-09-23 04:44:21,20650,,7,20677235,36,4133,2045,0,0,43,flash,230,7847,23,7,5438164,2179,43,26,0,657,11,3914.0,72.7,304.0,0,False,False,none,none,0,1,,,20675202,0xebb930f8,560,1368,1121796,36,0,0,0,6,36
2026-09-23 04:44:51,20680,,7,20707241,36,4139,2048,0,0,43,flash,256,7856,23,7,5445446,2181,43,26,0,657,11,3901.2,72.5,304.0,0,False,False,none,none,0,1,,,20705201,0xebb930f8,560,1368,1123335,36,0,0,0,6,36
2026-09-23 04:45:21,20710,,7,20737216,36,4145,2051,0,0,43,flash,294,7863,23,7,5453702,2183,43,26,0,657,11,3908.4,72.7,304.0,0,False,False,none,none,0,1,,,20735185,0xebb930f8,560,1368,1124987,36,0,0,0,6,36
2026-09-23 04:45:51,20740,,7,20767213,36,4151,2054,0,0,43,flash,231,7873,23,7,5461968,2185,43,26,0,657,11,3901.7,72.5,304.0,0,False,False,none,none,0,1,,,20765174,0xebb930f8,560,1368,1126612,36,0,0,0,6,36
2026-09-23 04:46:21,20770,,7,20797206,36,4157,2057,0,0,43,flash,238,7886,23,7,5469016,2187,43,26,0,657,11,3900.6,72.6,304.0,0,False,False,none,none,0,1,,,20795172,0xebb930f8,560,1368,1128349,36,0,0,0,6,36
2026-09-23 04:46:51,20800,,7,20827185,36,4163,2060,0,0,43,flash,301,7902,23,7,5476434,2189,43,26,0,657,11,3907.1,72.7,304.0,0,False,False,none,none,0,1,,,20825150,0xebb930f8,560,1368,1129975,36,0,0,0,6,36
2026-09-23 04:47:21,20830,,7,20857181,36,4169,2063,0,0,43,flash,219,7914,23,7,5484343,2191,43,26,0,657,11,3912.7,72.6,304.0,0,False,False,none,none,0,1,,,20855145,0xebb930f8,560,1368,1131665,36,0,0,0,6,36
2026-09-23 04:47:51,20860,,7,20887167,36,4175,2066,0,0,43,flash,246,7928,23,7,5491596,2193,43,26,0,657,11,3898.8,72.5,304.0,0,False,False,none,none,0,1,,,20885128,0xebb930f8,560,1368,1133303,36,0,0,0,6,36
2026-09-23 04:48:21,20890,,7,20917143,36,4181,2069,0,0,43,flash,284,7936,23,7,5499712,2195,43,26,0,657,11,3909.1,72.7,304.0,0,False,False,none,none,0,1,,,20915106,0xebb930f8,560,1368,1135017,36,0,0,0,6,36
2026-09-23 04:48:51,20920,,7,20947158,36,4187,2072,0,0,43,flash,241,7947,23,7,5507947,2197,43,26,0,657,11,3902.4,72.5,304.0,0,False,False,none,none,0,1,,,20945121,0xebb930f8,560,1368,1136527,36,0,0,0,6,36
2026-09-23 04:49:21,20950,,7,20977137,36,4193,2075,0,0,43,flash,234,7962,23,7,5514962,2199,43,26,0,657,11,3898.9,72.5,304.0,0,False,False,none,none,0,1,,,20975101,0xebb930f8,560,1368,1138164,36,0,0,0,6,36
2026-09-23 04:49:51,20980,,7,21007105,36,4199,2078,0,0,43,flash,307,7978,23,7,5522638,2201,43,26,0,657,11,3906.5,72.6,304.0,0,False,False,none,none,0,1,,,21005074,0xebb930f8,560,1368,1139680,36,0,0,0,6,36
2026-09-23 04:50:21,21010,,7,21037113,36,4205,2081,0,0,43,flash,226,7991,23,7,5530728,2203,43,26,0,657,11,3911.7,72.6,304.0,0,False,False,none,none,0,1,,,21035079,0xebb930f8,560,1368,1141484,36,0,0,0,6,36
2026-09-23 04:50:51,21040,,7,21067105,36,4211,2084,0,0,43,flash,261,8003,23,7,5538187,2205,43,26,0,657,11,3898.4,72.5,304.0,0,False,False,none,none,0,1,,,21065067,0xebb930f8,560,1368,1143027,36,0,0,0,6,36
2026-09-23 04:51:21,21070,,7,21097086,36,4217,2087,0,0,43,flash,293,8008,23,7,5546492,2207,43,26,0,657,11,3910.0,72.7,304.0,0,False,False,none,none,0,1,,,21095056,0xebb930f8,560,1368,1144748,36,0,0,0,6,36
2026-09-23 04:51:51,21100,,7,21127098,36,4223,2090,0,0,43,flash,241,8017,23,7,5554954,2209,43,26,0,657,11,3900.7,72.5,304.0,0,False,False,none,none,0,1,,,21125058,0xebb930f8,560,1368,1146286,36,0,0,0,6,36
2026-09-23 04:52:21,21130,,7,21157089,36,4229,2093,0,0,43,flash,244,8027,23,7,5562109,2211,43,26,0,657,11,3900.3,72.5,304.0,0,False,False,none,none,0,1,,,21155046,0xebb930f8,560,1368,1148007,36,0,0,0,6,36
2026-09-23 04:52:51,21160,,7,21187056,36,4235,2096,0,0,43,flash,309,8040,23,7,5569640,2213,43,26,0,657,11,3906.2,72.6,304.0,0,False,False,none,none,0,1,,,21185017,0xebb930f8,560,1368,1149648,36,0,0,0,6,36
2026-09-23 04:53:21,21190,,7,21217069,36,4241,2099,0,0,43,flash,235,8049,23,7,5577710,2215,43,26,0,657,11,3912.6,72.6,304.0,0,False,False,none,none,0,1,,,21215036,0xebb930f8,560,1368,1151298,36,0,0,0,6,36
2026-09-23 04:53:51,21220,,7,21247059,36,4247,2102,0,0,43,flash,257,8065,23,7,5585100,2217,43,26,0,657,11,3899.7,72.5,304.0,0,False,False,none,none,0,1,,,21245021,0xebb930f8,560,1368,1152863,36,0,0,0,6,36
2026-09-23 04:54:21,21250,,7,21277043,36,4253,2105,0,0,43,flash,285,8070,23,7,5593380,2219,43,26,0,657,11,3908.3,72.6,304.0,0,False,False,none,none,0,1,,,21275000,0xebb930f8,560,1368,1154684,36,0,0,0,6,36
2026-09-23 04:54:51,21280,,7,21307023,36,4259,2108,0,0,43,flash,247,8081,23,7,5601776,2221,43,26,0,657,11,3899.8,72.5,304.0,0,False,False,none,none,0,1,,,21304988,0xebb930f8,560,1368,1156250,36,0,0,0,6,36
2026-09-23 04:55:21,21310,,7,21337023,36,4265,2111,0,0,43,flash,233,8096,23,7,5608884,2223,43,26,0,657,11,3899.9,72.5,304.0,0,False,False,none,none,0,1,,,21334984,0xebb930f8,560,1368,1158028,36,0,0,0,6,36
2026-09-23 04:55:51,21340,,7,21367033,36,4271,2114,0,0,43,flash,299,8114,24,7,5616381,2225,43,26,0,657,11,3907.0,72.6,304.0,0,False,False,none,none,0,1,,,21365002,0xebb930f8,560,1368,1159610,36,0,0,0,6,36
2026-09-23 04:56:21,21370,,7,21397014,36,4277,2117,0,0,43,flash,228,8125,24,7,5624437,2227,43,26,0,657,11,3914.1,72.6,304.0,0,False,False,none,none,0,1,,,21394976,0xebb930f8,560,1368,1161354,36,0,0,0,6,36
2026-09-23 04:56:51,21400,,7,21426991,36,4283,2120,0,0,43,flash,254,8140,24,7,5631725,2229,43,26,0,657,11,3900.3,72.5,304.0,0,False,False,none,none,0,1,,,21424967,0xebb930f8,560,1368,1163093,36,0,0,0,6,36
2026-09-23 04:57:21,21430,,7,21457007,36,4289,2123,0,0,43,flash,286,8144,24,7,5639973,2231,43,26,0,657,11,3909.2,72.7,304.0,0,False,False,none,none,0,1,,,21454975,0xebb930f8,560,1368,1164796,36,0,0,0,6,36
2026-09-23 04:57:51,21460,,7,21487007,36,4295,2126,0,0,43,flash,234,8156,24,7,5648236,2233,43,26,0,657,11,3902.2,72.6,304.0,0,False,False,none,none,0,1,,,21484973,0xebb930f8,560,1368,1166468,36,0,0,0,6,36
2026-09-23 04:58:21,21490,,7,21516996,36,4301,2129,0,0,43,flash,234,8167,24,7,5655362,2235,43,26,0,657,11,3900.0,72.5,304.0,0,False,False,none,none,0,1,,,21514956,0xebb930f8,560,1368,1168195,36,0,0,0,6,36
2026-09-23 04:58:51,21520,,7,21546985,36,4307,2132,0,0,43,flash,302,8181,24,7,5662932,2237,43,26,0,657,11,3905.7,72.6,304.0,0,False,False,none,none,0,1,,,21544949,0xebb930f8,560,1368,1169784,36,0,0,0,6,36
2026-09-23 04:59:21,21550,,7,21576961,36,4313,2135,0,0,43,flash,240,8192,24,7,5670959,2239,43,26,0,657,11,3913.6,72.6,304.0,0,False,False,none,none,0,1,,,21574928,0xebb930f8,560,1368,1171561,36,0,0,0,6,36
2026-09-23 04:59:51,21580,,7,21606955,36,4319,2138,0,0,43,flash,251,8206,24,7,5678321,2241,43,26,0,657,11,3897.7,72.5,304.0,0,False,False,none,none,0,1,,,21604917,0xebb930f8,560,1368,1173180,36,0,0,0,6,36
2026-09-23 05:00:21,21610,,7,21636919,36,4325,2141,0,0,43,flash,284,8215,24,7,5686531,2243,43,26,0,657,11,3908.2,72.6,304.0,0,False,False,none,none,0,1,,,21634888,0xebb930f8,560,1368,1174967,36,0,0,0,6,36
2026-09-23 05:00:51,21640,,7,21666945,36,4331,2144,0,0,43,flash,237,8225,24,7,5694921,2245,43,26,0,657,11,3900.7,72.5,304.0,0,False,False,none,none,0,1,,,21664912,0xebb930f8,560,1368,1176565,36,0,0,0,6,36
2026-09-23 05:01:21,21670,,7,21696942,36,4337,2147,0,0,43,flash,245,8243,24,7,5701993,2247,43,26,0,657,11,3898.8,72.5,304.0,0,False,False,none,none,0,1,,,21694907,0xebb930f8,560,1368,1178339,36,0,0,0,6,36
2026-09-23 05:01:51,21700,,7,21726927,36,4343,2150,0,0,43,flash,295,8258,24,7,5709503,2249,43,26,0,657,11,3905.6,72.6,304.0,0,False,False,none,none,0,1,,,21724898,0xebb930f8,560,1368,1179890,36,0,0,0,6,36
2026-09-23 05:02:21,21730,,7,21756944,37,4349,2153,0,0,43,flash,225,8271,24,7,5717487,2251,43,26,0,657,11,3911.6,72.6,304.0,0,False,False,none,none,0,1,,,21754903,0xebb930f8,560,1368,1181563,37,0,0,0,6,37
2026-09-23 05:02:51,21760,,7,21786921,37,4355,2156,0,0,43,flash,256,8283,24,7,5724861,2253,43,26,0,657,11,3897.1,72.4,304.0,0,False,False,none,none,0,1,,,21784889,0xebb930f8,560,1368,1183165,37,0,0,0,6,37
2026-09-23 05:03:21,21790,,7,21816908,37,4361,2159,0,0,43,flash,289,8287,24,7,5733058,2255,43,26,0,657,11,3908.5,72.7,304.0,0,False,False,none,none,0,1,,,21814875,0xebb930f8,560,1368,1184987,37,0,0,0,6,37
2026-09-23 05:03:51,21820,,7,21846901,37,4367,2162,0,0,43,flash,236,8298,24,7,5741414,2257,43,26,0,657,11,3900.5,72.5,304.0,0,False,False,none,none,0,1,,,21844870,0xebb930f8,560,1368,1186544,37,0,0,0,6,37
2026-09-23 05:04:21,21850,,7,21876881,37,4373,2165,0,0,43,flash,236,8309,24,7,5748473,2259,43,26,0,657,11,3902.3,72.5,304.0,0,False,False,none,none,0,1,,,21874846,0xebb930f8,560,1368,1188268,37,0,0,0,6,37
2026-09-23 05:04:51,21880,,7,21906873,37,4379,2168,0,0,43,flash,297,8322,24,7,5755981,2261,43,26,0,657,11,3907.1,72.7,304.0,0,False,False,none,none,0,1,,,21904839,0xebb930f8,560,1368,1189779,37,0,0,0,6,37
2026-09-23 05:05:21,21910,,7,21936874,37,4385,2171,0,0,43,flash,230,8332,24,7,5763977,2263,43,26,0,657,11,3912.8,72.6,304.0,0,False,False,none,none,0,1,,,21934847,0xebb930f8,560,1368,1191484,37,0,0,0,6,37
2026-09-23 05:05:51,21940,,7,21966872,37,4391,2174,0,0,43,flash,251,8345,24,7,5771292,2265,43,26,0,657,11,3900.7,72.5,304.0,0,False,False,none,none,0,1,,,21964836,0xebb930f8,560,1368,1193029,37,0,0,0,6,37
2026-09-23 05:06:21,21970,,7,21996861,37,4397,2177,0,0,43,flash,289,8348,24,7,5779474,2267,43,26,0,657,11,3910.4,72.7,304.0,0,False,False,none,none,0,1,,,21994830,0xebb930f8,560,1368,1194689,37,0,0,0,6,37
2026-09-23 05:06:51,22000,,7,22026874,37,4403,2180,0,0,43,flash,248,8358,24,7,5787755,2269,43,26,0,657,11,3899.7,72.5,304.0,0,False,False,none,none,0,1,,,22024832,0xebb930f8,560,1368,1196189,37,0,0,0,6,37
2026-09-23 05:07:21,22030,,7,22056847,37,4409,2183,0,0,43,flash,232,8369,24,7,5794886,2271,43,26,0,657,11,3900.9,72.5,304.0,0,False,False,none,none,0,1,,,22054820,0xebb930f8,560,1368,1198012,37,0,0,0,6,37
2026-09-23 05:07:51,22060,,7,22086842,37,4415,2186,0,0,43,flash,305,8384,24,7,5802443,2273,43,26,0,657,11,3904.4,72.6,304.0,0,False,False,none,none,0,1,,,22084803,0xebb930f8,560,1368,1199573,37,0,0,0,6,37
2026-09-23 05:08:21,22090,,7,22116811,38,4421,2189,0,0,43,flash,220,8397,24,7,5810485,2275,43,26,0,657,11,3912.0,72.6,304.0,0,False,False,none,none,0,1,,,22114784,0xebb930f8,560,1368,1201349,38,0,0,0,6,38
2026-09-23 05:08:51,22120,,7,22146836,38,4427,2192,0,0,43,flash,247,8411,24,7,5817802,2277,43,26,0,657,11,3900.3,72.5,304.0,0,False,False,none,none,0,1,,,22144795,0xebb930f8,560,1368,1203036,38,0,0,0,6,38
2026-09-23 05:09:21,22150,,7,22176805,38,4433,2195,0,0,43,flash,293,8421,24,7,5826082,2279,43,26,0,657,11,3908.7,72.7,304.0,0,False,False,none,none,0,1,,,22174772,0xebb930f8,560,1368,1204756,38,0,0,0,6,38
2026-09-23 05:09:51,22180,,7,22206814,38,4439,2198,0,0,43,flash,239,8432,24,7,5834431,2281,43,26,0,657,11,3901.5,72.5,304.0,0,False,False,none,none,0,1,,,22204776,0xebb930f8,560,1368,1206373,38,0,0,0,6,38
2026-09-23 05:10:21,22210,,7,22236808,38,4445,2201,0,0,43,flash,235,8444,24,7,5841515,2283,43,26,0,657,11,3898.4,72.5,304.0,0,False,False,none,none,0,1,,,22234771,0xebb930f8,560,1368,1208116,38,0,0,0,6,38
2026-09-23 05:10:51,22240,,7,22266782,38,4451,2204,0,0,43,flash,305,8458,24,7,5848956,2285,43,26,0,657,11,3906.2,72.6,304.0,0,False,False,none,none,0,1,,,22264750,0xebb930f8,560,1368,1209771,38,0,0,0,6,38
2026-09-23 05:11:21,22270,,7,22296785,38,4457,2207,0,0,43,flash,236,8468,24,7,5856947,2287,43,26,0,657,11,3912.0,72.6,304.0,0,False,False,none,none,0,1,,,22294752,0xebb930f8,560,1368,1211479,38,0,0,0,6,38
2026-09-23 05:11:51,22300,,7,22326774,38,4463,2210,0,0,43,flash,260,8479,24,7,5864327,2289,43,26,0,657,11,3896.8,72.5,304.0,0,False,False,none,none,0,1,,,22324737,0xebb930f8,560,1368,1213039,38,0,0,0,6,38
2026-09-23 05:12:21,22331,,7,22356770,38,4469,2213,0,0,43,flash,297,8486,24,7,5872539,2291,43,26,0,657,11,3908.1,72.6,304.0,0,False,False,none,none,0,1,,,22354734,0xebb930f8,560,1368,1214801,38,0,0,0,6,38
2026-09-23 05:12:51,22361,,7,22386755,38,4475,2216,0,0,43,flash,242,8495,24,7,5880840,2293,43,26,0,657,11,3899.5,72.5,304.0,0,False,False,none,none,0,1,,,22384718,0xebb930f8,560,1368,1216435,38,0,0,0,6,38
2026-09-23 05:13:21,22391,,7,22416743,38,4481,2219,0,0,43,flash,243,8513,24,7,5887860,2295,43,26,0,657,11,3902.4,72.5,304.0,0,False,False,none,none,0,1,,,22414716,0xebb930f8,560,1368,1218237,38,0,0,0,6,38
2026-09-23 05:13:51,22421,,7,22446738,38,4487,2222,0,0,43,flash,302,8527,24,7,5895372,2297,43,26,0,657,11,3907.7,72.7,304.0,0,False,False,none,none,0,1,,,22444702,0xebb930f8,560,1368,1219782,38,0,0,0,6,38
2026-09-23 05:14:21,22451,,7,22476732,38,4493,2225,0,0,43,flash,222,8538,24,7,5903359,2299,43,26,0,657,11,3911.9,72.6,304.0,0,False,False,none,none,0,1,,,22474704,0xebb930f8,560,1368,1221466,38,0,0,0,6,38
2026-09-23 05:14:51,22481,,7,22506722,38,4499,2228,0,0,43,flash,252,8556,24,7,5910681,2301,43,26,0,657,11,3898.9,72.5,304.0,0,False,False,none,none,0,1,,,22504681,0xebb930f8,560,1368,1222979,38,0,0,0,6,38
2026-09-23 05:15:21,22511,,7,22536701,38,4505,2231,0,0,43,flash,283,8563,24,7,5918805,2303,43,26,0,657,11,3908.5,72.7,304.0,0,False,False,none,none,0,1,,,22534673,0xebb930f8,560,1368,1224710,38,0,0,0,6,38
2026-09-23 05:15:51,22541,,7,22566711,38,4511,2234,0,0,43,flash,232,8574,24,7,5927128,2305,43,26,0,657,11,3902.2,72.5,304.0,0,False,False,none,none,0,1,,,22564670,0xebb930f8,560,1368,1226336,38,0,0,0,6,38
2026-09-23 05:16:21,22571,,7,22596685,38,4517,2237,0,0,43,flash,233,8587,24,7,5934226,2307,43,26,0,657,11,3899.4,72.5,304.0,0,False,False,none,none,0,1,,,22594658,0xebb930f8,560,1368,1228089,38,0,0,0,6,38
2026-09-23 05:16:51,22601,,7,22626683,38,4523,2240,0,0,43,flash,304,8602,25,7,5941696,2309,43,26,0,657,11,3907.0,72.7,304.0,0,False,False,none,none,0,1,,,22624651,0xebb930f8,560,1368,1229725,38,0,0,0,6,38
2026-09-23 05:17:21,22631,,7,22656666,38,4529,2243,0,0,43,flash,229,8612,25,7,5949676,2311,43,26,0,657,11,3912.0,72.6,304.0,0,False,False,none,none,0,1,,,22654633,0xebb930f8,560,1368,1231466,38,0,0,0,6,38
2026-09-23 05:17:51,22661,,7,22686672,38,4535,2246,0,0,43,flash,245,8626,25,7,5956969,2313,43,26,0,657,11,3897.5,72.5,304.0,0,False,False,none,none,0,1,,,22684640,0xebb930f8,560,1368,1233093,38,0,0,0,6,38
2026-09-23 05:18:21,22691,,7,22716667,38,4541,2249,0,0,43,flash,273,8638,25,7,5965165,2315,43,26,0,657,11,3908.6,72.7,304.0,0,False,False,none,none,0,1,,,22714630,0xebb930f8,560,1368,1234857,38,0,0,0,6,38
2026-09-23 05:18:51,22721,,7,22746640,38,4547,2252,0,0,43,flash,234,8647,25,7,5973434,2317,43,26,0,657,11,3899.8,72.5,304.0,0,False,False,none,none,0,1,,,22744605,0xebb930f8,560,1368,1236444,38,0,0,0,6,38
2026-09-23 05:19:21,22751,,7,22776612,38,4553,2255,0,0,43,flash,235,8657,25,7,5980467,2319,43,26,0,657,11,3900.0,72.5,304.0,0,False,False,none,none,0,1,,,22774585,0xebb930f8,560,1368,1238185,38,0,0,0,6,38
2026-09-23 05:19:51,22781,,7,22806630,38,4559,2258,0,0,43,flash,310,8675,25,7,5987862,2321,43,26,0,657,11,3906.3,72.6,304.0,0,False,False,none,none,0,1,,,22804592,0xebb930f8,560,1368,1239792,38,0,0,0,6,38
2026-09-23 05:20:21,22811,,7,22836625,38,4565,2261,0,0,43,flash,217,8684,25,7,5995878,2323,43,26,0,657,11,3911.3,72.6,304.0,0,False,False,none,none,0,1,,,22834592,0xebb930f8,560,1368,1241504,38,0,0,0,6,38
2026-09-23 05:20:51,22841,,7,22866607,38,4571,2264,0,0,43,flash,259,8701,25,7,6003193,2325,43,26,0,657,11,3898.0,72.5,304.0,0,False,False,none,none,0,1,,,22864579,0xebb930f8,560,1368,1243062,38,0,0,0,6,38
2026-09-23 05:21:21,22871,,7,22896600,38,4577,2267,0,0,43,flash,285,8710,25,7,6011354,2327,43,26,0,657,11,3908.1,72.6,304.0,0,False,False,none,none,0,1,,,22894572,0xebb930f8,560,1368,1244818,38,0,0,0,6,38
2026-09-23 05:21:51,22901,,7,22926590,38,4583,2270,0,0,43,flash,238,8721,25,7,6019929,2329,43,26,0,657,11,3901.2,72.5,304.0,0,False,False,none,none,0,1,,,22924558,0xebb930f8,560,1368,1246427,38,0,0,0,6,38
2026-09-23 05:22:21,22931,,7,22956610,38,4589,2273,0,0,43,flash,251,8733,25,7,6027260,2331,43,26,0,657,11,3900.6,72.5,304.0,0,False,False,none,none,0,1,,,22954571,0xebb930f8,560,1368,1248169,38,0,0,0,6,38
2026-09-23 05:22:51,22961,,7,22986597,38,4595,2276,0,0,43,flash,328,8748,25,7,6035193,2333,43,26,0,657,11,3905.7,72.6,304.0,0,False,False,none,none,0,1,,,22984562,0xebb930f8,560,1368,1249726,38,0,0,0,6,38
2026-09-23 05:23:21,22991,,7,23016574,38,4601,2279,0,0,43,flash,241,8755,25,7,6043696,2335,43,26,0,657,11,3910.4,72.5,304.0,0,False,False,none,none,0,1,,,23014546,0xebb930f8,560,1368,1251411,38,0,0,0,6,38
2026-09-23 05:23:51,23021,,7,23046600,38,4607,2282,0,0,43,flash,278,8771,25,7,6051415,2337,43,26,0,657,11,3899.8,72.5,304.0,0,False,False,none,none,0,1,,,23044561,0xebb930f8,560,1368,1252944,38,0,0,0,6,38
2026-09-23 05:24:21,23051,,7,23076590,38,4613,2285,0,0,43,flash,297,8782,25,7,6060047,2339,43,26,0,657,11,3908.5,72.6,304.0,0,False,False,none,none,0,1,,,23074558,0xebb930f8,560,1368,1254651,38,0,0,0,6,38
2026-09-23 05:24:51,23081,,7,23106560,38,4619,2288,0,0,43,flash,252,8794,25,7,6068875,2341,43,26,0,657,11,3901.2,72.5,304.0,0,False,False,none,none,0,1,,,23104528,0xebb930f8,560,1368,1256118,38,0,0,0,6,38
2026-09-23 05:25:21,23111,,7,23136589,38,4625,2291,0,0,43,flash,247,8806,25,7,6076326,2343,43,26,0,657,11,3900.1,72.5,304.0,0,False,False,none,none,0,1,,,23134548,0xebb930f8,560,1368,1257919,38,0,0,0,6,38
2026-09-23 05:25:51,23141,,7,23166572,38,4631,2294,0,0,43,flash,316,8820,25,7,6084206,2345,43,26,0,657,11,3906.9,72.6,304.0,0,False,False,none,none,0,1,,,23164543,0xebb930f8,560,1368,1259467,38,0,0,0,6,38
2026-09-23 05:26:21,23171,,7,23196554,38,4637,2298,0,0,43,flash,235,8829,25,7,6092639,2347,43,26,0,657,11,3912.0,72.6,304.0,0,False,False,none,none,0,1,,,23194521,0xebb930f8,560,1368,1261167,38,0,0,0,6,38
2026-09-23 05:26:51,23201,,7,23226567,38,4643,2301,0,0,43,flash,251,8843,25,7,6100287,2349,43,26,0,657,11,3899.3,72.5,304.0,0,False,False,none,none,0,1,,,23224528,0xebb930f8,560,1368,1262754,38,0,0,0,6,38
2026-09-23 05:27:21,23231,,7,23256574,38,4649,2304,0,0,43,flash,294,8847,25,7,6108894,2351,43,26,0,657,11,3909.9,72.7,304.0,0,False,False,none,none,0,1,,,23254532,0xebb930f8,560,1368,1264466,38,0,0,0,6,38
2026-09-23 05:27:51,23261,,7,23286565,38,4655,2307,0,0,43,flash,234,8856,25,7,6117603,2353,43,26,0,657,11,3901.1,72.5,304.0,0,False,False,none,none,0,1,,,23284532,0xebb930f8,560,1368,1266129,38,0,0,0,6,38
2026-09-23 05:28:21,23291,,7,23316538,38,4661,2310,0,0,43,flash,244,8864,25,7,6125039,2355,43,26,0,657,11,3901.2,72.5,304.0,0,False,False,none,none,0,1,,,23314505,0xebb930f8,560,1368,1267890,38,0,0,0,6,38
2026-09-23 05:28:51,23321,,7,23346529,38,4667,2313,0,0,43,flash,326,8878,25,7,6132943,2357,43,26,0,657,11,3904.8,72.6,304.0,0,False,False,none,none,0,1,,,23344494,0xebb930f8,560,1368,1269500,38,0,0,0,6,38
2026-09-23 05:29:21,23351,,7,23376544,38,4673,2316,0,0,43,flash,244,8886,25,7,6141426,2359,43,26,0,657,11,3912.5,72.6,304.0,0,False,False,none,none,0,1,,,23374504,0xebb930f8,560,1368,1271215,38,0,0,0,6,38
2026-09-23 05:29:51,23381,,7,23406532,39,4679,2319,0,0,43,flash,265,8898,25,7,6149066,2361,43,26,0,657,11,3899.6,72.5,304.0,0,False,False,none,none,0,1,,,23404498,0xebb930f8,560,1368,1272907,39,0,0,0,6,39
2026-09-23 05:30:21,23411,,7,23436503,39,4685,2322,0,0,43,flash,311,8903,25,7,6157670,2363,43,26,0,657,11,3908.5,72.7,304.0,0,False,False,none,none,0,1,,,23434475,0xebb930f8,560,1368,1274559,39,0,0,0,6,39
2026-09-23 05:30:51,23441,,7,23466488,39,4691,2325,0,0,43,flash,243,8912,25,7,6166469,2365,43,26,0,657,11,3901.2,72.5,304.0,0,False,False,none,none,0,1,,,23464457,0xebb930f8,560,1368,1276135,39,0,0,0,6,39
2026-09-23 05:31:21,23471,,7,23496475,39,4697,2328,0,0,43,flash,242,8923,25,7,6173806,2367,43,26,0,657,11,3900.5,72.5,304.0,0,False,False,none,none,0,1,,,23494445,0xebb930f8,560,1368,1277935,39,0,0,0,6,39
2026-09-23 05:31:51,23501,,7,23526476,39,4703,2331,0,0,43,flash,315,8934,25,7,6181615,2369,43,26,0,657,11,3905.4,72.6,304.0,0,False,False,none,none,0,1,,,23524448,0xebb930f8,560,1368,1279502,39,0,0,0,6,39
2026-09-23 05:32:21,23531,,7,23556462,39,4709,2334,0,0,43,flash,237,8943,25,7,6189980,2371,43,26,0,657,11,3910.7,72.6,304.0,0,False,False,none,none,0,1,,,23554431,0xebb930f8,560,1368,1281177,39,0,0,0,6,39
2026-09-23 05:32:51,23561,,7,23586448,39,4715,2337,0,0,43,flash,270,8956,25,7,6197611,2373,43,26,0,657,11,3899.9,72.5,304.0,0,False,False,none,none,0,1,,,23584419,0xebb930f8,560,1368,1282737,39,0,0,0,6,39
2026-09-23 05:33:21,23591,,7,23616433,39,4721,2340,0,0,43,flash,300,8961,25,7,6206172,2375,43,26,0,657,11,3908.1,72.7,304.0,0,False,False,none,none,0,1,,,23614400,0xebb930f8,560,1368,1284444,39,0,0,0,6,39
2026-09-23 05:33:51,23621,,7,23646420,39,4727,2343,0,0,43,flash,247,8974,25,7,6214861,2377,43,26,0,657,11,3899.8,72.5,304.0,0,False,False,none,none,0,1,,,23644389,0xebb930f8,560,1368,1286021,39,0,0,0,6,39
2026-09-23 05:34:21,23651,,7,23676413,39,4733,2346,0,0,43,flash,249,8984,25,7,6222248,2379,43,26,0,657,11,3901.1,72.5,304.0,0,False,False,none,none,0,1,,,23674376,0xebb930f8,560,1368,1287724,39,0,0,0,6,39
2026-09-23 05:34:51,23681,,7,23706399,39,4739,2349,0,0,43,flash,323,8998,25,7,6230054,2381,43,26,0,657,11,3904.8,72.6,304.0,0,False,False,none,none,0,1,,,23704365,0xebb930f8,560,1368,1289376,39,0,0,0,6,39
2026-09-23 05:35:21,23711,,7,23736409,39,4745,2352,0,0,43,flash,239,9004,25,7,6238587,2383,43,26,0,657,11,3911.5,72.6,304.0,0,False,False,none,none,0,1,,,23734372,0xebb930f8,560,1368,1291013,39,0,0,0,6,39
2026-09-23 05:35:51,23741,,7,23766397,39,4751,2355,0,0,43,flash,272,9017,25,7,6246272,2385,43,26,0,657,11,3899.8,72.5,304.0,0,False,False,none,none,0,1,,,23764360,0xebb930f8,560,1368,1292561,39,0,0,0,6,39
2026-09-23 05:36:21,23771,,7,23796383,39,4757,2358,0,0,43,flash,294,9023,25,7,6254914,2387,43,26,0,657,11,3906.6,72.6,304.0,0,False,False,none,none,0,1,,,23794339,0xebb930f8,560,1368,1294278,39,0,0,0,6,39
2026-09-23 05:36:51,23801,,7,23826374,39,4763,2361,0,0,43,flash,241,9031,25,7,6263645,2389,43,26,0,657,11,3900.0,72.5,304.0,0,False,False,none,none,0,1,,,23824344,0xebb930f8,560,1368,1295843,39,0,0,0,6,39
2026-09-23 05:37:21,23831,,7,23856374,39,4769,2365,0,0,43,flash,239,9038,25,7,6271041,2391,43,26,0,657,11,3900.8,72.5,304.0,0,False,False,none,none,0,1,,,23854339,0xebb930f8,560,1368,1297609,39,0,0,0,6,39
2026-09-23 05:37:51,23861,,7,23886332,39,4775,2368,0,0,43,flash,322,9050,25,7,6278850,2393,43,26,0,657,11,3904.9,72.6,304.0,0,False,False,none,none,0,1,,,23884305,0xebb930f8,560,1368,1299143,39,0,0,0,6,39
2026-09-23 05:38:21,23891,,7,23916339,39,4781,2371,0,0,43,flash,230,9060,26,7,6287269,2395,43,26,0,657,11,3912.9,72.6,304.0,0,False,False,none,none,0,1,,,23914293,0xebb930f8,560,1368,1300763,39,0,0,0,6,39
2026-09-23 05:38:51,23921,,7,23946320,39,4787,2374,0,0,43,flash,265,9076,26,7,6294809,2397,43,26,0,657,11,3899.4,72.5,304.0,0,False,False,none,none,0,1,,,23944286,0xebb930f8,560,1368,1302427,39,0,0,0,6,39
2026-09-23 05:39:21,23951,,7,23976299,39,4793,2377,0,0,43,flash,306,9081,26,7,6303372,2399,43,26,0,657,11,3910.0,72.7,304.0,0,False,False,none,none,0,1,,,23974270,0xebb930f8,560,1368,1304163,39,0,0,0,6,39
2026-09-23 05:39:51,23981,,7,24006288,40,4799,2380,0,0,43,flash,242,9092,26,7,6312092,2401,43,26,0,657,11,3901.0,72.5,304.0,0,False,False,none,none,0,1,,,24004261,0xebb930f8,560,1368,1305744,40,0,0,0,6,40
2026-09-23 05:40:21,24011,,7,24036268,40,4805,2383,0,0,43,flash,248,9104,26,7,6319402,2403,43,26,0,657,11,3899.3,72.4,304.0,0,False,False,none,none,0,1,,,24034236,0xebb930f8,560,1368,1307529,40,0,0,0,6,40
2026-09-23 05:40:51,24041,,7,24066286,40,4811,2386,0,0,43,flash,319,9118,26,7,6327127,2405,43,26,0,657,11,3905.3,72.6,304.0,0,False,False,none,none,0,1,,,24064250,0xebb930f8,560,1368,1309169,40,0,0,0,6,40
2026-09-23 05:41:21,24071,,7,24096272,40,4817,2389,0,0,43,flash,231,9124,26,7,6335424,2407,43,26,0,657,11,3911.6,72.6,304.0,0,False,False,none,none,0,1,,,24094239,0xebb930f8,560,1368,1310899,40,0,0,0,6,40
2026-09-23 05:41:51,24101,,7,24126257,40,4823,2392,0,0,43,flash,272,9136,26,7,6343043,2409,43,26,0,657,11,3900.6,72.5,304.0,0,False,False,none,none,0,1,,,24124226,0xebb930f8,560,1368,1312414,40,0,0,0,6,40
2026-09-23 05:42:21,24131,,7,24156259,40,4829,2395,0,0,43,flash,299,9144,26,7,6351521,2411,43,26,0,657,11,3909.6,72.7,304.0,0,False,False,none,none,0,1,,,24154224,0xebb930f8,560,1368,1314163,40,0,0,0,6,40
2026-09-23 05:42:51,24161,,7,24186260,40,4835,2398,0,0,43,flash,244,9152,26,7,6360173,2413,43,26,0,657,11,3901.2,72.5,304.0,0,False,False,none,none,0,1,,,24184225,0xebb930f8,560,1368,1315706,40,0,0,0,6,40
2026-09-23 05:43:21,24191,,7,24216247,40,4841,2401,0,0,43,flash,235,9164,26,7,6367431,2415,43,26,0,657,11,3900.0,72.5,304.0,0,False,False,none,none,0,1,,,24214217,0xebb930f8,560,1368,1317407,40,0,0,0,6,40
2026-09-23 05:43:51,24221,,7,24246246,40,4847,2404,0,0,43,flash,312,9184,26,7,6375157,2417,43,26,0,657,11,3906.2,72.6,304.0,0,False,False,none,none,0,1,,,24244211,0xebb930f8,560,1368,1319054,40,0,0,0,6,40
2026-09-23 05:44:21,24251,,7,24276221,40,4853,2407,0,0,43,flash,230,9190,26,7,6383474,2419,43,26,0,657,11,3913.8,72.6,304.0,0,False,False,none,none,0,1,,,24274199,0xebb930f8,560,1368,1320782,40,0,0,0,6,40
2026-09-23 05:44:51,24281,,7,24306232,40,4859,2411,0,0,43,flash,256,9202,26,7,6391015,2421,43,26,0,657,11,3900.2,72.5,304.0,0,False,False,none,none,0,1,,,24304187,0xebb930f8,560,1368,1322400,40,0,0,0,6,40
2026-09-23 05:45:21,24311,,7,24336210,40,4865,2414,0,0,43,flash,293,9208,26,7,6399443,2423,43,26,0,657,11,3910.2,72.7,304.0,0,False,False,none,none,0,1,,,24334174,0xebb930f8,560,1368,1324182,40,0,0,0,6,40
2026-09-23 05:45:51,24341,,7,24366183,40,4871,2417,0,0,43,flash,244,9219,26,7,6408029,2425,43,26,0,657,11,3901.7,72.5,304.0,0,False,False,none,none,0,1,,,24364153,0xebb930f8,560,1368,1325777,40,0,0,0,6,40
2026-09-23 05:46:22,24371,,7,24396190,40,4877,2420,0,0,43,flash,245,9229,26,7,6415406,2427,43,26,0,657,11,3900.2,72.5,304.0,0,False,False,none,none,0,1,,,24394150,0xebb930f8,560,1368,1327401,40,0,0,0,6,40
2026-09-23 05:46:52,24401,,7,24426169,40,4883,2423,0,0,43,flash,327,9243,26,7,6423176,2429,43,26,0,657,11,3907.6,72.7,304.0,0,False,False,none,none,0,1,,,24424139,0xebb930f8,560,1368,1328935,40,0,0,0,6,40
2026-09-23 05:47:22,24431,,7,24456164,40,4889,2426,0,0,43,flash,233,9254,26,7,6431510,2431,43,26,0,657,11,3913.8,72.7,304.0,0,False,False,none,none,0,1,,,24454124,0xebb930f8,560,1368,1330646,40,0,0,0,6,40
2026-09-23 05:47:52,24461,,7,24486167,40,4895,2429,0,0,43,flash,275,9268,26,7,6439129,2433,43,26,0,657,11,3899.9,72.5,304.0,0,False,False,none,none,0,1,,,24484123,0xebb930f8,560,1368,1332106,40,0,0,0,6,40
2026-09-23 05:48:22,24491,,7,24516134,41,4901,2432,0,0,43,flash,301,9273,26,7,6447782,2435,43,26,0,657,11,3908.1,72.7,304.0,0,False,False,none,none,0,1,,,24514104,0xebb930f8,560,1368,1333833,41,0,0,0,6,41
2026-09-23 05:48:52,24521,,7,24546137,41,4907,2435,0,0,43,flash,245,9281,26,7,6456491,2437,43,26,0,657,11,3901.1,72.5,304.0,0,False,False,none,none,0,1,,,24544100,0xebb930f8,560,1368,1335505,41,0,0,0,6,41
2026-09-23 05:49:22,24551,,7,24576120,41,4913,2438,0,0,43,flash,242,9291,26,7,6463894,2439,43,26,0,657,11,3901.2,72.6,304.0,0,False,False,none,none,0,1,,,24574085,0xebb930f8,560,1368,1337178,41,0,0,0,6,41
2026-09-23 05:49:52,24581,,7,24606114,41,4919,2442,0,0,43,flash,313,9303,26,7,6471643,2441,43,26,0,657,11,3904.8,72.6,304.0,0,False,False,none,none,0,1,,,24604078,0xebb930f8,560,1368,1338761,41,0,0,0,6,41
2026-09-23 05:50:22,24611,,7,24636124,41,4925,2444,0,0,43,flash,237,9309,26,7,6480067,2443,43,26,0,657,11,3911.3,72.6,304.0,0,False,False,none,none,0,1,,,24634091,0xebb930f8,560,1368,1340426,41,0,0,0,6,41
2026-09-23 05:50:52,24641,,7,24666129,41,4931,2447,0,0,43,flash,266,9318,26,7,6487682,2445,43,26,0,657,11,3901.2,72.5,304.0,0,False,False,none,none,0,1,,,24664090,0xebb930f8,560,1368,1341987,41,0,0,0,6,41
2026-09-23 05:51:22,24671,,7,24696105,41,4937,2450,0,0,43,flash,303,9323,26,7,6496248,2447,43,26,0,657,11,3906.7,72.6,304.0,0,False,False,none,none,0,1,,,24694070,0xebb930f8,560,1368,1343662,41,0,0,0,6,41
2026-09-23 05:51:52,24701,,7,24726117,41,4943,2453,0,0,43,flash,241,9335,26,7,6504944,2449,43,26,0,657,11,3900.2,72.5,304.0,0,False,False,none,none,0,1,,,24724083,0xebb930f8,560,1368,1345182,41,0,0,0,6,41
2026-09-23 05:52:22,24731,,7,24756093,41,4949,2456,0,0,43,flash,246,9344,26,7,6512245,2451,43,26,0,657,11,3901.0,72.5,304.0,0,False,False,none,none,0,1,,,24754068,0xebb930f8,560,1368,1346962,41,0,0,0,6,41
2026-09-23 05:52:52,24761,,7,24786102,41,4955,2459,0,0,43,flash,322,9354,26,7,6520034,2453,43,26,0,657,11,3903.5,72.6,304.0,0,False,False,none,none,0,1,,,24784073,0xebb930f8,560,1368,1348534,41,0,0,0,6,41
2026-09-23 05:53:22,24791,,7,24816103,41,4961,2462,0,0,43,flash,235,9364,26,7,6528382,2455,43,26,0,657,11,3911.7,72.6,304.0,0,False,False,none,none,0,1,,,24814068,0xebb930f8,560,1368,1350274,41,0,0,0,6,41
2026-09-23 05:53:52,24821,,7,24846080,41,4967,2466,0,0,43,flash,258,9376,26,7,6535962,2457,43,26,0,657,11,3899.4,72.5,304.0,0,False,False,none,none,0,1,,,24844053,0xebb930f8,560,1368,1351850,41,0,0,0,6,41
2026-09-23 05:54:22,24851,,7,24876083,41,4973,2469,0,0,43,flash,297,9382,26,7,6544447,2459,43,26,0,657,11,3908.8,72.7,304.0,0,False,False,none,none,0,1,,,24874045,0xebb930f8,560,1368,1353554,41,0,0,0,6,41
2026-09-23 05:54:52,24881,,7,24906078,41,4979,2472,0,0,43,flash,250,9391,26,7,6553144,2461,43,26,0,657,11,3900.0,72.5,304.0,0,False,False,none,none,0,1,,,24904039,0xebb930f8,560,1368,1355132,41,0,0,0,6,41
2026-09-23 05:55:22,24911,,7,24936055,41,4985,2475,0,0,43,flash,232,9401,26,7,6560424,2463,43,26,0,657,11,3901.2,72.5,304.0,0,False,False,none,none,0,1,,,24934024,0xebb930f8,560,1368,1356886,41,0,0,0,6,41
2026-09-23 05:55:52,24941,,7,24966057,41,4991,2478,0,0,43,flash,314,9413,26,7,6568104,2465,43,26,0,657,11,3907.2,72.6,304.0,0,False,False,none,none,0,1,,,24964022,0xebb930f8,560,1368,1358509,41,0,0,0,6,41
2026-09-23 05:56:22,24971,,7,24996047,41,4997,2481,0,0,43,flash,227,9421,26,7,6576314,2467,43,26,0,657,11,3913.6,72.6,304.0,0,False,False,none,none,0,1,,,24994011,0xebb930f8,560,1368,1360321,41,0,0,0,6,41
2026-09-23 05:56:52,25001,,7,25026054,41,5003,2484,0,0,43,flash,262,9432,26,7,6583886,2469,43,26,0,657,11,3901.5,72.5,304.0,0,False,False,none,none,0,1,,,25024021,0xebb930f8,560,1368,1361860,41,0,0,0,6,41
2026-09-23 05:57:22,25031,,7,25056051,41,5009,2487,0,0,43,flash,300,9439,26,7,6592418,2471,43,26,0,657,11,3908.4,72.6,304.0,0,False,False,none,none,0,1,,,25054010,0xebb930f8,560,1368,1363601,41,0,0,0,6,41
2026-09-23 05:57:52,25061,,7,25086034,41,5015,2490,0,0,43,flash,246,9451,26,7,6601087,2473,43,26,0,657,11,3900.8,72.5,304.0,0,False,False,none,none,0,1,,,25083997,0xebb930f8,560,1368,1365170,41,0,0,0,6,41
2026-09-23 05:58:22,25091,,7,25116044,41,5021,2493,0,0,43,flash,246,9465,26,7,6608349,2475,43,26,0,657,11,3901.7,72.5,304.0,0,False,False,none,none,0,1,,,25114005,0xebb930f8,560,1368,1366975,41,0,0,0,6,41
2026-09-23 05:58:52,25121,,7,25146019,41,5027,2496,0,0,43,flash,317,9478,26,7,6616063,2477,43,26,0,657,11,3904.4,72.6,304.0,0,False,False,none,none,0,1,,,25143988,0xebb930f8,560,1368,1368502,41,0,0,0,6,41
2026-09-23 05:59:22,25151,,7,25176017,41,5033,2499,0,0,43,flash,229,9489,27,7,6624362,2479,43,26,0,657,11,3911.4,72.6,304.0,0,False,False,none,none,0,1,,,25173991,0xebb930f8,560,1368,1370232,41,0,0,0,6,41
2026-09-23 05:59:52,25181,,7,25206018,41,5039,2502,0,0,43,flash,273,9502,27,7,6631892,2481,43,26,0,657,11,3899.2,72.5,304.0,0,False,False,none,none,0,1,,,25203981,0xebb930f8,560,1368,1371774,41,0,0,0,6,41
2026-09-23 06:00:22,25211,,7,25236017,41,5045,2505,0,0,43,flash,292,9505,27,7,6640321,2483,43,26,0,657,11,3907.4,72.6,304.0,0,False,False,none,none,0,1,,,25233981,0xebb930f8,560,1368,1373525,41,0,0,0,6,41
2026-09-23 06:00:52,25241,,7,25266003,41,5051,2508,0,0,43,flash,235,9518,27,7,6648884,2485,43,26,0,657,11,3902.4,72.5,304.0,0,False,False,none,none,0,1,,,25263976,0xebb930f8,560,1368,1375066,41,0,0,0,6,41
2026-09-23 06:01:22,25271,,7,25295979,41,5057,2511,0,0,43,flash,239,9529,27,7,6656208,2487,43,26,0,657,11,3899.2,72.5,304.0,0,False,False,none,none,0,1,,,25293945,0xebb930f8,560,1368,1376733,41,0,0,0,6,41
2026-09-23 06:01:52,25301,,7,25325973,42,5063,2514,0,0,43,flash,320,9544,27,7,6663856,2489,43,26,0,657,11,3907.3,72.6,304.0,0,False,False,none,none,0,1,,,25323946,0xebb930f8,560,1368,1378382,42,0,0,0,6,42
2026-09-23 06:02:22,25331,,7,25355983,42,5069,2517,0,0,43,flash,236,9550,27,7,6672146,2491,43,26,0,657,11,3911.8,72.6,304.0,0,False,False,none,none,0,1,,,25353943,0xebb930f8,560,1368,1380064,42,0,0,0,6,42
2026-09-23 06:02:52,25361,,7,25385956,42,5075,2520,0,0,43,flash,271,9566,27,7,6679624,2493,43,26,0,657,11,3898.0,72.4,304.0,0,False,False,none,none,0,1,,,25383929,0xebb930f8,560,1368,1381648,42,0,0,0,6,42
2026-09-23 06:03:22,25391,,7,25415948,42,5081,2523,0,0,43,flash,297,9575,27,7,6688059,2495,43,26,0,657,11,3909.0,72.7,304.0,0,False,False,none,none,0,1,,,25413914,0xebb930f8,560,1368,1383364,42,0,0,0,6,42
2026-09-23 06:03:52,25421,,7,25445948,42,5087,2526,0,0,43,flash,238,9582,27,7,6696668,2497,43,26,0,657,11,3901.7,72.5,304.0,0,False,False,none,none,0,1,,,25443918,0xebb930f8,560,1368,1384876,42,0,0,0,6,42
2026-09-23 06:04:22,25451,,7,25475937,43,5093,2529,0,0,43,flash,228,9597,28,8,6703893,2499,43,26,0,657,11,3899.3,72.5,304.0,0,False,False,none,none,0,1,,,25473903,0xebb930f8,560,1368,1386579,43,0,0,0,7,43
2026-09-23 06:04:52,25481,,7,25505917,43,5099,2532,0,0,43,flash,307,9613,28,8,6711463,2501,43,26,0,657,11,3907.6,72.6,304.0,0,False,False,none,none,0,1,,,25503883,0xebb930f8,560,1368,1388221,43,0,0,0,7,43
2026-09-23 06:05:22,25511,,7,25535924,43,5105,2535,0,0,43,flash,236,9624,28,8,6719704,2503,43,26,0,657,11,3912.9,72.6,304.0,0,False,False,none,none,0,1,,,25533894,0xebb930f8,560,1368,1389812,43,0,0,0,7,43
2026-09-23 06:05:52,25541,,7,25565926,43,5111,2539,0,0,43,flash,263,9639,28,8,6727239,2505,43,26,0,657,11,3900.9,72.5,304.0,0,False,False,none,none,0,1,,,25563884,0xebb930f8,560,1368,1391434,43,0,0,0,7,43
2026-09-23 06:06:22,25571,,7,25595929,43,5117,2542,0,0,43,flash,287,9644,28,8,6735734,2507,43,26,0,657,11,3909.1,72.7,304.0,0,False,False,none,none,0,1,,,25593895,0xebb930f8,560,1368,1393052,43,0,0,0,7,43
2026-09-23 06:06:52,25601,,7,25625904,43,5123,2544,0,0,43,flash,241,9652,28,8,6744340,2509,43,26,0,657,11,3900.5,72.5,304.0,0,False,False,none,none,0,1,,,25623876,0xebb930f8,560,1368,1394640,43,0,0,0,7,43
2026-09-23 06:07:22,25631,,7,25655889,43,5129,2547,0,0,43,flash,243,9665,28,8,6751547,2511,43,26,0,657,11,3900.1,72.5,309.3,0,False,False,none,none,0,1,,,25653855,0xebb930f8,560,1368,1396407,43,0,0,0,7,43
2026-09-23 06:07:52,25661,,7,25685883,43,5135,2550,0,0,43,flash,304,9675,28,8,6759165,2513,43,26,0,657,11,3905.8,72.6,309.3,0,False,False,none,none,0,1,,,25683850,0xebb930f8,560,1368,1398090,43,0,0,0,7,43
2026-09-23 06:08:22,25691,,7,25715900,43,5141,2553,0,0,43,flash,232,9684,28,8,6767383,2515,43,26,0,657,11,3912.1,72.6,309.3,0,False,False,none,none,0,1,,,25713863,0xebb930f8,560,1368,1399858,43,0,0,0,7,43
2026-09-23 06:08:52,25721,,7,25745885,43,5147,2556,0,0,43,flash,263,9702,28,8,6774866,2517,43,26,0,657,11,3900.6,72.5,309.3,0,False,False,none,none,0,1,,,25743848,0xebb930f8,560,1368,1401403,43,0,0,0,7,43
2026-09-23 06:09:22,25751,,7,25775881,43,5153,2559,0,0,43,flash,291,9708,28,8,6783242,2519,43,26,0,657,11,3909.3,72.7,309.3,0,False,False,none,none,0,1,,,25773842,0xebb930f8,560,1368,1403086,43,0,0,0,7,43
2026-09-23 06:09:52,25781,,7,25805875,43,5159,2562,0,0,43,flash,243,9720,28,8,6791741,2521,43,26,0,657,11,3901.6,72.5,309.3,0,False,False,none,none,0,1,,,25803842,0xebb930f8,560,1368,1404737,43,0,0,0,7,43
2026-09-23 06:10:22,25811,,7,25835863,43,5164,2565,0,0,43,flash,250,9733,28,8,6798984,2523,43,26,0,657,11,3901.3,72.5,309.3,0,False,False,none,none,0,1,,,25833838,0xebb930f8,560,1368,1406482,43,0,0,0,7,43
2026-09-23 06:10:52,25841,,7,25865856,43,5170,2568,0,0,43,flash,311,9744,28,8,6806688,2525,43,26,0,657,11,3907.9,72.6,309.3,0,False,False,none,none,0,1,,,25863826,0xebb930f8,560,1368,1408048,43,0,0,0,7,43
2026-09-23 06:11:22,25871,,7,25895855,43,5176,2570,0,0,43,flash,236,9753,28,8,6815034,2527,43,26,0,657,11,3912.6,72.6,309.3,0,False,False,none,none,0,1,,,25893822,0xebb930f8,560,1368,1409700,43,0,0,0,7,43
2026-09-23 06:11:52,25901,,7,25925864,43,5182,2573,0,0,43,flash,271,9767,28,8,6822571,2529,43,26,0,657,11,3898.9,72.5,309.3,0,False,False,none,none,0,1,,,25923823,0xebb930f8,560,1368,1411220,43,0,0,0,7,43
2026-09-23 06:12:22,25931,,7,25955847,43,5188,2576,0,0,43,flash,301,9774,28,8,6831078,2531,43,26,0,657,11,3909.6,72.7,309.3,0,False,False,none,none,0,1,,,25953813,0xebb930f8,560,1368,1412900,43,0,0,0,7,43
2026-09-23 06:12:52,25962,,7,25985859,43,5194,2580,0,0,43,flash,241,9780,28,8,6839733,2533,43,26,0,657,11,3901.3,72.6,309.3,0,False,False,none,none,0,1,,,25983827,0xebb930f8,560,1368,1414406,43,0,0,0,7,43
2026-09-23 06:13:22,25991,,7,26015834,43,5200,2583,0,0,43,flash,241,9793,28,8,6846961,2535,43,26,0,657,11,3901.1,72.5,309.3,0,False,False,none,none,0,1,,,26013805,0xebb930f8,560,1368,1416199,43,0,0,0,7,43
2026-09-23 06:13:52,26022,,7,26045854,43,5206,2587,0,0,43,flash,312,9804,28,8,6854584,2537,43,26,0,657,11,3906.7,72.6,309.3,0,False,False,none,none,0,1,,,26043816,0xebb930f8,560,1368,1417777,43,0,0,0,7,43
2026-09-23 06:14:22,26052,,7,26075864,43,5212,2591,0,0,43,flash,225,9816,28,8,6862917,2539,43,26,0,657,11,3911.7,72.6,309.3,0,False,False,none,none,0,1,,,26073827,0xebb930f8,560,1368,1419582,43,0,0,0,7,43
2026-09-23 06:14:52,26082,,7,26105843,43,5218,2594,0,0,43,flash,266,9831,28,8,6870538,2541,43,26,0,657,11,3898.6,72.5,309.3,0,False,False,none,none,0,1,,,26103805,0xebb930f8,560,1368,1421148,43,0,0,0,7,43
2026-09-23 06:15:22,26112,,7,26135836,43,5224,2597,0,0,43,flash,296,9837,28,8,6879123,2543,43,26,0,657,11,3908.9,72.7,309.3,0,False,False,none,none,0,1,,,26133807,0xebb930f8,560,1368,1422839,43,0,0,0,7,43
2026-09-23 06:15:52,26142,,7,26165843,43,5230,2600,0,0,43,flash,239,9849,28,8,6887872,2545,43,26,0,657,11,3900.0,72.5,309.3,0,False,False,none,none,0,1,,,26163806,0xebb930f8,560,1368,1424325,43,0,0,0,7,43
2026-09-23 06:16:22,26172,,7,26195809,43,5236,2603,0,0,43,flash,250,9862,28,8,6895182,2547,43,26,0,657,11,3901.5,72.6,309.3,0,False,False,none,none,0,1,,,26193782,0xebb930f8,560,1368,1426056,43,0,0,0,7,43
2026-09-23 06:16:52,26202,,7,26225834,43,5242,2607,0,0,43,flash,313,9877,28,8,6902884,2549,43,26,0,657,11,3905.7,72.6,309.3,0,False,False,none,none,0,1,,,26223800,0xebb930f8,560,1368,1427745,43,0,0,0,7,43
2026-09-23 06:17:22,26232,,7,26255807,44,5248,2610,0,0,43,flash,237,9890,28,8,6911202,2551,43,26,0,657,11,3912.3,72.6,309.3,0,False,False,none,none,0,1,,,26253784,0xebb930f8,560,1368,1429478,44,0,0,0,7,44
2026-09-23 06:17:52,26262,,7,26285825,44,5254,2613,0,0,43,flash,266,9904,28,8,6918731,2553,43,26,0,657,11,3900.2,72.5,309.3,0,False,False,none,none,0,1,,,26283792,0xebb930f8,560,1368,1431102,44,0,0,0,7,44
2026-09-23 06:18:22,26292,,7,26315809,44,5260,2616,0,0,43,flash,285,9914,28,8,6927189,2555,43,26,0,657,11,3908.1,72.7,309.3,0,False,False,none,none,0,1,,,26313776,0xebb930f8,560,1368,1432764,44,0,0,0,7,44
2026-09-23 06:18:52,26322,,7,26345798,44,5266,2619,0,0,43,flash,246,9928,28,8,6935929,2557,43,26,0,657,11,3902.0,72.5,309.3,0,False,False,none,none,0,1,,,26343766,0xebb930f8,560,1368,1434354,44,0,0,0,7,44
2026-09-23 06:19:22,26352,,7,26375822,44,5272,2622,0,0,43,flash,239,9936,28,8,6943264,2559,43,26,0,657,11,3899.8,72.5,309.3,0,False,False,none,none,0,1,,,26373782,0xebb930f8,560,1368,1436035,44,0,0,0,7,44
2026-09-23 06:19:52,26382,,7,26405807,44,5278,2625,0,0,43,flash,321,9949,28,8,6950972,2561,43,26,0,657,11,3905.6,72.6,309.3,0,False,False,none,none,0,1,,,26403775,0xebb930f8,560,1368,1437611,44,0,0,0,7,44
2026-09-23 06:20:22,26412,,7,26435816,44,5284,2628,0,0,43,flash,241,9961,28,8,6959258,2563,43,26,0,657,11,3910.7,72.6,309.3,0,False,False,none,none,0,1,,,26433776,0xebb930f8,560,1368,1439347,44,0,0,0,7,44
2026-09-23 06:20:52,26442,,7,26465783,44,5290,2631,0,0,43,flash,273,9976,29,8,6966774,2565,43,26,0,657,11,3899.5,72.5,309.3,0,False,False,none,none,0,1,,,26463751,0xebb930f8,560,1368,1440946,44,0,0,0,7,44
2026-09-23 06:21:22,26472,,7,26495784,44,5296,2634,0,0,43,flash,292,9989,29,8,6975246,2567,43,26,0,657,11,3909.1,72.7,309.3,0,False,False,none,none,0,1,,,26493750,0xebb930f8,560,1368,1442659,44,0,0,0,7,44
2026-09-23 06:21:52,26502,,7,26525794,44,5302,2637,0,0,43,flash,241,10002,29,8,6983794,2569,43,26,0,657,11,3901.8,72.5,309.3,0,False,False,none,none,0,1,,,26523757,0xebb930f8,560,1368,1444368,44,0,0,0,7,44
2026-09-23 06:22:22,26532,,7,26555774,44,5308,2640,0,0,43,flash,245,10017,29,8,6991139,2571,43,26,0,657,11,3900.2,72.5,309.3,0,False,False,none,none,0,1,,,26553744,0xebb930f8,560,1368,1445836,44,0,0,0,7,44
2026-09-23 06:22:52,26562,,7,26585768,44,5314,2643,0,0,43,flash,329,10033,29,8,6998824,2573,43,26,0,657,11,3906.6,72.6,309.3,0,False,False,none,none,0,1,,,26583736,0xebb930f8,560,1368,1447343,44,0,0,0,7,44
2026-09-23 06:23:22,26592,,7,26615774,44,5320,2646,0,0,43,flash,233,10045,29,8,7007218,2575,43,26,0,657,11,3912.7,72.6,309.3,0,False,False,none,none,0,1,,,26613739,0xebb930f8,560,1368,1449055,44,0,0,0,7,44
2026-09-23 06:23:52,26622,,7,26645776,44,5326,2650,0,0,43,flash,264,10058,29,8,7014763,2577,43,26,0,657,11,3899.2,72.5,309.3,0,False,False,none,none,0,1,,,26643739,0xebb930f8,560,1368,1450642,44,0,0,0,7,44
2026-09-23 06:24:22,26652,,7,26675769,44,5332,2653,0,0,43,flash,287,10064,29,8,7023282,2579,43,26,0,657,11,3908.2,72.6,309.3,0,False,False,none,none,0,1,,,26673734,0xebb930f8,560,1368,1452315,44,0,0,0,7,44
2026-09-23 06:24:52,26682,,7,26705764,44,5338,2656,0,0,43,flash,239,10074,29,8,7031874,2581,43,26,0,657,11,3899.2,72.5,309.3,0,False,False,none,none,0,1,,,26703729,0xebb930f8,560,1368,1453956,44,0,0,0,7,44
2026-09-23 06:25:22,26712,,7,26735738,44,5344,2659,0,0,43,flash,231,10084,29,8,7039154,2583,43,26,0,657,11,3901.7,72.5,309.3,0,False,False,none,none,0,1,,,26733703,0xebb930f8,560,1368,1455715,44,0,0,0,7,44
2026-09-23 06:25:52,26742,,7,26765727,44,5350,2662,0,0,43,flash,308,10097,29,8,7046806,2585,43,26,0,657,11,3904.9,72.6,309.3,0,False,False,none,none,0,1,,,26763698,0xebb930f8,560,1368,1457316,44,0,0,0,7,44
2026-09-23 06:26:22,26772,,7,26795715,44,5356,2665,0,0,43,flash,236,10105,29,8,7055115,2587,43,26,0,657,11,3910.8,72.6,309.3,0,False,False,none,none,0,1,,,26793678,0xebb930f8,560,1368,1458952,44,0,0,0,7,44
2026-09-23 06:26:52,26802,,7,26825741,45,5362,2668,0,0,43,flash,270,10116,29,8,7062587,2589,43,26,0,657,11,3901.1,72.5,309.3,0,False,False,none,none,0,1,,,26823704,0xebb930f8,560,1368,1460548,45,0,0,0,7,45
2026-09-23 06:27:22,26832,,7,26855705,45,5368,2671,0,0,43,flash,300,10121,29,8,7071030,2591,43,26,0,657,11,3908.5,72.6,309.3,0,False,False,none,none,0,1,,,26853677,0xebb930f8,560,1368,1462280,45,0,0,0,7,45
2026-09-23 06:27:52,26862,,7,26885701,45,5374,2674,0,0,43,flash,240,10125,29,8,7079669,2593,43,26,0,657,11,3900.5,72.5,309.3,0,False,False,none,none,0,1,,,26883674,0xebb930f8,560,1368,1463867,45,0,0,0,7,45
2026-09-23 06:28:22,26892,,7,26915708,45,5380,2677,0,0,43,flash,245,10135,29,8,7086955,2595,43,26,0,657,11,3901.0,72.5,309.3,0,False,False,none,none,0,1,,,26913678,0xebb930f8,560,1368,1465530,45,0,0,0,7,45
2026-09-23 06:28:52,26922,,7,26945689,45,5386,2680,0,0,43,flash,306,10147,29,8,7094615,2597,43,26,0,657,11,3905.2,72.6,309.3,0,False,False,none,none,0,1,,,26943658,0xebb930f8,560,1368,1467047,45,0,0,0,7,45
2026-09-23 06:29:22,26952,,7,26975696,45,5392,2683,0,0,43,flash,240,10156,29,8,7102857,2599,43,26,0,657,11,3912.0,72.6,309.3,0,False,False,none,none,0,1,,,26973660,0xebb930f8,560,1368,1468744,45,0,0,0,7,45
2026-09-23 06:29:52,26982,,7,27005686,45,5398,2686,0,0,43,flash,263,10171,29,8,7110365,2601,43,26,0,657,11,3900.3,72.5,309.3,0,False,False,none,none,0,1,,,27003647,0xebb930f8,560,1368,1470296,45,0,0,0,7,45
2026-09-23 06:30:22,27012,,7,27035668,45,5404,2689,0,0,43,flash,300,10174,29,8,7118763,2603,43,26,0,657,11,3908.1,72.6,309.3,0,False,False,none,none,0,1,,,27033634,0xebb930f8,560,1368,1471969,45,0,0,0,7,45
2026-09-23 06:30:52,27042,,7,27065685,45,5410,2692,0,0,43,flash,236,10184,29,8,7127257,2605,43,26,0,657,11,3900.4,72.5,309.3,0,False,False,none,none,0,1,,,27063647,0xebb930f8,560,1368,1473686,45,0,0,0,7,45
2026-09-23 06:31:22,27072,,7,27095646,45,5416,2695,0,0,43,flash,238,10199,29,8,7134447,2607,43,26,0,657,11,3899.9,72.5,309.3,0,False,False,none,none,0,1,,,27093621,0xebb930f8,560,1368,1475376,45,0,0,0,7,45
2026-09-23 06:31:52,27102,,7,27125641,45,5422,2698,0,0,43,flash,313,10209,29,8,7142109,2609,43,26,0,657,11,3906.4,72.6,309.3,0,False,False,none,none,0,1,,,27123611,0xebb930f8,560,1368,1476960,45,0,0,0,7,45
2026-09-23 06:32:22,27132,,7,27155637,45,5428,2701,0,0,43,flash,235,10214,29,8,7150483,2611,43,26,0,657,11,3914.1,72.6,309.3,0,False,False,none,none,0,1,,,27153600,0xebb930f8,560,1368,1478611,45,0,0,0,7,45
2026-09-23 06:32:52,27162,,7,27185620,45,5434,2704,0,0,43,flash,263,10227,29,8,7158017,2613,43,26,0,657,11,3900.2,72.5,309.3,0,False,False,none,none,0,1,,,27183582,0xebb930f8,560,1368,1480159,45,0,0,0,7,45
2026-09-23 06:33:22,27192,,7,27215605,45,5440,2707,0,0,43,flash,294,10233,29,8,7166477,2615,43,26,0,657,11,3908.8,72.7,309.3,0,False,False,none,none,0,1,,,27213577,0xebb930f8,560,1368,1481855,45,0,0,0,7,45
2026-09-23 06:33:52,27222,,7,27245593,45,5446,2711,0,0,43,flash,242,10244,29,8,7175086,2617,43,26,0,657,11,3900.4,72.5,309.3,0,False,False,none,none,0,1,,,27243567,0xebb930f8,560,1368,1483417,45,0,0,0,7,45
2026-09-23 06:34:22,27252,,7,27275586,45,5452,2714,0,0,43,flash,228,10255,29,8,7182375,2619,43,26,0,657,11,3901.5,72.6,309.3,0,False,False,none,none,0,1,,,27273556,0xebb930f8,560,1368,1485085,45,0,0,0,7,45
2026-09-23 06:34:52,27282,,7,27305585,45,5458,2717,0,0,43,flash,315,10268,29,8,7190018,2621,43,26,0,657,11,3905.6,72.6,309.3,0,False,False,none,none,0,1,,,27303547,0xebb930f8,560,1368,1486624,45,0,0,0,7,45
2026-09-23 06:35:22,27312,,7,27335569,45,5464,2720,0,0,43,flash,230,10278,29,8,7198282,2623,43,26,0,657,11,3911.3,72.6,309.3,0,False,False,none,none,0,1,,,27333531,0xebb930f8,560,1368,1488315,45,0,0,0,7,45
2026-09-23 06:35:52,27342,,7,27365569,45,5470,2723,0,0,43,flash,262,10294,29,8,7205703,2625,43,26,0,657,11,3899.5,72.5,309.3,0,False,False,none,none,0,1,,,27363538,0xebb930f8,560,1368,1489933,45,0,0,0,7,45
2026-09-23 06:36:22,27372,,7,27395568,45,5476,2726,0,0,43,flash,293,10302,29,8,7214190,2627,43,26,0,657,11,3907.3,72.6,309.3,0,False,False,none,none,0,1,,,27393529,0xebb930f8,560,1368,1491611,45,0,0,0,7,45
2026-09-23 06:36:52,27402,,7,27425537,45,5482,2729,0,0,43,flash,237,10312,29,8,7222806,2629,43,26,0,657,11,3899.9,72.5,309.3,0,False,False,none,none,0,1,,,27423500,0xebb930f8,560,1368,1493132,45,0,0,0,7,45
2026-09-23 06:37:22,27432,,7,27455537,45,5488,2732,0,0,43,flash,236,10326,29,8,7230067,2631,43,26,0,657,11,3900.5,72.5,309.3,0,False,False,none,none,0,1,,,27453500,0xebb930f8,560,1368,1494809,45,0,0,0,7,45
2026-09-23 06:37:52,27462,,7,27485538,45,5494,2735,0,0,43,flash,306,10336,29,8,7237654,2633,43,26,0,657,11,3906.2,72.6,309.3,0,False,False,none,none,0,1,,,27483501,0xebb930f8,560,1368,1496382,45,0,0,0,7,45
2026-09-23 06:38:22,27492,,7,27515527,45,5500,2738,0,0,43,flash,233,10345,29,8,7245887,2635,43,26,0,657,11,3911.7,72.6,309.3,0,False,False,none,none,0,1,,,27513491,0xebb930f8,560,1368,1498093,45,0,0,0,7,45
2026-09-23 06:38:52,27522,,7,27545508,45,5506,2741,0,0,43,flash,266,10356,29,8,7253344,2637,43,26,0,657,11,3897.0,72.5,309.3,0,False,False,none,none,0,1,,,27543481,0xebb930f8,560,1368,1499657,45,0,0,0,7,45
2026-09-23 06:39:22,27552,,7,27575516,45,5512,2744,0,0,43,flash,288,10362,29,8,7261703,2639,43,26,0,657,11,3905.8,72.7,309.3,0,False,False,none,none,0,1,,,27573477,0xebb930f8,560,1368,1501385,45,0,0,0,7,45
2026-09-23 06:39:52,27582,,7,27605507,45,5518,2747,0,0,43,flash,240,10370,29,8,7270218,2641,43,26,0,657,11,3901.1,72.5,309.3,0,False,False,none,none,0,1,,,27603473,0xebb930f8,560,1368,1502920,45,0,0,0,7,45
2026-09-23 06:40:22,27612,,7,27635483,45,5524,2750,0,0,43,flash,236,10384,29,8,7277431,2643,43,26,0,657,11,3900.9,72.5,309.3,0,False,False,none,none,0,1,,,27633456,0xebb930f8,560,1368,1504574,45,0,0,0,7,45
2026-09-23 06:40:52,27642,,7,27665482,45,5530,2753,0,0,43,flash,321,10401,29,8,7285079,2645,43,26,0,657,11,3906.7,72.6,309.3,0,False,False,none,none,0,1,,,27663447,0xebb930f8,560,1368,1506172,45,0,0,0,7,45
2026-09-23 06:41:22,27672,,7,27695466,45,5536,2756,0,0,43,flash,232,10407,29,8,7293337,2647,43,26,0,657,11,3912.1,72.6,309.3,0,False,False,none,none,0,1,,,27693437,0xebb930f8,560,1368,1507916,45,0,0,0,7,45
2026-09-23 06:41:52,27702,,7,27725466,45,5542,2759,0,0,43,flash,254,10423,30,8,7300802,2649,43,26,0,657,11,3900.1,72.5,309.3,0,False,False,none,none,0,1,,,27723437,0xebb930f8,560,1368,1509491,45,0,0,0,7,45
2026-09-23 06:42:22,27732,,7,27755466,45,5548,2762,0,0,43,flash,296,10429,30,8,7309123,2651,43,26,0,657,11,3909.2,72.7,309.3,0,False,False,none,none,0,1,,,27753432,0xebb930f8,560,1368,1511281,45,0,0,0,7,45
2026-09-23 06:42:53,27762,,7,27785479,45,5554,2765,0,0,43,flash,235,10436,30,8,7317753,2653,43,26,0,657,11,3900.3,72.5,309.3,0,False,False,none,none,0,1,,,27783442,0xebb930f8,560,1368,1512778,45,0,0,0,7,45
2026-09-23 06:43:23,27792,,7,27815474,45,5560,2768,0,0,43,flash,231,10445,30,8,7324977,2655,43,26,0,657,11,3899.4,72.5,309.3,0,False,False,none,none,0,1,,,27813432,0xebb930f8,560,1368,1514459,45,0,0,0,7,45
2026-09-23 06:43:53,27822,,7,27845452,45,5566,2771,0,0,43,flash,308,10455,30,8,7332552,2657,43,26,0,657,11,3906.7,72.6,309.3,0,False,False,none,none,0,1,,,27843416,0xebb930f8,560,1368,1516029,45,0,0,0,7,45
2026-09-23 06:44:23,27852,,7,27875455,45,5572,2774,0,0,43,flash,231,10460,30,8,7340747,2659,43,26,0,657,11,3911.3,72.6,309.3,0,False,False,none,none,0,1,,,27873415,0xebb930f8,560,1368,1517701,45,0,0,0,7,45
2026-09-23 06:44:53,27882,,7,27905440,45,5578,2777,0,0,43,flash,269,10472,30,8,7348166,2661,43,26,0,657,11,3900.7,72.5,309.3,0,False,False,none,none,0,1,,,27903406,0xebb930f8,560,1368,1519314,45,0,0,0,7,45
2026-09-23 06:45:23,27912,,7,27935442,45,5584,2780,0,0,43,flash,293,10477,30,8,7356568,2663,43,26,0,657,11,3908.5,72.7,309.3,0,False,False,none,none,0,1,,,27933398,0xebb930f8,560,1368,1520993,45,0,0,0,7,45
2026-09-23 06:45:53,27942,,7,27965427,45,5590,2783,0,0,43,flash,250,10486,30,8,7365085,2665,43,26,0,657,11,3899.2,72.5,309.3,0,False,False,none,none,0,1,,,27963397,0xebb930f8,560,1368,1522577,45,0,0,0,7,45
2026-09-23 06:46:23,27972,,7,27995429,45,5596,2786,0,0,43,flash,238,10496,30,8,7372252,2667,43,26,0,657,11,3899.5,72.5,309.3,0,False,False,none,none,0,1,,,27993387,0xebb930f8,560,1368,1524342,45,0,0,0,7,45
2026-09-23 06:46:53,28002,,7,28025415,45,5602,2790,0,0,43,flash,306,10514,30,8,7379767,2669,43,26,0,657,11,3905.2,72.6,309.3,0,False,False,none,none,0,1,,,28023381,0xebb930f8,560,1368,1525963,45,0,0,0,7,45
2026-09-23 06:47:23,28032,,7,28055416,45,5608,2793,0,0,43,flash,233,10522,30,8,7387962,2671,43,26,0,657,11,3913.1,72.6,309.3,0,False,False,none,none,0,1,,,28053378,0xebb930f8,560,1368,1527708,45,0,0,0,7,45
2026-09-23 06:47:53,28062,,7,28085401,45,5614,2796,0,0,43,flash,250,10535,30,8,7395339,2673,43,26,0,657,11,3899.9,72.5,309.3,0,False,False,none,none,0,1,,,28083360,0xebb930f8,560,1368,1529281,45,0,0,0,7,45
2026-09-23 06:48:23,28092,,7,28115416,45,5620,2799,0,0,43,flash,295,10540,30,8,7403647,2675,43,26,0,657,11,3907.7,72.6,309.3,0,False,False,none,none,0,1,,,28113379,0xebb930f8,560,1368,1530997,45,0,0,0,7,45
2026-09-23 06:48:53,28122,,7,28145389,45,5626,2802,0,0,43,flash,234,10548,30,8,7412047,2677,43,26,0,657,11,3900.3,72.5,309.3,0,False,False,none,none,0,1,,,28143350,0xebb930f8,560,1368,1532597,45,0,0,0,7,45
2026-09-23 06:49:23,28152,,7,28175379,45,5632,2805,0,0,43,flash,244,10560,30,8,7419271,2679,43,26,0,657,11,3900.3,72.5,309.3,0,False,False,none,none,0,1,,,28173345,0xebb930f8,560,1368,1534366,45,0,0,0,7,45
2026-09-23 06:49:53,28182,,7,28205380,45,5638,2808,0,0,43,flash,332,10574,30,8,7426918,2681,43,26,0,657,11,3904.8,72.6,309.3,0,False,False,none,none,0,1,,,28203347,0xebb930f8,560,1368,1535940,45,0,0,0,7,45
2026-09-23 06:50:23,28212,,7,28235371,45,5644,2811,0,0,43,flash,241,10583,30,8,7435201,2683,43,26,0,657,11,3910.7,72.6,309.3,0,False,False,none,none,0,1,,,28233337,0xebb930f8,560,1368,1537603,45,0,0,0,7,45
2026-09-23 06:50:53,28242,,7,28265360,45,5650,2814,0,0,43,flash,263,10598,30,8,7442639,2685,43,26,0,657,11,3898.3,72.5,309.3,0,False,False,none,none,0,1,,,28263328,0xebb930f8,560,1368,1539223,45,0,0,0,7,45
2026-09-23 06:51:23,28272,,7,28295364,45,5656,2817,0,0,43,flash,300,10604,30,8,7451012,2687,43,26,0,657,11,3908.1,72.7,309.3,0,False,False,none,none,0,1,,,28293329,0xebb930f8,560,1368,1540979,45,0,0,0,7,45
2026-09-23 06:51:53,28302,,7,28325348,45,5662,2820,0,0,43,flash,253,10613,30,8,7459559,2689,43,26,0,657,11,3900.1,72.5,309.3,0,False,False,none,none,0,1,,,28323319,0xebb930f8,560,1368,1542591,45,0,0,0,7,45
2026-09-23 06:52:23,28332,,7,28355348,45,5668,2823,0,0,43,flash,228,10625,30,8,7466736,2691,43,26,0,657,11,3901.2,72.5,309.3,0,False,False,none,none,0,1,,,28353312,0xebb930f8,560,1368,1544358,45,0,0,0,7,45
2026-09-23 06:52:53,28362,,7,28385339,45,5674,2826,0,0,43,flash,304,10639,30,8,7474273,2693,43,26,0,657,11,3907.7,72.6,309.3,0,False,False,none,none,0,1,,,28383301,0xebb930f8,560,1368,1545991,45,0,0,0,7,45
2026-09-23 06:53:23,28392,,7,28415314,45,5680,2829,0,0,43,flash,231,10648,30,8,7482452,2695,43,26,0,657,11,3912.2,72.6,309.3,0,False,False,none,none,0,1,,,28413278,0xebb930f8,560,1368,1547634,45,0,0,0,7,45
2026-09-23 06:53:53,28422,,7,28445314,45,5686,2832,0,0,43,flash,270,10660,30,8,7489920,2697,43,26,0,657,11,3899.0,72.5,309.3,0,False,False,none,none,0,1,,,28443282,0xebb930f8,560,1368,1549225,45,0,0,0,7,45
2026-09-23 06:54:23,28452,,7,28475322,45,5692,2835,0,0,43,flash,275,10667,30,8,7498267,2699,43,26,0,657,11,3908.8,72.7,309.3,0,False,False,none,none,0,1,,,28473284,0xebb930f8,560,1368,1550966,45,0,0,0,7,45
2026-09-23 06:54:53,28482,,7,28505299,45,5698,2838,0,0,43,flash,241,10678,30,8,7506760,2701,43,26,0,657,11,3900.5,72.5,309.3,0,False,False,none,none,0,1,,,28503270,0xebb930f8,560,1368,1552613,45,0,0,0,7,45
2026-09-23 06:55:23,28512,,7,28535303,45,5704,2841,0,0,43,flash,229,10695,30,8,7513956,2703,43,26,0,657,11,3901.1,72.5,309.3,0,False,False,none,none,0,1,,,28533270,0xebb930f8,560,1368,1554261,45,0,0,0,7,45
2026-09-23 06:55:53,28542,,7,28565310,45,5710,2844,0,0,43,flash,320,10713,30,8,7521563,2705,43,26,0,657,11,3905.3,72.6,309.3,0,False,False,none,none,0,1,,,28563273,0xebb930f8,560,1368,1555728,45,0,0,0,7,45
2026-09-23 06:56:23,28572,,7,28595295,45,5716,2848,0,0,43,flash,234,10718,30,8,7529748,2707,43,26,0,657,11,3912.6,72.6,309.3,0,False,False,none,none,0,1,,,28593261,0xebb930f8,560,1368,1557423,45,0,0,0,7,45
2026-09-23 06:56:53,28602,,7,28625282,45,5722,2851,0,0,43,flash,251,10732,30,8,7537128,2709,43,26,0,657,11,3899.8,72.5,309.3,0,False,False,none,none,0,1,,,28623241,0xebb930f8,560,1368,1558998,45,0,0,0,7,45
2026-09-23 06:57:23,28632,,7,28655245,45,5728,2854,0,0,43,flash,291,10740,30,8,7545408,2711,43,26,0,657,11,3910.0,72.7,309.3,0,False,False,none,none,0,1,,,28653216,0xebb930f8,560,1368,1560673,45,0,0,0,7,45
2026-09-23 06:57:53,28662,,7,28685269,45,5734,2857,0,0,43,flash,251,10751,30,8,7553877,2713,43,26,0,657,11,3899.9,72.5,309.3,0,False,False,none,none,0,1,,,28683241,0xebb930f8,560,1368,1562236,45,0,0,0,7,45
2026-09-23 06:58:23,28692,,7,28715248,45,5740,2860,0,0,43,flash,242,10763,30,8,7561093,2715,43,26,0,657,11,3900.1,72.5,309.3,0,False,False,none,none,0,1,,,28713211,0xebb930f8,560,1368,1563977,45,0,0,0,7,45
2026-09-23 06:58:53,28722,,7,28745250,45,5746,2863,0,0,43,flash,327,10776,30,8,7568713,2717,43,26,0,657,11,3906.1,72.6,309.3,0,False,False,none,none,0,1,,,28743214,0xebb930f8,560,1368,1565443,45,0,0,0,7,45
2026-09-23 06:59:23,28752,,7,28775237,45,5752,2866,0,0,43,flash,235,10781,30,8,7576927,2719,43,26,0,657,11,3911.6,72.6,309.3,0,False,False,none,none,0,1,,,28773208,0xebb930f8,560,1368,1567158,45,0,0,0,7,45
2026-09-23 06:59:53,28782,,7,28805224,45,5758,2869,0,0,43,flash,256,10792,30,8,7584374,2721,43,26,0,657,11,3899.2,72.5,309.3,0,False,False,none,none,0,1,,,28803191,0xebb930f8,560,1368,1568772,45,0,0,0,7,45
2026-09-23 07:00:23,28812,,7,28835227,45,5764,2872,0,0,43,flash,292,10797,30,8,7592849,2723,43,26,0,657,11,3909.7,72.7,309.3,0,False,False,none,none,0,1,,,28833190,0xebb930f8,560,1368,1570463,45,0,0,0,7,45
2026-09-23 07:00:53,28842,,7,28865226,45,5770,2875,0,0,43,flash,243,10808,30,8,7601400,2725,43,26,0,657,11,3899.9,72.5,309.3,0,False,False,none,none,0,1,,,28863187,0xebb930f8,560,1368,1572126,45,0,0,0,7,45
2026-09-23 07:01:23,28872,,7,28895216,45,5776,2879,0,0,43,flash,254,10822,30,8,7608645,2727,43,26,0,657,11,3899.2,72.5,309.3,0,False,False,none,none,0,1,,,28893184,0xebb930f8,560,1368,1573816,45,0,0,0,7,45
2026-09-23 07:01:53,28902,,7,28925207,45,5782,2882,0,0,43,flash,305,10838,30,8,7616206,2729,43,26,0,657,11,3906.2,72.6,309.3,0,False,False,none,none,0,1,,,28923171,0xebb930f8,560,1368,1575432,45,0,0,0,7,45
2026-09-23 07:02:23,28932,,7,28955203,45,5788,2885,0,0,43,flash,229,10845,30,8,7624490,2731,43,26,0,657,11,3912.8,72.6,309.3,0,False,False,none,none,0,1,,,28953158,0xebb930f8,560,1368,1577092,45,0,0,0,7,45
2026-09-23 07:02:53,28962,,7,28985194,45,5794,2888,0,0,43,flash,255,10854,30,8,7632010,2733,43,26,0,657,11,3898.7,72.5,309.3,0,False,False,none,none,0,1,,,28983158,0xebb930f8,560,1368,1578599,45,0,0,0,7,45
2026-09-23 07:03:23,28992,,7,29015174,45,5800,2891,0,0,43,flash,289,10862,31,8,7640423,2735,43,26,0,657,11,3910.0,72.7,309.3,0,False,False,none,none,0,1,,,29013146,0xebb930f8,560,1368,1580249,45,0,0,0,7,45
2026-09-23 07:03:53,29022,,7,29045160,45,5806,2896,0,0,43,flash,236,10867,31,8,7648998,2737,43,26,0,657,11,3902.2,72.5,309.3,0,False,False,none,none,0,1,,,29043124,0xebb930f8,560,1368,1581789,45,0,0,0,7,45
2026-09-23 07:04:23,29052,,7,29075164,45,5812,2899,0,0,43,flash,238,10881,31,8,7656217,2739,43,26,0,657,11,3901.0,72.5,309.3,0,False,False,none,none,0,1,,,29073130,0xebb930f8,560,1368,1583457,45,0,0,0,7,45
2026-09-23 07:04:53,29082,,7,29105150,45,5818,2902,0,0,43,flash,308,10892,31,8,7663824,2741,43,26,0,657,11,3905.2,72.6,309.3,0,False,False,none,none,0,1,,,29103115,0xebb930f8,560,1368,1584988,45,0,0,0,7,45
2026-09-23 07:05:23,29112,,7,29135128,45,5824,2905,0,0,43,flash,237,10898,31,8,7672039,2743,43,26,0,657,11,3912.2,72.7,309.3,0,False,False,none,none,0,1,,,29133092,0xebb930f8,560,1368,1586675,45,0,0,0,7,45
2026-09-23 07:05:53,29142,,7,29165144,45,5830,2908,0,0,43,flash,254,10914,31,8,7679418,2745,43,26,0,657,11,3898.8,72.5,309.3,0,False,False,none,none,0,1,,,29163106,0xebb930f8,560,1368,1588367,45,0,0,0,7,45
2026-09-23 07:06:23,29172,,7,29195136,45,5836,2911,0,0,43,flash,293,10921,31,8,7687754,2747,43,26,0,657,11,3908.7,72.6,309.3,0,False,False,none,none,0,1,,,29193101,0xebb930f8,560,1368,1589975,45,0,0,0,7,45
2026-09-23 07:06:53,29202,,7,29225126,46,5842,2914,0,0,43,flash,247,10929,31,8,7696474,2749,43,26,0,657,11,3902.0,72.5,309.3,0,False,False,none,none,0,1,,,29223092,0xebb930f8,560,1368,1591543,46,0,0,0,7,46
2026-09-23 07:07:23,29232,,7,29255127,46,5848,2918,0,0,43,flash,240,10941,31,8,7703820,2751,43,26,0,657,11,3902.4,72.5,309.3,0,False,False,none,none,0,1,,,29253086,0xebb930f8,560,1368,1593241,46,0,0,0,7,46
2026-09-23 07:07:53,29262,,7,29285091,46,5854,2921,0,0,43,flash,319,10955,31,8,7711522,2753,43,26,0,657,11,3903.3,72.6,309.3,0,False,False,none,none,0,1,,,29283068,0xebb930f8,560,1368,1594789,46,0,0,0,7,46
2026-09-23 07:08:23,29292,,7,29315120,46,5860,2924,0,0,43,flash,238,10961,31,8,7719859,2755,43,26,0,657,11,3912.6,72.5,309.3,0,False,False,none,none,0,1,,,29313086,0xebb930f8,560,1368,1596555,46,0,0,0,7,46
2026-09-23 07:08:53,29322,,7,29345098,46,5866,2927,0,0,43,flash,266,10976,31,8,7727392,2757,43,26,0,657,11,3898.2,72.5,309.3,0,False,False,none,none,0,1,,,29343069,0xebb930f8,560,1368,1598134,46,0,0,0,7,46
2026-09-23 07:09:23,29352,,7,29375092,46,5872,2931,0,0,43,flash,291,10983,31,8,7735879,2759,43,26,0,657,11,3906.8,72.6,309.3,0,False,False,none,none,0,1,,,29373065,0xebb930f8,560,1368,1599859,46,0,0,0,7,46
2026-09-23 07:09:53,29382,,7,29405069,46,5878,2934,0,0,43,flash,243,10990,31,8,7744507,2761,43,26,0,657,11,3900.9,72.5,309.3,0,False,False,none,none,0,1,,,29403040,0xebb930f8,560,1368,1601450,46,0,0,0,7,46
2026-09-23 07:10:23,29412,,7,29435064,46,5884,2937,0,0,43,flash,239,11003,31,8,7751803,2763,43,26,0,657,11,3901.6,72.5,309.3,0,False,False,none,none,0,1,,,29433033,0xebb930f8,560,1368,1603098,46,0,0,0,7,46
2026-09-23 07:10:53,29442,,7,29465060,46,5890,2940,0,0,43,flash,329,11016,31,8,7759419,2765,43,26,0,657,11,3905.8,72.6,309.3,0,False,False,none,none,0,1,,,29463026,0xebb930f8,560,1368,1604686,46,0,0,0,7,46
2026-09-23 07:11:23,29473,,7,29495075,46,5896,2943,0,0,43,flash,240,11024,31,8,7767825,2767,43,26,0,657,11,3912.6,72.6,309.3,0,False,False,none,none,0,1,,,29493036,0xebb930f8,560,1368,1606380,46,0,0,0,7,46
2026-09-23 07:11:53,29502,,7,29525060,46,5902,2946,0,0,43,flash,249,11038,31,8,7775333,2769,43,26,0,657,11,3897.8,72.5,309.3,0,False,False,none,none,0,1,,,29523021,0xebb930f8,560,1368,1607965,46,0,0,0,7,46
2026-09-23 07:12:23,29532,,7,29555035,46,5908,2949,0,0,43,flash,307,11046,31,8,7783792,2771,43,26,0,657,11,3908.1,72.7,309.3,0,False,False,none,none,0,1,,,29553006,0xebb930f8,560,1368,1609676,46,0,0,0,7,46
2026-09-23 07:12:53,29563,,7,29585048,46,5914,2952,0,0,43,flash,227,11058,31,8,7792424,2773,43,26,0,657,11,3900.8,72.5,309.3,0,False,False,none,none,0,1,,,29583014,0xebb930f8,560,1368,1611197,46,0,0,0,7,46
2026-09-23 07:13:23,29593,,7,29615052,46,5920,2955,0,0,43,flash,235,11066,31,8,7799717,2775,43,26,0,657,11,3898.8,72.5,309.3,0,False,False,none,none,0,1,,,29613011,0xebb930f8,560,1368,1612854,46,0,0,0,7,46
2026-09-23 07:13:53,29623,,7,29645060,46,5926,2958,0,0,43,flash,308,11082,31,8,7807345,2777,43,26,0,657,11,3905.7,72.6,309.3,0,False,False,none,none,0,1,,,29643016,0xebb930f8,560,1368,1614401,46,0,0,0,7,46
2026-09-23 07:14:23,29653,,7,29675027,46,5932,2961,0,0,43,flash,235,11090,31,8,7815602,2779,43,26,0,657,11,3914.6,72.6,309.3,0,False,False,none,none,0,1,,,29672992,0xebb930f8,560,1368,1616114,46,0,0,0,7,46
2026-09-23 07:14:53,29683,,7,29705040,46,5938,2964,0,0,43,flash,266,11103,31,8,7823063,2781,43,26,0,657,11,3899.3,72.5,309.3,0,False,False,none,none,0,1,,,29703002,0xebb930f8,560,1368,1617673,46,0,0,0,7,46
2026-09-23 07:15:23,29713,,7,29735018,46,5944,2967,0,0,43,flash,303,11113,31,8,7831499,2783,43,26,0,657,11,3908.6,72.6,309.3,0,False,False,none,none,0,1,,,29732984,0xebb930f8,560,1368,1619325,46,0,0,0,7,46
2026-09-23 07:15:53,29743,,7,29765021,46,5950,2970,0,0,43,flash,242,11124,31,8,7840220,2785,43,26,0,657,11,3900.6,72.5,309.3,0,False,False,none,none,0,1,,,29762983,0xebb930f8,560,1368,1620842,46,0,0,0,7,46
2026-09-23 07:16:23,29773,,7,29795026,46,5956,2973,0,0,43,flash,250,11138,31,8,7847521,2787,43,26,0,657,11,3901.1,72.5,309.3,0,False,False,none,none,0,1,,,29792988,0xebb930f8,560,1368,1622504,46,0,0,0,7,46
2026-09-23 07:16:53,29803,,7,29824994,46,5962,2976,0,0,43,flash,327,11154,31,8,7855155,2789,43,26,0,657,11,3905.1,72.6,309.3,0,False,False,none,none,0,1,,,29822961,0xebb930f8,560,1368,1624069,46,0,0,0,7,46
2026-09-23 07:17:23,29833,,7,29855011,46,5968,2980,0,0,43,flash,235,11166,31,8,7863438,2791,43,26,0,657,11,3909.8,72.6,309.3,0,False,False,none,none,0,1,,,29852976,0xebb930f8,560,1368,1625763,46,0,0,0,7,46
2026-09-23 07:17:53,29863,,7,29884997,46,5974,2983,0,0,43,flash,256,11183,31,8,7870943,2793,43,26,0,657,11,3899.4,72.5,309.3,0,False,False,none,none,0,1,,,29882956,0xebb930f8,560,1368,1627370,46,0,0,0,7,46
2026-09-23 07:18:23,29893,,7,29915002,46,5980,2986,0,0,43,flash,291,11194,31,8,7879328,2795,43,26,0,657,11,3907.7,72.7,309.3,0,False,False,none,none,0,1,,,29912964,0xebb930f8,560,1368,1629127,46,0,0,0,7,46
2026-09-23 07:18:53,29923,,7,29944988,46,5986,2989,0,0,43,flash,239,11203,31,8,7887907,2797,43,26,0,657,11,3899.9,72.5,309.3,0,False,False,none,none,0,1,,,29942950,0xebb930f8,560,1368,1630723,46,0,0,0,7,46
2026-09-23 07:19:23,29953,,7,29974946,46,5992,2992,0,0,43,flash,239,11217,31,8,7895177,2799,43,26,0,657,11,3900.7,72.5,309.3,0,False,False,none,none,0,1,,,29972922,0xebb930f8,560,1368,1632267,46,0,0,0,7,46
2026-09-23 07:19:53,29983,,7,30004963,46,5998,2995,0,0,43,flash,325,11235,31,8,7902785,2801,43,26,0,657,11,3904.3,72.6,309.3,0,False,False,none,none,0,1,,,30002927,0xebb930f8,560,1368,1633868,46,0,0,0,7,46
2026-09-23 07:20:23,30013,,7,30034945,47,6004,2998,0,0,43,flash,233,11248,31,8,7911137,2803,43,26,0,657,11,3910.8,72.6,309.3,0,False,False,none,none,0,1,,,30032911,0xebb930f8,560,1368,1635460,47,0,0,0,7,47
2026-09-23 07:20:53,30043,,7,30064958,47,6010,3001,0,0,43,flash,259,11264,31,8,7918587,2805,43,26,0,657,11,3900.3,72.5,309.3,0,False,False,none,none,0,1,,,30062918,0xebb930f8,560,1368,1637096,47,0,0,0,7,47
2026-09-23 07:21:23,30073,,7,30094942,47,6016,3004,0,0,43,flash,292,11270,31,8,7926958,2807,43,26,0,657,11,3908.5,72.7,309.3,0,False,False,none,none,0,1,,,30092910,0xebb930f8,560,1368,1638799,47,0,0,0,7,47
2026-09-23 07:21:53,30103,,7,30124915,47,6022,3007,0,0,43,flash,245,11278,31,8,7935437,2809,43,26,0,657,11,3901.2,72.5,309.3,0,False,False,none,none,0,1,,,30122885,0xebb930f8,560,1368,1640475,47,0,0,0,7,47
2026-09-23 07:22:23,30133,,7,30154922,47,6028,3011,0,0,43,flash,237,11288,31,8,7942652,2811,43,26,0,657,11,3901.7,72.5,309.3,0,False,False,none,none,0,1,,,30152889,0xebb930f8,560,1368,1642228,47,0,0,0,7,47
2026-09-23 07:22:53,30163,,7,30184914,47,6034,3014,0,0,43,flash,316,11305,31,8,7950189,2813,43,26,0,657,11,3904.6,72.6,309.3,0,False,False,none,none,0,1,,,30182882,0xebb930f8,560,1368,1643820,47,0,0,0,7,47
2026-09-23 07:23:23,30193,,7,30214926,47,6040,3017,0,0,43,flash,225,11313,31,8,7958452,2815,43,26,0,657,11,3913.1,72.6,309.3,0,False,False,none,none,0,1,,,30212887,0xebb930f8,560,1368,1645445,47,0,0,0,7,47
2026-09-23 07:23:53,30223,,7,30244889,47,6046,3020,0,0,43,flash,259,11327,31,8,7965814,2817,43,26,0,657,11,3899.8,72.5,309.3,0,False,False,none,none,0,1,,,30242865,0xebb930f8,560,1368,1647043,47,0,0,0,7,47
2026-09-23 07:24:23,30253,,7,30274898,47,6052,3023,0,0,43,flash,289,11332,32,8,7974297,2819,43,26,0,657,11,3906.8,72.6,309.3,0,False,False,none,none,0,1,,,30272863,0xebb930f8,560,1368,1648757,47,0,0,0,7,47
2026-09-23 07:24:53,30283,,7,30304882,47,6058,3026,0,0,43,flash,242,11341,32,8,7982885,2821,43,26,0,657,11,3899.8,72.5,309.3,0,False,False,none,none,0,1,,,30302849,0xebb930f8,560,1368,1650487,47,0,0,0,7,47
2026-09-23 07:25:23,30313,,7,30334877,47,6064,3029,0,0,43,flash,249,11350,32,8,7990193,2823,43,26,0,657,11,3900.7,72.5,309.3,0,False,False,none,none,0,1,,,30332840,0xebb930f8,560,1368,1652137,47,0,0,0,7,47
2026-09-23 07:25:53,30343,,7,30364868,48,6070,3032,0,0,43,flash,316,11362,32,8,7997772,2825,43,26,0,657,11,3906.2,72.6,309.3,0,False,False,none,none,0,1,,,30362834,0xebb930f8,560,1368,1653769,48,0,0,0,7,48
2026-09-23 07:26:23,30373,,7,30394844,48,6076,3035,0,0,43,flash,238,11372,32,8,8006059,2827,43,26,0,657,11,3912.5,72.6,309.3,0,False,False,none,none,0,1,,,30392816,0xebb930f8,560,1368,1655469,48,0,0,0,7,48
2026-09-23 07:26:53,30403,,7,30424844,48,6082,3038,0,0,43,flash,261,11382,32,8,8013559,2829,43,26,0,657,11,3899.3,72.5,309.3,0,False,False,none,none,0,1,,,30422810,0xebb930f8,560,1368,1657007,48,0,0,0,7,48
2026-09-23 07:27:23,30433,,7,30454823,48,6088,3041,0,0,43,flash,301,11386,32,8,8021913,2831,43,26,0,657,11,3909.3,72.6,309.3,0,False,False,none,none,0,1,,,30452795,0xebb930f8,560,1368,1658803,48,0,0,0,7,48
2026-09-23 07:27:53,30463,,7,30484832,48,6094,3044,0,0,43,flash,243,11398,32,8,8030474,2833,43,26,0,657,11,3899.8,72.5,309.3,0,False,False,none,none,0,1,,,30482792,0xebb930f8,560,1368,1660402,48,0,0,0,7,48
2026-09-23 07:28:23,30493,,7,30514816,48,6100,3047,0,0,43,flash,239,11410,32,8,8037704,2835,43,26,0,657,11,3899.5,72.5,309.3,0,False,False,none,none,0,1,,,30512778,0xebb930f8,560,1368,1662037,48,0,0,0,7,48
2026-09-23 07:28:53,30523,,7,30544803,48,6106,3050,0,0,43,flash,325,11424,32,8,8045320,2837,43,26,0,657,11,3905.7,72.6,309.3,0,False,False,none,none,0,1,,,30542769,0xebb930f8,560,1368,1663646,48,0,0,0,7,48
2026-09-23 07:29:23,30553,,7,30574788,48,6112,3053,0,0,43,flash,232,11433,32,8,8053649,2839,43,26,0,657,11,3912.0,72.6,309.3,0,False,False,none,none,0,1,,,30572755,0xebb930f8,560,1368,1665256,48,0,0,0,7,48
2026-09-23 07:29:53,30583,,7,30604800,48,6118,3057,0,0,43,flash,260,11448,32,8,8061129,2841,43,26,0,657,11,3897.8,72.4,309.3,0,False,False,none,none,0,1,,,30602760,0xebb930f8,560,1368,1666809,48,0,0,0,7,48
2026-09-23 07:30:23,30613,,7,30634787,48,6124,3060,0,0,43,flash,302,11452,32,8,8069506,2843,43,26,0,657,11,3905.9,72.6,309.3,0,False,False,none,none,0,1,,,30632757,0xebb930f8,560,1368,1668451,48,0,0,0,7,48
2026-09-23 07:30:53,30643,,7,30664773,48,6130,3063,0,0,43,flash,242,11460,32,8,8078063,2845,43,26,0,657,11,3900.2,72.5,309.3,0,False,False,none,none,0,1,,,30662742,0xebb930f8,560,1368,1670055,48,0,0,0,7,48
2026-09-23 07:31:23,30673,,7,30694773,48,6136,3066,0,0,43,flash,235,11471,32,8,8085248,2847,43,26,0,657,11,3901.5,72.5,309.3,0,False,False,none,none,0,1,,,30692742,0xebb930f8,560,1368,1671830,48,0,0,0,7,48
2026-09-23 07:31:53,30703,,7,30724762,48,6142,3069,0,0,43,flash,313,11485,32,8,8092766,2849,43,26,0,657,11,3906.7,72.6,309.3,0,False,False,none,none,0,1,,,30722729,0xebb930f8,560,1368,1673464,48,0,0,0,7,48
2026-09-23 07:32:23,30733,,7,30754749,48,6148,3072,0,0,43,flash,233,11496,32,8,8100957,2851,43,26,0,657,11,3911.2,72.6,309.3,0,False,False,none,none,0,1,,,30752712,0xebb930f8,560,1368,1675149,48,0,0,0,7,48
2026-09-23 07:32:53,30763,,7,30784747,48,6154,3075,0,0,43,flash,268,11510,32,8,8108365,2853,43,26,0,657,11,3900.3,72.5,309.3,0,False,False,none,none,0,1,,,30782714,0xebb930f8,560,1368,1676787,48,0,0,0,7,48
2026-09-23 07:33:23,30793,,7,30814752,48,6160,3078,0,0,43,flash,305,11516,32,8,8116871,2855,43,26,0,657,11,3906.9,72.6,309.3,0,False,False,none,none,0,1,,,30812716,0xebb930f8,560,1368,1678345,48,0,0,0,7,48
2026-09-23 07:33:53,30823,,7,30844728,48,6166,3081,0,0,43,flash,237,11525,32,8,8125410,2857,43,26,0,657,11,3898.0,72.5,309.3,0,False,False,none,none,0,1,,,30842697,0xebb930f8,560,1368,1680012,48,0,0,0,7,48
2026-09-23 07:34:23,30853,,7,30874725,48,6172,3084,0,0,43,flash,244,11537,32,8,8132669,2859,43,26,0,657,11,3899.2,72.5,309.3,0,False,False,none,none,0,1,,,30872696,0xebb930f8,560,1368,1681648,48,0,0,0,7,48
2026-09-23 07:34:53,30883,,7,30904731,48,6178,3087,0,0,43,flash,313,11553,32,8,8140220,2861,43,26,0,657,11,3908.5,72.7,309.3,0,False,False,none,none,0,1,,,30902699,0xebb930f8,560,1368,1683207,48,0,0,0,7,48
2026-09-23 07:35:23,30913,,7,30934727,48,6184,3090,0,0,43,flash,230,11561,32,8,8148535,2863,43,26,0,657,11,3912.2,72.6,309.3,0,False,False,none,none,0,1,,,30932690,0xebb930f8,560,1368,1684839,48,0,0,0,7,48
2026-09-23 07:35:53,30943,,7,30964714,48,6190,3094,0,0,43,flash,264,11569,32,8,8155958,2865,43,26,0,657,11,3899.6,72.5,309.3,0,False,False,none,none,0,1,,,30962685,0xebb930f8,560,1368,1686406,48,0,0,0,7,48
2026-09-23 07:36:23,30973,,7,30994706,48,6196,3098,0,0,43,flash,298,11578,32,8,8164284,2867,43,26,0,657,11,3908.7,72.7,309.3,0,False,False,none,none,0,1,,,30992673,0xebb930f8,560,1368,1688146,48,0,0,0,7,48
2026-09-23 07:36:53,31003,,7,31024693,48,6202,3102,0,0,43,flash,237,11587,32,8,8172768,2869,43,26,0,657,11,3902.1,72.6,309.3,0,False,False,none,none,0,1,,,31022661,0xebb930f8,560,1368,1689711,48,0,0,0,7,48
2026-09-23 07:37:23,31033,,7,31054697,48,6208,3104,0,0,43,flash,243,11601,32,8,8180017,2871,43,26,0,657,11,3901.0,72.5,309.3,0,False,False,none,none,0,1,,,31052662,0xebb930f8,560,1368,1691325,48,0,0,0,7,48
2026-09-23 07:37:53,31063,,7,31084689,48,6214,3107,0,0,43,flash,324,11617,32,8,8187560,2873,43,26,0,657,11,3904.5,72.6,309.3,0,False,False,none,none,0,1,,,31082659,0xebb930f8,560,1368,1692956,48,0,0,0,7,48
2026-09-23 07:38:24,31093,,7,31114693,48,6220,3110,0,0,43,flash,231,11624,32,8,8195808,2875,43,26,0,657,11,3910.7,72.6,309.3,0,False,False,none,none,0,1,,,31112657,0xebb930f8,560,1368,1694569,48,0,0,0,7,48
2026-09-23 07:38:54,31123,,7,31144676,48,6226,3113,0,0,43,flash,264,11634,32,8,8203228,2877,43,26,0,657,11,3898.8,72.5,309.3,0,False,False,none,none,0,1,,,31142653,0xebb930f8,560,1368,1696084,48,0,0,0,7,48
2026-09-23 07:39:24,31153,,7,31174669,48,6232,3115,0,0,43,flash,295,11638,32,8,8211543,2879,43,26,0,657,11,3907.4,72.7,309.3,0,False,False,none,none,0,1,,,31172640,0xebb930f8,560,1368,1697752,48,0,0,0,7,48
2026-09-23 07:39:54,31183,,7,31204657,48,6238,3118,0,0,43,flash,245,11648,32,8,8220035,2881,43,26,0,657,11,3899.7,72.5,309.3,0,False,False,none,none,0,1,,,31202624,0xebb930f8,560,1368,1699362,48,0,0,0,7,48
2026-09-23 07:40:24,31213,,7,31234651,48,6244,3121,0,0,43,flash,235,11661,32,8,8227193,2883,43,26,0,657,11,3901.9,72.5,309.3,0,False,False,none,none,0,1,,,31232615,0xebb930f8,560,1368,1701051,48,0,0,0,7,48
2026-09-23 07:40:54,31243,,7,31264653,48,6250,3124,0,0,43,flash,303,11667,32,8,8234682,2885,43,26,0,657,11,3906.3,72.7,309.3,0,False,False,none,none,0,1,,,31262615,0xebb930f8,560,1368,1702623,48,0,0,0,7,48
2026-09-23 07:41:24,31273,,7,31294639,48,6256,3127,0,0,43,flash,226,11673,32,8,8242778,2887,43,26,0,657,11,3913.0,72.6,309.3,0,False,False,none,none,0,1,,,31292607,0xebb930f8,560,1368,1704364,48,0,0,0,7,48
2026-09-23 07:41:54,31303,,7,31324617,48,6262,3130,0,0,43,flash,259,11685,32,8,8250242,2889,43,26,0,657,11,3899.4,72.5,309.3,0,False,False,none,none,0,1,,,31322590,0xebb930f8,560,1368,1706025,48,0,0,0,7,48
2026-09-23 07:42:24,31333,,7,31354606,48,6268,3133,0,0,43,flash,296,11687,32,8,8258723,2891,43,26,0,657,11,3908.0,72.7,309.3,0,False,False,none,none,0,1,,,31352574,0xebb930f8,560,1368,1707635,48,0,0,0,7,48
2026-09-23 07:42:54,31363,,7,31384608,48,6274,3136,0,0,43,flash,246,11695,32,8,8267363,2893,43,26,0,657,11,3899.8,72.5,309.3,0,False,False,none,none,0,1,,,31382567,0xebb930f8,560,1368,1709183,48,0,0,0,7,48
2026-09-23 07:43:24,31393,,7,31414584,48,6280,3140,0,0,43,flash,230,11709,32,8,8274614,2895,43,26,0,657,11,3901.1,72.5,309.3,0,False,False,none,none,0,1,,,31412553,0xebb930f8,560,1368,1710841,48,0,0,0,7,48
2026-09-23 07:43:54,31423,,7,31444586,48,6286,3144,0,0,43,flash,307,11723,32,8,8282183,2897,43,26,0,657,11,3907.1,72.7,309.3,0,False,False,none,none,0,1,,,31442556,0xebb930f8,560,1368,1712475,48,0,0,0,7,48
2026-09-23 07:44:24,31453,,7,31474576,48,6292,3147,0,0,43,flash,234,11731,32,8,8290492,2899,43,26,0,657,11,3911.7,72.6,309.3,0,False,False,none,none,0,1,,,31472540,0xebb930f8,560,1368,1714124,48,0,0,0,7,48
2026-09-23 07:44:54,31483,,7,31504559,48,6298,3150,0,0,43,flash,260,11745,32,8,8297959,2901,43,26,0,657,11,3899.0,72.5,309.3,0,False,False,none,none,0,1,,,31502530,0xebb930f8,560,1368,1715635,48,0,0,0,7,48
2026-09-23 07:45:24,31513,,7,31534545,48,6304,3153,0,0,43,flash,283,11753,32,8,8306279,2903,43,26,0,657,11,3907.7,72.7,309.3,0,False,False,none,none,0,1,,,31532511,0xebb930f8,560,1368,1717387,48,0,0,0,7,48
2026-09-23 07:45:54,31543,,7,31564529,48,6310,3156,0,0,43,flash,252,11764,33,8,8314729,2905,43,26,0,657,12,3901.2,72.5,309.3,0,False,False,none,none,0,1,,,31562495,0xebb930f8,560,1368,1719061,48,0,0,0,7,48
2026-09-23 07:46:24,31573,,7,31594530,48,6316,3162,0,0,43,flash,250,11776,33,8,8321981,2907,43,26,0,657,12,3900.0,72.5,309.3,0,False,False,none,none,0,1,,,31592491,0xebb930f8,560,1368,1720769,48,0,0,0,7,48
2026-09-23 07:46:54,31603,,7,31624503,48,6322,3166,0,0,43,flash,298,11790,33,8,8329486,2909,43,26,0,657,12,3904.1,72.6,309.3,0,False,False,none,none,0,1,,,31622470,0xebb930f8,560,1368,1722445,48,0,0,0,7,48
2026-09-23 07:47:24,31633,,7,31654506,48,6328,3169,0,0,43,flash,232,11799,33,8,8337772,2911,43,26,0,657,12,3912.6,72.6,309.3,0,False,False,none,none,0,1,,,31652474,0xebb930f8,560,1368,1724138,48,0,0,0,7,48
2026-09-23 07:47:54,31663,,7,31684494,48,6334,3172,0,0,43,flash,255,11813,33,8,8345164,2913,43,26,0,657,12,3899.3,72.5,309.3,0,False,False,none,none,0,1,,,31682458,0xebb930f8,560,1368,1725743,48,0,0,0,7,48
2026-09-23 07:48:24,31693,,7,31714496,48,6340,3175,0,0,43,flash,293,11816,33,8,8353549,2915,43,26,0,657,12,3908.5,72.7,309.3,0,False,False,none,none,0,1,,,31712464,0xebb930f8,560,1368,1727391,48,0,0,0,7,48
2026-09-23 07:48:54,31723,,7,31744492,48,6346,3178,0,0,43,flash,237,11824,33,8,8362001,2917,43,26,0,657,12,3900.7,72.5,309.3,0,False,False,none,none,0,1,,,31742457,0xebb930f8,560,1368,1729118,48,0,0,0,7,48
2026-09-23 07:49:24,31753,,7,31774479,48,6352,3181,0,0,43,flash,233,11835,33,8,8369222,2919,43,26,0,657,12,3900.8,72.5,309.3,0,False,False,none,none,0,1,,,31772443,0xebb930f8,560,1368,1730700,48,0,0,0,7,48
2026-09-23 07:49:54,31783,,7,31804464,48,6358,3184,0,0,43,flash,308,11848,33,8,8376712,2921,43,26,0,657,12,3906.7,72.6,309.3,0,False,False,none,none,0,1,,,31802438,0xebb930f8,560,1368,1732269,48,0,0,0,7,48
2026-09-23 07:50:24,31813,,7,31834450,48,6364,3187,0,0,43,flash,223,11859,33,8,8384896,2923,43,26,0,657,12,3912.7,72.6,309.3,0,False,False,none,none,0,1,,,31832425,0xebb930f8,560,1368,1733999,48,0,0,0,7,48
2026-09-23 07:50:54,31843,,7,31864450,48,6370,3190,0,0,43,flash,260,11871,33,8,8392375,2925,43,26,0,657,12,3897.9,72.4,309.3,0,False,False,none,none,0,1,,,31862410,0xebb930f8,560,1368,1735547,48,0,0,0,7,48
2026-09-23 07:51:24,31873,,7,31894427,48,6376,3193,0,0,43,flash,300,11879,33,8,8400785,2927,43,26,0,657,12,3907.6,72.7,309.3,0,False,False,none,none,0,1,,,31892397,0xebb930f8,560,1368,1737143,48,0,0,0,7,48
2026-09-23 07:51:54,31903,,7,31924434,48,6382,3196,0,0,43,flash,236,11887,33,8,8409345,2929,43,26,0,657,12,3899.8,72.5,309.3,0,False,False,none,none,0,1,,,31922403,0xebb930f8,560,1368,1738710,48,0,0,0,7,48
2026-09-23 07:52:24,31933,,7,31954412,48,6388,3199,0,0,43,flash,244,11897,33,8,8416539,2931,43,26,0,657,12,3901.2,72.5,309.3,0,False,False,none,none,0,1,,,31952377,0xebb930f8,560,1368,1740355,48,0,0,0,7,48
2026-09-23 07:52:54,31963,,7,31984424,48,6394,3203,0,0,43,flash,318,11913,33,8,8424112,2933,43,26,0,657,12,3906.7,72.6,309.3,0,False,False,none,none,0,1,,,31982390,0xebb930f8,560,1368,1741888,48,0,0,0,7,48
2026-09-23 07:53:24,31993,,7,32014424,48,6400,3206,0,0,43,flash,233,11920,33,8,8432334,2935,43,26,0,657,12,3912.8,72.6,309.3,0,False,False,none,none,0,1,,,32012385,0xebb930f8,560,1368,1743573,48,0,0,0,7,48
2026-09-23 07:53:54,32023,,7,32044413,48,6406,3209,0,0,43,flash,265,11933,33,8,8439718,2937,43,26,0,657,12,3897.8,72.4,309.3,0,False,False,none,none,0,1,,,32042377,0xebb930f8,560,1368,1745166,48,0,0,0,7,48
2026-09-23 07:54:24,32053,,7,32074403,48,6412,3212,0,0,43,flash,283,11941,33,8,8447993,2939,43,26,0,657,12,3907.2,72.6,309.3,0,False,False,none,none,0,1,,,32072365,0xebb930f8,560,1368,1746845,48,0,0,0,7,48
2026-09-23 07:54:54,32083,,7,32104379,48,6418,3216,0,0,43,flash,245,11950,33,8,8456513,2941,43,26,0,657,12,3900.5,72.5,309.3,0,False,False,none,none,0,1,,,32102350,0xebb930f8,560,1368,1748419,48,0,0,0,7,48
2026-09-23 07:55:24,32113,,7,32134371,48,6424,3219,0,0,43,flash,235,11964,33,8,8463727,2943,43,26,0,657,12,3898.3,72.5,309.3,0,False,False,none,none,0,1,,,32132338,0xebb930f8,560,1368,1750064,48,0,0,0,7,48
2026-09-23 07:55:54,32143,,7,32164375,48,6430,3222,0,0,43,flash,305,11979,33,8,8471254,2945,43,26,0,657,12,3906.7,72.6,309.3,0,False,False,none,none,0,1,,,32162340,0xebb930f8,560,1368,1751601,48,0,0,0,7,48
2026-09-23 07:56:24,32173,,7,32194359,48,6436,3225,0,0,43,flash,226,11992,33,8,8479421,2947,43,26,0,657,12,3910.2,72.6,309.3,0,False,False,none,none,0,1,,,32192325,0xebb930f8,560,1368,1753345,48,0,0,0,7,48
2026-09-23 07:56:54,32203,,7,32224365,48,6442,3228,0,0,43,flash,258,12006,33,8,8486808,2949,43,26,0,657,12,3899.8,72.5,309.3,0,False,False,none,none,0,1,,,32222333,0xebb930f8,560,1368,1754860,48,0,0,0,7,48
2026-09-23 07:57:24,32233,,7,32254361,48,6448,3231,0,0,43,flash,299,12014,33,8,8495097,2951,43,26,0,657,12,3906.7,72.6,309.3,0,False,False,none,none,0,1,,,32252325,0xebb930f8,560,1368,1756565,48,0,0,0,7,48
2026-09-23 07:57:54,32263,,7,32284349,48,6454,3234,0,0,43,flash,233,12024,33,8,8503536,2953,43,26,0,657,12,3900.6,72.6,309.3,0,False,False,none,none,0,1,,,32282319,0xebb930f8,560,1368,1758129,48,0,0,0,7,48
2026-09-23 07:58:24,32293,,7,32314354,48,6460,3237,0,0,43,flash,235,12035,33,8,8510686,2955,43,26,0,657,12,3902.2,72.6,309.3,0,False,False,none,none,0,1,,,32312321,0xebb930f8,560,1368,1759773,48,0,0,0,7,48
2026-09-23 07:58:54,32323,,7,32344338,48,6466,3240,0,0,43,flash,297,12052,33,8,8518086,2957,43,26,0,657,12,3906.7,72.7,309.3,0,False,False,none,none,0,1,,,32342309,0xebb930f8,560,1368,1761375,48,0,0,0,7,48
2026-09-23 07:59:24,32353,,7,32374341,48,6472,3243,0,0,43,flash,223,12060,33,8,8526460,2959,43,26,0,657,12,3912.0,72.6,309.3,0,False,False,none,none,0,1,,,32372308,0xebb930f8,560,1368,1762986,48,0,0,0,7,48
2026-09-23 07:59:54,32383,,7,32404322,48,6478,3246,0,0,43,flash,252,12073,33,8,8533875,2961,43,26,0,657,12,3897.8,72.5,309.3,0,False,False,none,none,0,1,,,32402299,0xebb930f8,560,1368,1764649,48,0,0,0,7,48
2026-09-23 08:00:24,32413,,7,32434321,48,6484,3249,0,0,43,flash,285,12081,33,8,8542258,2963,43,26,0,657,12,3907.5,72.6,309.3,0,False,False,none,none,0,1,,,32432295,0xebb930f8,560,1368,1766324,48,0,0,0,7,48
2026-09-23 08:00:54,32443,,7,32464312,48,6490,3252,0,0,43,flash,237,12090,33,8,8550775,2965,43,26,0,657,12,3900.3,72.6,309.3,0,False,False,none,none,0,1,,,32462287,0xebb930f8,560,1368,1767923,48,0,0,0,7,48
2026-09-23 08:01:24,32473,,7,32494314,48,6496,3255,0,0,43,flash,245,12103,33,8,8557992,2967,43,26,0,657,12,3901.5,72.5,309.3,0,False,False,none,none,0,1,,,32492282,0xebb930f8,560,1368,1769591,48,0,0,0,7,48
2026-09-23 08:01:54,32503,,7,32524305,48,6502,3259,0,0,43,flash,307,12115,33,8,8565539,2969,43,26,0,657,12,3907.4,72.6,309.3,0,False,False,none,none,0,1,,,32522275,0xebb930f8,560,1368,1771135,48,0,0,0,7,48
2026-09-23 08:02:24,32533,,7,32554299,48,6508,3262,0,0,43,flash,234,12127,33,8,8573778,2971,43,26,0,657,12,3911.4,72.6,309.3,0,False,False,none,none,0,1,,,32552269,0xebb930f8,560,1368,1772746,48,0,0,0,7,48
2026-09-23 08:02:54,32563,,7,32584291,48,6514,3265,0,0,43,flash,262,12137,33,8,8581113,2973,43,26,0,657,12,3899.5,72.5,309.3,0,False,False,none,none,0,1,,,32582263,0xebb930f8,560,1368,1774428,48,0,0,0,7,48
2026-09-23 08:03:24,32593,,7,32614279,48,6520,3268,0,0,43,flash,293,12144,33,8,8589433,2975,43,26,0,657,12,3908.6,72.7,309.3,0,False,False,none,none,0,1,,,32612245,0xebb930f8,560,1368,1776029,48,0,0,0,7,48
2026-09-23 08:03:54,32623,,7,32644277,48,6526,3271,0,0,43,flash,249,12149,33,8,8597996,2977,43,26,0,657,12,3900.6,72.5,309.3,0,False,False,none,none,0,1,,,32642247,0xebb930f8,560,1368,1777574,48,0,0,0,7,48
2026-09-23 08:04:24,32653,,7,32674263,48,6532,3274,0,0,43,flash,253,12160,33,8,8605183,2979,43,26,0,657,12,3901.9,72.5,309.3,0,False,False,none,none,0,1,,,32672237,0xebb930f8,560,1368,1779239,48,0,0,0,7,48
2026-09-23 08:04:54,32683,,7,32704272,48,6538,3277,0,0,43,flash,301,12180,33,8,8612682,2981,43,26,0,657,12,3906.1,72.6,309.3,0,False,False,none,none,0,1,,,32702239,0xebb930f8,560,1368,1780836,48,0,0,0,7,48
2026-09-23 08:05:24,32713,,7,32734274,48,6544,3281,0,0,43,flash,227,12189,33,8,8620900,2983,43,26,0,657,12,3912.1,72.6,309.3,0,False,False,none,none,0,1,,,32732241,0xebb930f8,560,1368,1782414,48,0,0,0,7,48
2026-09-23 08:05:54,32743,,7,32764260,48,6550,3284,0,0,43,flash,262,12198,33,8,8628301,2985,43,26,0,657,12,3898.8,72.5,309.3,0,False,False,none,none,0,1,,,32762224,0xebb930f8,560,1368,1783962,48,0,0,0,7,48
2026-09-23 08:06:24,32773,,7,32794245,48,6556,3287,0,0,43,flash,291,12204,33,8,8636542,2987,43,26,0,657,12,3908.9,72.7,309.3,0,False,False,none,none,0,1,,,32792215,0xebb930f8,560,1368,1785716,48,0,0,0,7,48
2026-09-23 08:06:54,32803,,7,32824249,48,6562,3290,0,0,43,flash,227,12217,34,8,8644981,2989,43,26,0,657,12,3901.5,72.5,309.3,0,False,False,none,none,0,1,,,32822218,0xebb930f8,560,1368,1787288,48,0,0,0,7,48
2026-09-23 08:07:24,32833,,7,32854243,48,6568,3293,0,0,43,flash,235,12230,34,8,8652113,2991,43,26,0,657,12,3900.3,72.5,309.3,0,False,False,none,none,0,1,,,32852209,0xebb930f8,560,1368,1788936,48,0,0,0,7,48
2026-09-23 08:07:54,32863,,7,32884242,48,6574,3296,0,0,43,flash,310,12248,34,8,8659620,2993,43,26,0,657,12,3906.7,72.6,309.3,0,False,False,none,none,0,1,,,32882207,0xebb930f8,560,1368,1790475,48,0,0,0,7,48
2026-09-23 08:08:24,32893,,7,32914231,48,6580,3299,0,0,43,flash,231,12260,34,8,8667880,2995,43,26,0,657,12,3912.2,72.6,309.3,0,False,False,none,none,0,1,,,32912195,0xebb930f8,560,1368,1792127,48,0,0,0,7,48
2026-09-23 08:08:54,32923,,7,32944227,48,6586,3302,0,0,43,flash,258,12272,34,8,8675248,2997,43,26,0,657,12,3898.4,72.4,309.3,0,False,False,none,none,0,1,,,32942193,0xebb930f8,560,1368,1793763,48,0,0,0,7,48
2026-09-23 08:09:24,32953,,7,32974230,48,6592,3305,0,0,43,flash,283,12283,34,8,8683555,2999,43,26,0,657,12,3908.6,72.7,309.3,0,False,False,none,none,0,1,,,32972195,0xebb930f8,560,1368,1795445,48,0,0,0,7,48
2026-09-23 08:09:54,32983,,7,33004215,48,6598,3308,0,0,43,flash,241,12291,34,8,8691983,3001,43,26,0,657,12,3900.5,72.5,309.3,0,False,False,none,none,0,1,,,33002189,0xebb930f8,560,1368,1797045,48,0,0,0,7,48
2026-09-23 08:10:24,33013,,7,33034218,48,6604,3311,0,0,43,flash,233,12303,34,8,8699187,3003,43,26,0,657,12,3900.6,72.5,309.3,0,False,False,none,none,0,1,,,33032188,0xebb930f8,560,1368,1798668,48,0,0,0,7,48
2026-09-23 08:10:54,33043,,7,33064205,48,6610,3314,0,0,43,flash,312,12320,34,8,8706637,3005,43,26,0,657,12,3907.1,72.6,309.3,0,False,False,none,none,0,1,,,33062175,0xebb930f8,560,1368,1800270,48,0,0,0,7,48
2026-09-23 08:11:24,33074,,7,33094202,48,6616,3318,0,0,43,flash,236,12333,34,8,8714870,3007,43,26,0,657,12,3912.7,72.6,309.3,0,False,False,none,none,0,1,,,33092168,0xebb930f8,560,1368,1801814,48,0,0,0,7,48
2026-09-23 08:11:54,33104,,7,33124184,48,6622,3321,0,0,43,flash,259,12348,34,8,8722138,3009,43,26,0,657,12,3899.1,72.5,309.3,0,False,False,none,none,0,1,,,33122151,0xebb930f8,560,1368,1803480,48,0,0,0,7,48
2026-09-23 08:12:24,33134,,7,33154176,48,6628,3324,0,0,43,flash,287,12358,34,8,8730387,3011,43,26,0,657,12,3908.3,72.7,309.3,0,False,False,none,none,0,1,,,33152141,0xebb930f8,560,1368,1805247,48,0,0,0,7,48
2026-09-23 08:12:54,33164,,7,33184158,48,6634,3327,0,0,43,flash,240,12374,34,8,8738835,3013,43,26,0,657,12,3900.1,72.5,309.3,0,False,False,none,none,0,1,,,33182126,0xebb930f8,560,1368,1806858,48,0,0,0,7,48
2026-09-23 08:13:24,33194,,7,33214167,48,6640,3330,0,0,43,flash,233,12389,34,8,8745956,3015,43,26,0,657,12,3900.2,72.5,309.3,0,False,False,none,none,0,1,,,33212138,0xebb930f8,560,1368,1808609,48,0,0,0,7,48
2026-09-23 08:13:54,33224,,7,33244160,48,6646,3333,0,0,43,flash,310,12407,34,8,8753410,3017,43,26,0,657,12,3908.2,72.6,309.3,0,False,False,none,none,0,1,,,33242130,0xebb930f8,560,1368,1810141,48,0,0,0,7,48
2026-09-23 08:14:24,33254,,7,33274154,48,6652,3336,0,0,43,flash,233,12418,34,8,8761554,3019,43,26,0,657,12,3912.7,72.6,309.3,0,False,False,none,none,0,1,,,33272119,0xebb930f8,560,1368,1811748,48,0,0,0,7,48
2026-09-23 08:14:54,33284,,7,33304144,48,6658,3339,0,0,43,flash,261,12438,34,8,8768917,3021,43,26,0,657,12,3899.4,72.5,309.3,0,False,False,none,none,0,1,,,33302113,0xebb930f8,560,1368,1813237,48,0,0,0,7,48
2026-09-23 08:15:24,33314,,7,33334139,48,6664,3342,0,0,43,flash,290,12447,34,8,8777113,3023,43,26,0,657,12,3908.0,72.6,309.3,0,False,False,none,none,0,1,,,33332111,0xebb930f8,560,1368,1814917,48,0,0,0,7,48
2026-09-23 08:15:54,33344,,7,33364124,48,6670,3345,0,0,43,flash,239,12459,34,8,8785436,3025,43,26,0,657,12,3900.3,72.5,309.3,0,False,False,none,none,0,1,,,33362092,0xebb930f8,560,1368,1816589,48,0,0,0,7,48
2026-09-23 08:16:24,33374,,7,33394118,48,6676,3348,0,0,43,flash,237,12472,34,8,8792502,3027,43,26,0,657,12,3900.2,72.5,309.3,0,False,False,none,none,0,1,,,33392088,0xebb930f8,560,1368,1818232,48,0,0,0,7,48
2026-09-23 08:16:54,33404,,7,33424098,48,6682,3351,0,0,43,flash,302,12490,34,8,8800052,3029,43,26,0,657,12,3904.7,72.6,309.3,0,False,False,none,none,0,1,,,33422064,0xebb930f8,560,1368,1819913,48,0,0,0,7,48
2026-09-23 08:17:24,33434,,7,33454093,48,6688,3354,0,0,43,flash,235,12500,34,8,8808349,3031,43,26,0,657,12,3912.3,72.6,309.3,0,False,False,none,none,0,1,,,33452068,0xebb930f8,560,1368,1821611,48,0,0,0,7,48
2026-09-23 08:17:54,33464,,7,33484102,48,6694,3357,0,0,43,flash,253,12513,34,8,8815845,3033,43,26,0,657,12,3898.3,72.5,309.3,0,False,False,none,none,0,1,,,33482066,0xebb930f8,560,1368,1823036,48,0,0,0,7,48
2026-09-23 08:18:24,33494,,7,33514081,48,6700,3360,0,0,43,flash,283,12521,34,8,8824184,3035,43,26,0,657,12,3908.5,72.6,309.3,0,False,False,none,none,0,1,,,33512055,0xebb930f8,560,1368,1824701,48,0,0,0,7,48
2026-09-23 08:18:54,33524,,7,33544058,48,6706,3363,0,0,43,flash,239,12530,34,8,8832736,3037,43,26,0,657,12,3900.0,72.5,309.3,0,False,False,none,none,0,1,,,33542034,0xebb930f8,560,1368,1826251,48,0,0,0,7,48
2026-09-23 08:19:24,33554,,7,33574067,48,6712,3366,0,0,43,flash,232,12545,34,8,8839956,3039,43,26,0,657,12,3900.6,72.5,309.3,0,False,False,none,none,0,1,,,33572028,0xebb930f8,560,1368,1827892,48,0,0,0,7,48
2026-09-23 08:19:54,33584,,7,33604044,48,6718,3369,0,0,43,flash,304,12561,34,8,8847428,3041,43,26,0,657,12,3907.0,72.6,309.3,0,False,False,none,none,0,1,,,33602012,0xebb930f8,560,1368,1829540,48,0,0,0,7,48
2026-09-23 08:20:24,33614,,7,33634035,48,6724,3372,0,0,43,flash,222,12570,34,8,8855658,3043,43,26,0,657,12,3911.9,72.6,309.3,0,False,False,none,none,0,1,,,33632007,0xebb930f8,560,1368,1831152,48,0,0,0,7,48
2026-09-23 08:20:54,33644,,7,33664052,48,6730,3375,0,0,43,flash,270,12582,34,8,8863043,3045,43,26,0,657,12,3898.7,72.5,309.3,0,False,False,none,none,0,1,,,33662012,0xebb930f8,560,1368,1832693,48,0,0,0,7,48
2026-09-23 08:21:24,33674,,7,33694062,49,6736,3378,0,0,43,flash,287,12591,34,8,8871412,3047,43,26,0,657,12,3907.3,72.6,309.3,0,False,False,none,none,0,1,,,33692020,0xebb930f8,560,1368,1834353,49,0,0,0,7,49
2026-09-23 08:21:54,33704,,7,33724039,50,6742,3381,0,0,43,flash,245,12603,34,8,8879850,3049,43,26,0,657,12,3901.3,72.5,309.3,0,False,False,none,none,0,1,,,33722004,0xebb930f8,560,1368,1836047,50,0,0,0,7,50
2026-09-23 08:22:24,33734,,7,33754034,50,6748,3384,0,0,43,flash,239,12612,34,8,8887051,3051,43,26,0,657,12,3902.7,72.6,309.3,0,False,False,none,none,0,1,,,33751998,0xebb930f8,560,1368,1837666,50,0,0,0,7,50
2026-09-23 08:22:54,33764,,7,33784022,50,6754,3387,0,0,43,flash,309,12620,34,8,8894514,3053,43,26,0,657,12,3906.7,72.6,309.3,0,False,False,none,none,0,1,,,33781986,0xebb930f8,560,1368,1839247,50,0,0,0,7,50
2026-09-23 08:23:24,33794,,7,33814007,50,6760,3390,0,0,43,flash,230,12629,34,8,8902750,3055,43,26,0,657,12,3912.4,72.6,309.3,0,False,False,none,none,0,1,,,33811978,0xebb930f8,560,1368,1840895,50,0,0,0,7,50
2026-09-23 08:23:54,33824,,7,33843996,50,6766,3394,0,0,43,flash,264,12644,34,8,8910067,3057,43,26,0,657,12,3899.8,72.5,309.3,0,False,False,none,none,0,1,,,33841962,0xebb930f8,560,1368,1842551,50,0,0,0,7,50
2026-09-23 08:24:24,33854,,7,33873975,50,6772,3397,0,0,43,flash,286,12650,34,8,8918292,3059,43,26,0,657,12,3909.6,72.7,309.3,0,False,False,none,none,0,1,,,33871945,0xebb930f8,560,1368,1844298,50,0,0,0,7,50
2026-09-23 08:24:54,33884,,7,33903966,50,6778,3400,0,0,43,flash,238,12664,34,8,8926676,3061,43,26,0,657,12,3901.3,72.5,309.3,0,False,False,none,none,0,1,,,33901933,0xebb930f8,560,1368,1845924,50,0,0,0,7,50
2026-09-23 08:25:24,33914,,7,33933945,50,6784,3403,0,0,43,flash,231,12677,34,8,8933858,3063,43,26,0,657,12,3902.5,72.5,309.3,0,False,False,none,none,0,1,,,33931915,0xebb930f8,560,1368,1847560,50,0,0,0,7,50
2026-09-23 08:25:54,33944,,7,33963941,50,6790,3406,0,0,43,flash,297,12693,34,8,8941345,3065,43,26,0,657,12,3906.6,72.6,309.3,0,False,False,none,none,0,1,,,33961907,0xebb930f8,560,1368,1849232,50,0,0,0,7,50
2026-09-23 08:26:24,33974,,7,33993933,50,6796,3409,0,0,43,flash,231,12701,34,8,8949549,3067,43,26,0,657,12,3911.1,72.6,309.3,0,False,False,none,none,0,1,,,33991895,0xebb930f8,560,1368,1850945,50,0,0,0,7,50
2026-09-23 08:26:54,34004,,7,34023919,50,6802,3412,0,0,43,flash,259,12717,34,8,8956949,3069,43,26,0,657,12,3898.3,72.5,309.3,0,False,False,none,none,0,1,,,34021885,0xebb930f8,560,1368,1852460,50,0,0,0,7,50
2026-09-23 08:27:24,34034,,7,34053910,50,6808,3415,0,0,43,flash,280,12722,34,8,8965242,3071,43,26,0,657,12,3907.6,72.7,309.3,0,False,False,none,none,0,1,,,34051877,0xebb930f8,560,1368,1854061,50,0,0,0,7,50
2026-09-23 08:27:54,34064,,7,34083891,50,6814,3418,0,0,43,flash,233,12732,34,8,8973732,3073,43,26,0,657,12,3900.6,72.5,309.3,0,False,False,none,none,0,1,,,34081863,0xebb930f8,560,1368,1855662,50,0,0,0,7,50
2026-09-23 08:28:24,34094,,7,34113899,50,6820,3421,0,0,43,flash,227,12747,35,8,8980887,3075,43,26,0,657,12,3900.5,72.5,309.3,0,False,False,none,none,0,1,,,34111866,0xebb930f8,560,1368,1857292,50,0,0,0,7,50
2026-09-23 08:28:54,34124,,7,34143884,50,6826,3424,0,0,43,flash,299,12762,35,8,8988311,3077,43,26,0,657,12,3905.8,72.6,309.3,0,False,False,none,none,0,1,,,34141851,0xebb930f8,560,1368,1858934,50,0,0,0,7,50
2026-09-23 08:29:24,34154,,7,34173901,50,6832,3427,0,0,43,flash,227,12769,35,8,8996470,3079,43,26,0,657,12,3911.8,72.6,309.3,0,False,False,none,none,0,1,,,34171856,0xebb930f8,560,1368,1860551,50,0,0,0,7,50
2026-09-23 08:29:54,34184,,7,34203869,50,6838,3430,0,0,43,flash,264,12786,35,8,9003832,3081,43,26,0,657,12,3897.1,72.4,309.3,0,False,False,none,none,0,1,,,34201839,0xebb930f8,560,1368,1862155,50,0,0,0,7,50
2026-09-23 08:30:24,34214,,7,34233859,50,6844,3433,0,0,43,flash,288,12794,35,8,9012088,3083,43,26,0,657,12,3909.8,72.7,309.3,0,False,False,none,none,0,1,,,34231832,0xebb930f8,560,1368,1863867,50,0,0,0,7,50
2026-09-23 08:30:54,34244,,7,34263856,50,6850,3436,0,0,43,flash,242,12804,35,8,9020521,3085,43,26,0,657,12,3901.2,72.6,309.3,0,False,False,none,none,0,1,,,34261822,0xebb930f8,560,1368,1865483,50,0,0,0,7,50
2026-09-23 08:31:24,34274,,7,34293830,50,6856,3439,0,0,43,flash,234,12814,35,8,9027598,3087,43,26,0,657,12,3902.0,72.5,309.3,0,False,False,none,none,0,1,,,34291802,0xebb930f8,560,1368,1867271,50,0,0,0,7,50
2026-09-23 08:31:54,34304,,7,34323840,50,6862,3442,0,0,43,flash,306,12828,35,8,9035038,3089,43,26,0,657,12,3905.5,72.6,309.3,0,False,False,none,none,0,1,,,34321813,0xebb930f8,560,1368,1868834,50,0,0,0,7,50
2026-09-23 08:32:24,34334,,7,34353846,50,6867,3445,0,0,43,flash,230,12839,35,8,9043182,3091,43,26,0,657,12,3911.6,72.6,309.3,0,False,False,none,none,0,1,,,34351812,0xebb930f8,560,1368,1870540,50,0,0,0,7,50
2026-09-23 08:32:54,34364,,7,34383831,50,6873,3448,0,0,43,flash,261,12854,35,8,9050445,3093,43,26,0,657,12,3898.7,72.5,309.3,0,False,False,none,none,0,1,,,34381798,0xebb930f8,560,1368,1872180,50,0,0,0,7,50
2026-09-23 08:33:24,34394,,7,34413819,50,6879,3451,0,0,43,flash,288,12863,35,8,9058635,3095,43,26,0,657,12,3909.7,72.7,309.3,0,False,False,none,none,0,1,,,34411785,0xebb930f8,560,1368,1873834,50,0,0,0,7,50
2026-09-23 08:33:54,34424,,7,34443813,50,6885,3454,0,0,43,flash,241,12875,35,8,9066975,3097,43,26,0,657,12,3900.7,72.5,309.3,0,False,False,none,none,0,1,,,34441778,0xebb930f8,560,1368,1875404,50,0,0,0,7,50
2026-09-23 08:34:24,34454,,7,34473809,50,6891,3457,0,0,43,flash,236,12888,35,8,9074208,3099,43,26,0,657,12,3901.0,72.5,309.3,0,False,False,none,none,0,1,,,34471781,0xebb930f8,560,1368,1877081,50,0,0,0,7,50
2026-09-23 08:34:54,34484,,7,34503797,50,6897,3460,0,0,43,flash,306,12904,35,8,9081715,3101,43,26,0,657,12,3904.3,72.6,309.3,0,False,False,none,none,0,1,,,34501761,0xebb930f8,560,1368,1878630,50,0,0,0,7,50
2026-09-23 08:35:24,34514,,7,34533796,50,6903,3463,0,0,43,flash,232,12912,35,8,9089969,3103,43,26,0,657,12,3913.5,72.6,309.3,0,False,False,none,none,0,1,,,34531765,0xebb930f8,560,1368,1880286,50,0,0,0,7,50
2026-09-23 08:35:54,34544,,7,34563781,50,6909,3466,0,0,43,flash,262,12925,35,8,9097289,3105,43,26,0,657,12,3900.0,72.5,309.3,0,False,False,none,none,0,1,,,34561747,0xebb930f8,560,1368,1881929,50,0,0,0,7,50
2026-09-23 08:36:24,34574,,7,34593780,50,6915,3469,0,0,43,flash,291,12931,35,8,9105606,3107,43,26,0,657,12,3908.7,72.7,309.3,0,False,False,none,none,0,1,,,34591745,0xebb930f8,560,1368,1883548,50,0,0,0,7,50
2026-09-23 08:36:54,34604,,7,34623766,50,6921,3472,0,0,43,flash,227,12937,35,8,9114093,3109,43,26,0,657,12,3898.7,72.5,309.3,0,False,False,none,none,0,1,,,34621735,0xebb930f8,560,1368,1885101,50,0,0,0,7,50
2026-09-23 08:37:24,34634,,7,34653754,50,6927,3475,0,0,43,flash,236,12947,35,8,9121333,3111,43,26,0,657,12,3899.6,72.5,309.3,0,False,False,none,none,0,1,,,34651727,0xebb930f8,560,1368,1886645,50,0,0,0,7,50
2026-09-23 08:37:54,34664,,7,34683752,51,6933,3479,0,0,43,flash,310,12963,35,8,9128863,3113,43,26,0,657,12,3907.6,72.7,309.3,0,False,False,none,none,0,1,,,34681717,0xebb930f8,560,1368,1888159,51,0,0,0,7,51
2026-09-23 08:38:24,34694,,7,34713748,51,6939,3482,0,0,43,flash,224,12973,35,8,9137109,3115,43,26,0,657,12,3913.0,72.6,309.3,0,False,False,none,none,0,1,,,34711720,0xebb930f8,560,1368,1889826,51,0,0,0,7,51
2026-09-23 08:38:54,34724,,7,34743738,51,6945,3485,0,0,43,flash,265,12988,35,8,9144522,3117,43,26,0,657,12,3898.3,72.5,309.3,0,False,False,none,none,0,1,,,34741709,0xebb930f8,560,1368,1891507,51,0,0,0,7,51
2026-09-23 08:39:24,34754,,7,34773732,51,6951,3488,0,0,43,flash,293,12994,35,8,9152890,3119,43,26,0,657,12,3908.5,72.7,309.3,0,False,False,none,none,0,1,,,34771699,0xebb930f8,560,1368,1893150,51,0,0,0,7,51
2026-09-23 08:39:54,34784,,7,34803723,51,6957,3491,0,0,43,flash,243,13007,35,8,9161401,3121,43,26,0,657,12,3900.9,72.5,309.3,0,False,False,none,none,0,1,,,34801695,0xebb930f8,560,1368,1894813,51,0,0,0,7,51
2026-09-23 08:40:24,34814,,7,34833718,51,6963,3494,0,0,43,flash,233,13019,35,8,9168598,3123,43,26,0,657,12,3900.3,72.5,309.3,0,False,False,none,none,0,1,,,34831681,0xebb930f8,560,1368,1896437,51,0,0,0,7,51
2026-09-23 08:40:54,34844,,7,34863707,51,6969,3497,0,0,43,flash,309,13035,35,8,9176149,3125,43,26,0,657,12,3906.6,72.6,309.3,0,False,False,none,none,0,1,,,34861679,0xebb930f8,560,1368,1897960,51,0,0,0,7,51
2026-09-23 08:41:24,34874,,7,34893704,51,6975,3500,0,0,43,flash,228,13045,35,8,9184415,3127,43,26,0,657,12,3911.5,72.6,309.3,0,False,False,none,none,0,1,,,34891672,0xebb930f8,560,1368,1899582,51,0,0,0,7,51
2026-09-23 08:41:55,34904,,7,34923710,51,6981,3503,0,0,43,flash,254,13062,35,8,9191809,3129,43,26,0,657,12,3898.1,72.5,309.3,0,False,False,none,none,0,1,,,34921668,0xebb930f8,560,1368,1901132,51,0,0,0,7,51
2026-09-23 08:42:24,34934,,7,34953684,51,6987,3506,0,0,43,flash,293,13071,35,8,9200127,3131,43,26,0,657,12,3908.5,72.7,309.3,0,False,False,none,none,0,1,,,34951657,0xebb930f8,560,1368,1902676,51,0,0,0,7,51
2026-09-23 08:42:55,34964,,7,34983676,52,6993,3509,0,0,43,flash,239,13081,35,8,9208636,3133,43,26,0,657,12,3901.0,72.5,309.3,0,False,False,none,none,0,1,,,34981647,0xebb930f8,560,1368,1904309,52,0,0,0,7,52
2026-09-23 08:43:25,34994,,7,35013670,52,6999,3512,0,0,43,flash,239,13095,35,8,9215877,3135,43,26,0,657,12,3900.0,72.5,309.3,0,False,False,none,none,0,1,,,35011633,0xebb930f8,560,1368,1905984,52,0,0,0,7,52
2026-09-23 08:43:55,35024,,7,35043663,52,7005,3515,0,0,43,flash,309,13109,35,8,9223419,3137,43,26,0,657,12,3905.6,72.6,309.3,0,False,False,none,none,0,1,,,35041635,0xebb930f8,560,1368,1907539,52,0,0,0,7,52
2026-09-23 08:44:25,35054,,7,35073669,52,7011,3518,0,0,43,flash,234,13114,35,8,9231684,3139,43,26,0,657,12,3911.9,72.6,309.3,0,False,False,none,none,0,1,,,35071641,0xebb930f8,560,1368,1909208,52,0,0,0,7,52
2026-09-23 08:44:55,35084,,7,35103667,52,7017,3522,0,0,43,flash,250,13127,35,8,9239023,3141,43,26,0,657,12,3898.3,72.5,309.3,0,False,False,none,none,0,1,,,35101633,0xebb930f8,560,1368,1910895,52,0,0,0,7,52
2026-09-23 08:45:25,35114,,7,35133651,52,7023,3525,0,0,43,flash,291,13136,35,8,9247388,3143,43,26,0,657,12,3909.0,72.6,309.3,0,False,False,none,none,0,1,,,35131622,0xebb930f8,560,1368,1912529,52,0,0,0,7,52
2026-09-23 08:45:55,35144,,7,35163637,52,7029,3528,0,0,43,flash,234,13149,35,8,9255862,3145,43,26,0,657,12,3899.8,72.5,309.3,0,False,False,none,none,0,1,,,35161604,0xebb930f8,560,1368,1914143,52,0,0,0,7,52
2026-09-23 08:46:25,35174,,7,35193627,52,7035,3531,0,0,43,flash,237,13163,35,8,9263055,3147,43,26,0,657,12,3901.5,72.5,309.3,0,False,False,none,none,0,1,,,35191596,0xebb930f8,560,1368,1915797,52,0,0,0,7,52
2026-09-23 08:46:55,35204,,7,35223618,52,7041,3534,0,0,43,flash,302,13180,35,8,9270494,3149,43,26,0,657,12,3905.6,72.6,309.3,0,False,False,none,none,0,1,,,35221589,0xebb930f8,560,1368,1917366,52,0,0,0,7,52
2026-09-23 08:47:25,35234,,7,35253615,52,7047,3539,0,0,43,flash,229,13188,35,8,9278782,3151,43,26,0,657,12,3910.9,72.6,309.3,0,False,False,none,none,0,1,,,35251589,0xebb930f8,560,1368,1918995,52,0,0,0,7,52
2026-09-23 08:47:55,35264,,7,35283615,52,7053,3542,0,0,43,flash,258,13202,35,8,9286150,3153,43,26,0,657,12,3897.6,72.5,309.3,0,False,False,none,none,0,1,,,35281588,0xebb930f8,560,1368,1920629,52,0,0,0,7,52
2026-09-23 08:48:25,35294,,7,35313608,52,7059,3545,0,0,43,flash,288,13207,35,8,9294455,3155,43,26,0,657,12,3908.5,72.7,309.3,0,False,False,none,none,0,1,,,35311581,0xebb930f8,560,1368,1922287,52,0,0,0,7,52
2026-09-23 08:48:55,35324,,7,35343597,52,7065,3548,0,0,43,flash,234,13221,35,8,9302892,3157,43,26,0,657,12,3901.8,72.5,309.3,0,False,False,none,none,0,1,,,35341569,0xebb930f8,560,1368,1923926,52,0,0,0,7,52
2026-09-23 08:49:25,35354,,7,35373598,52,7071,3551,0,0,43,flash,231,13232,36,8,9310055,3159,43,26,0,657,12,3901.1,72.5,309.3,0,False,False,none,none,0,1,,,35371570,0xebb930f8,560,1368,1925576,52,0,0,0,7,52
2026-09-23 08:49:55,35384,,7,35403587,52,7077,3554,0,0,43,flash,303,13246,36,8,9317492,3161,43,26,0,657,12,3906.2,72.6,309.3,0,False,False,none,none,0,1,,,35401553,0xebb930f8,560,1368,1927205,52,0,0,0,7,52
2026-09-23 08:50:25,35414,,7,35433571,52,7083,3557,0,0,43,flash,231,13252,36,8,9325638,3163,43,26,0,657,12,3911.9,72.7,309.3,0,False,False,none,none,0,1,,,35431545,0xebb930f8,560,1368,1928906,52,0,0,0,7,52
2026-09-23 08:50:55,35444,,7,35463563,52,7089,3560,0,0,43,flash,262,13265,36,8,9332956,3165,43,26,0,657,12,3899.3,72.5,309.3,0,False,False,none,none,0,1,,,35461530,0xebb930f8,560,1368,1930475,52,0,0,0,7,52
2026-09-23 08:51:25,35474,,7,35493545,52,7095,3563,0,0,43,flash,303,13271,36,8,9341215,3167,43,26,0,657,12,3905.9,72.6,309.3,0,False,False,none,none,0,1,,,35491516,0xebb930f8,560,1368,1932026,52,0,0,0,7,52
2026-09-23 08:51:55,35504,,7,35523544,52,7101,3567,0,0,43,flash,240,13284,36,8,9349920,3169,43,26,0,657,12,3900.7,72.5,309.3,0,False,False,none,none,0,1,,,35521514,0xebb930f8,560,1368,1933693,52,0,0,0,7,52
2026-09-23 08:52:25,35534,,7,35553524,52,7107,3570,0,0,43,flash,236,13294,36,8,9357289,3171,43,26,0,657,12,3901.0,72.5,309.3,0,False,False,none,none,0,1,,,35551494,0xebb930f8,560,1368,1935231,52,0,0,0,7,52
2026-09-23 08:52:55,35564,,7,35583518,52,7113,3573,0,0,43,flash,318,13310,36,8,9364923,3173,43,26,0,657,12,3905.7,72.6,309.3,0,False,False,none,none,0,1,,,35581485,0xebb930f8,560,1368,1936788,52,0,0,0,7,52
2026-09-23 08:53:25,35594,,7,35613503,52,7119,3576,0,0,43,flash,228,13317,36,8,9373303,3175,43,26,0,657,12,3914.0,72.7,309.3,0,False,False,none,none,0,1,,,35611462,0xebb930f8,560,1368,1938424,52,0,0,0,7,52
2026-09-23 08:53:55,35624,,7,35643510,52,7125,3580,0,0,43,flash,256,13331,36,8,9380829,3177,43,26,0,657,12,3899.3,72.5,309.3,0,False,False,none,none,0,1,,,35641471,0xebb930f8,560,1368,1939963,52,0,0,0,7,52
2026-09-23 08:54:25,35654,,7,35673489,52,7131,3583,0,0,43,flash,290,13340,36,8,9389298,3179,43,26,0,657,12,3909.2,72.7,309.3,0,False,False,none,none,0,1,,,35671455,0xebb930f8,560,1368,1941554,52,0,0,0,7,52
2026-09-23 08:54:55,35684,,7,35703495,52,7137,3586,0,0,43,flash,230,13351,36,8,9397938,3181,43,26,0,657,12,3902.8,72.5,309.3,0,False,False,none,none,0,1,,,35701461,0xebb930f8,560,1368,1943114,52,0,0,0,7,52
2026-09-23 08:55:25,35714,,7,35733483,52,7143,3590,0,0,43,flash,239,13363,36,8,9405212,3183,43,26,0,657,12,3901.3,72.5,309.3,0,False,False,none,none,0,1,,,35731449,0xebb930f8,560,1368,1944726,52,0,0,0,7,52
2026-09-23 08:55:55,35744,,7,35763477,53,7149,3593,0,0,43,flash,337,13380,36,8,9412782,3185,43,26,0,657,12,3905.9,72.6,309.3,0,False,False,none,none,0,1,,,35761449,0xebb930f8,560,1368,1946286,53,0,0,0,7,53
2026-09-23 08:56:25,35774,,7,35793465,53,7155,3596,0,0,43,flash,235,13390,36,8,9421195,3187,43,26,0,657,12,3913.5,72.6,309.3,0,False,False,none,none,0,1,,,35791437,0xebb930f8,560,1368,1947921,53,0,0,0,7,53
2026-09-23 08:56:55,35804,,7,35823441,53,7161,3599,0,0,43,flash,267,13402,36,8,9428654,3189,43,26,0,657,12,3900.7,72.5,309.3,0,False,False,none,none,0,1,,,35821413,0xebb930f8,560,1368,1949498,53,0,0,0,7,53
2026-09-23 08:57:25,35834,,7,35853447,53,7167,3602,0,0,43,flash,297,13412,36,8,9437120,3191,43,26,0,657,12,3909.0,72.7,309.3,0,False,False,none,none,0,1,,,35851415,0xebb930f8,560,1368,1951032,53,0,0,0,7,53
2026-09-23 08:57:55,35864,,7,35883428,53,7173,3605,0,0,43,flash,237,13419,36,8,9445673,3193,43,26,0,657,12,3901.0,72.5,309.3,0,False,False,none,none,0,1,,,35881398,0xebb930f8,560,1368,1952640,53,0,0,0,7,53
2026-09-23 08:58:25,35894,,7,35913412,53,7179,3608,0,0,43,flash,242,13435,36,8,9452944,3195,43,26,0,657,12,3900.8,72.5,309.3,0,False,False,none,none,0,1,,,35911378,0xebb930f8,560,1368,1954298,53,0,0,0,7,53
2026-09-23 08:58:55,35924,,7,35943403,53,7185,3611,0,0,43,flash,317,13448,36,8,9460480,3197,43,26,0,657,12,3905.0,72.6,309.3,0,False,False,none,none,0,1,,,35941377,0xebb930f8,560,1368,1955843,53,0,0,0,7,53
2026-09-23 08:59:25,35954,,7,35973398,53,7191,3614,0,0,43,flash,230,13457,36,8,9468756,3199,43,26,0,657,12,3912.5,72.6,309.3,0,False,False,none,none,0,1,,,35971367,0xebb930f8,560,1368,1957559,53,0,0,0,7,53
2026-09-23 08:59:55,35984,,7,36003385,53,7197,3617,0,0,43,flash,266,13470,36,8,9476148,3201,43,26,0,657,12,3900.6,72.5,309.3,0,False,False,none,none,0,1,,,36001356,0xebb930f8,560,1368,1959110,53,0,0,0,7,53
2026-09-23 09:00:15,36005,end,7,36023880,53,7201,3619,0,0,43,flash,303,13480,36,8,9481766,3203,43,26,0,657,12,3904.2,72.6,309.3,0,False,False,none,none,0,1,,,36021849,0xebb930f8,560,1368,1960093,53,0,0,0,7,53
