at,elapsed_s,event,version,uptime_ms,blit_timeouts,tx_sent,tx_timeouts,tx_drops,rx_malformed,loop_gap_max_ms,loop_gap_max_mark,scan_rate,count_ge_10ms,count_ge_25ms,count_ge_25ms_nonflash,passes,flash_writes,flash_gap_max_ms,blit_gap_max_ms,i2c_gap_max_ms,key_presses,row_gap_max_ms,isr_per_s,isr_cpu_pct,isr_max_us,wdt_consecutive_resets,wdt_fired_last_boot,wr_valid,wr_site,wr_parent,wr_last_pass_uptime_ms,wr_boot_rstst,wr_pc,wr_context,v_uptime_ms,v_build_token,v_msp_free,v_psp_free,v_blits_issued,v_blit_never_started,v_blit_stalled,v_blit_irq_lost,v_blit_unknown,v_blit_busy_waits,v_blit_retry_successes
2026-09-23 18:56:49,2,start,7,15107,0,2,0,0,0,6,none,330,0,0,0,1008,797,0,0,0,0,9,3895.9,72.7,336.0,0,False,False,none,none,0,1,,,13069,0xa887132e,696,1328,52,0,0,0,0,0,0
2026-09-23 18:57:22,34,,7,47971,0,9,3,0,0,11,blit,239,10,0,0,10180,800,7,11,0,0,9,3889.2,72.5,336.0,0,False,False,none,none,0,1,,,45939,0xa887132e,672,1328,1739,0,0,0,0,0,0
2026-09-23 18:57:52,64,,7,78003,0,15,5,0,0,13,blit,236,24,0,0,17585,802,7,13,0,0,9,3887.2,72.5,336.0,0,False,False,none,none,0,1,,,75966,0xa887132e,672,1328,3374,0,0,0,0,0,0
2026-09-23 18:58:22,94,,7,108020,0,21,9,0,0,14,blit,315,39,0,0,25692,804,7,14,0,0,9,3892.0,72.6,336.0,0,False,False,none,none,0,1,,,105983,0xa887132e,672,1328,5112,0,0,0,0,0,0
2026-09-23 18:58:52,124,,7,138033,0,27,13,0,0,14,blit,238,49,0,0,33629,806,7,14,0,0,9,3886.0,72.5,336.0,0,False,False,none,none,0,1,,,136006,0xa887132e,664,1328,6819,0,0,0,0,0,0
2026-09-23 18:59:22,154,,7,168006,0,33,16,0,0,14,blit,266,62,0,0,41306,808,7,14,0,0,9,3887.8,72.5,336.0,0,False,False,none,none,0,1,,,165987,0xa887132e,664,1328,8439,0,0,0,0,0,0
2026-09-23 18:59:52,184,,7,198024,0,39,19,0,0,14,blit,301,72,0,0,49896,810,7,14,0,0,9,3894.9,72.7,336.0,0,False,False,none,none,0,1,,,195988,0xa887132e,664,1328,10219,0,0,0,0,0,0
2026-09-23 19:00:22,215,,7,228020,0,45,22,0,0,14,blit,253,82,0,0,58312,812,7,14,0,0,9,3887.6,72.5,336.0,0,False,False,none,none,0,1,,,225984,0xa887132e,664,1328,11881,0,0,0,0,0,0
2026-09-23 19:00:52,245,,7,258008,0,51,25,0,0,16,blit,236,93,0,0,65631,814,8,16,0,0,9,3889.7,72.5,336.0,0,False,False,none,none,0,1,,,255975,0xa887132e,664,1328,13542,0,0,0,0,0,0
2026-09-23 19:01:22,275,,7,287985,0,57,28,0,0,16,blit,320,107,0,0,73559,816,8,16,0,0,9,3894.3,72.6,336.0,0,False,False,none,none,0,1,,,285963,0xa887132e,664,1328,15081,0,0,0,0,0,0
2026-09-23 19:01:52,305,,7,317993,0,63,31,0,0,16,blit,234,116,0,0,81643,818,8,16,0,0,9,3899.5,72.7,336.0,0,False,False,none,none,0,1,,,315954,0xa887132e,664,1328,16689,0,0,0,0,0,0
2026-09-23 19:02:22,335,,7,347966,0,69,34,0,0,16,blit,268,129,0,0,89188,820,8,16,0,0,9,3887.0,72.5,336.0,0,False,False,none,none,0,1,,,345938,0xa887132e,664,1328,18330,0,0,0,0,0,0
2026-09-23 19:02:52,365,,7,377948,0,75,37,0,0,16,blit,300,134,0,0,97744,822,8,16,0,0,9,3895.0,72.6,336.0,0,False,False,none,none,0,1,,,375920,0xa887132e,664,1328,19962,0,0,0,0,0,0
2026-09-23 19:03:22,395,,7,407943,0,81,40,0,0,16,blit,255,146,0,0,106242,824,8,16,0,0,9,3888.0,72.5,336.0,0,False,False,none,none,0,1,,,405921,0xa887132e,664,1328,21566,0,0,0,0,0,0
2026-09-23 19:03:52,425,,7,437942,0,87,43,0,0,16,blit,239,161,0,0,113584,826,8,16,0,0,9,3889.1,72.5,336.0,0,False,False,none,none,0,1,,,435905,0xa887132e,664,1328,23226,0,0,0,0,0,0
2026-09-23 19:04:22,455,,7,467933,0,93,46,0,0,16,blit,320,176,0,0,121509,828,8,16,0,0,9,3892.4,72.6,336.0,0,False,False,none,none,0,1,,,465900,0xa887132e,664,1328,24847,0,0,0,0,0,0
2026-09-23 19:04:52,485,,7,497927,0,99,49,0,0,16,blit,232,186,0,0,129588,830,8,16,0,0,9,3900.3,72.7,336.0,0,False,False,none,none,0,1,,,495892,0xa887132e,664,1328,26560,0,0,0,0,0,0
2026-09-23 19:05:22,515,,7,527907,0,105,52,0,0,16,blit,258,204,0,0,137100,832,8,16,0,0,9,3886.6,72.5,336.0,0,False,False,none,none,0,1,,,525881,0xa887132e,664,1328,28173,0,0,0,0,0,0
2026-09-23 19:05:52,545,,7,557897,0,111,55,0,0,16,blit,293,210,0,0,145686,834,8,16,0,0,9,3894.6,72.6,336.0,0,False,False,none,none,0,1,,,555864,0xa887132e,664,1328,29837,0,0,0,0,0,0
2026-09-23 19:06:22,575,,7,587893,0,117,58,0,0,16,blit,241,221,0,0,154134,836,8,16,0,0,9,3888.0,72.5,336.0,0,False,False,none,none,0,1,,,585857,0xa887132e,664,1328,31400,0,0,0,0,0,0
2026-09-23 19:06:52,605,,7,617877,0,123,61,0,0,16,blit,233,234,0,0,161435,838,10,16,0,0,9,3889.2,72.5,336.0,0,False,False,none,none,0,1,,,615846,0xa887132e,632,1328,32977,0,0,0,0,0,0
2026-09-23 19:07:22,635,,7,647862,0,129,64,0,0,16,blit,313,247,0,0,169238,841,10,16,0,0,9,3894.0,72.6,336.0,0,False,False,none,none,0,1,,,645827,0xa887132e,632,1328,34591,0,0,0,0,0,0
2026-09-23 19:07:52,665,,7,677845,0,135,67,0,0,16,blit,232,255,0,0,177239,843,10,16,0,0,9,3900.8,72.7,336.0,0,False,False,none,none,0,1,,,675821,0xa887132e,632,1328,36252,0,0,0,0,0,0
2026-09-23 19:08:22,695,,7,707847,0,141,70,0,0,16,blit,256,269,0,0,184786,845,10,16,0,0,9,3887.7,72.5,336.0,0,False,False,none,none,0,1,,,705821,0xa887132e,632,1328,37816,0,0,0,0,0,0
2026-09-23 19:08:52,725,,7,737841,0,147,73,0,0,16,blit,297,276,0,0,193223,847,10,16,0,0,9,3896.7,72.7,336.0,0,False,False,none,none,0,1,,,735806,0xa887132e,632,1328,39555,0,0,0,0,0,0
2026-09-23 19:09:22,755,,7,767832,0,153,76,0,0,16,blit,248,286,0,0,201633,849,10,16,0,0,9,3888.4,72.5,336.0,0,False,False,none,none,0,1,,,765797,0xa887132e,632,1328,41154,0,0,0,0,0,0
2026-09-23 19:09:52,785,,7,797816,0,159,79,0,0,16,blit,250,303,0,0,208938,851,10,16,0,0,9,3887.7,72.5,336.0,0,False,False,none,none,0,1,,,795785,0xa887132e,632,1328,42680,0,0,0,0,0,0
2026-09-23 19:10:22,815,,7,827809,0,165,82,0,0,16,blit,321,313,0,0,216867,853,10,16,0,0,9,3894.1,72.6,336.0,0,False,False,none,none,0,1,,,825777,0xa887132e,632,1328,44242,0,0,0,0,0,0
2026-09-23 19:10:52,845,,7,857810,0,171,85,0,0,16,blit,236,323,0,0,224938,855,10,16,0,0,9,3899.6,72.7,336.0,0,False,False,none,none,0,1,,,855782,0xa887132e,632,1328,45875,0,0,0,0,0,0
2026-09-23 19:11:22,875,,7,887796,0,177,88,0,0,16,blit,252,337,0,0,232513,857,10,16,0,0,9,3886.6,72.5,336.0,0,False,False,none,none,0,1,,,885769,0xa887132e,632,1328,47448,0,0,0,0,0,0
2026-09-23 19:11:52,905,,7,917781,0,183,91,0,0,16,blit,280,346,0,0,240993,859,10,16,0,0,9,3896.3,72.7,336.0,0,False,False,none,none,0,1,,,915747,0xa887132e,632,1328,49097,0,0,0,0,0,0
2026-09-23 19:12:22,935,,7,947753,0,189,94,0,0,16,blit,250,355,0,0,249482,861,10,16,0,0,9,3890.0,72.6,336.0,0,False,False,none,none,0,1,,,945727,0xa887132e,632,1328,50574,0,0,0,0,0,0
2026-09-23 19:12:52,965,,7,977755,0,195,97,0,0,16,blit,238,370,0,0,256739,863,10,16,0,0,9,3887.5,72.5,336.0,0,False,False,none,none,0,1,,,975717,0xa887132e,632,1328,52196,0,0,0,0,0,0
2026-09-23 19:13:22,995,,7,1007743,0,201,100,0,0,40,flash,307,388,1,0,264567,865,40,16,0,0,11,3893.9,72.6,336.0,0,False,False,none,none,0,1,,,1005706,0xa887132e,632,1328,53745,0,0,0,0,0,0
2026-09-23 19:13:52,1025,,7,1037731,0,207,103,0,0,40,flash,225,401,1,0,272551,867,40,16,0,0,11,3900.8,72.7,336.0,0,False,False,none,none,0,1,,,1035696,0xa887132e,632,1328,55341,0,0,0,0,0,0
2026-09-23 19:14:22,1055,,7,1067705,0,213,106,0,0,40,flash,256,416,1,0,280045,869,40,16,0,0,11,3887.0,72.5,336.0,0,False,False,none,none,0,1,,,1065683,0xa887132e,632,1328,56937,0,0,0,0,0,0
2026-09-23 19:14:52,1085,,7,1097700,0,219,109,0,0,40,flash,293,423,1,0,288537,871,40,16,0,0,11,3897.6,72.7,336.0,0,False,False,none,none,0,1,,,1095676,0xa887132e,632,1328,58639,0,0,0,0,0,0
2026-09-23 19:15:22,1115,,7,1127702,0,225,112,0,0,40,flash,241,433,1,0,296926,873,40,16,0,0,11,3886.5,72.5,336.0,0,False,False,none,none,0,1,,,1125668,0xa887132e,632,1328,60189,0,0,0,0,0,0
2026-09-23 19:15:52,1145,,7,1157676,0,231,115,0,0,40,flash,228,445,1,0,304122,875,40,16,0,0,11,3888.6,72.6,336.0,0,False,False,none,none,0,1,,,1155645,0xa887132e,632,1328,61881,0,0,0,0,0,0
2026-09-23 19:16:22,1175,,7,1187672,0,237,118,0,0,40,flash,323,460,1,0,311951,877,40,16,0,0,11,3893.4,72.6,336.0,0,False,False,none,none,0,1,,,1185635,0xa887132e,632,1328,63359,0,0,0,0,0,0
2026-09-23 19:16:52,1205,,7,1217654,0,243,121,0,0,40,flash,228,471,1,0,319926,879,40,16,0,0,11,3902.0,72.7,336.0,0,False,False,none,none,0,1,,,1215622,0xa887132e,632,1328,65061,0,0,0,0,0,0
2026-09-23 19:17:22,1235,,7,1247624,0,249,124,0,0,40,flash,256,483,1,0,327407,881,40,16,0,0,11,3888.7,72.5,336.0,0,False,False,none,none,0,1,,,1245595,0xa887132e,632,1328,66591,0,0,0,0,0,0
2026-09-23 19:17:52,1265,,7,1277622,0,255,127,0,0,40,flash,288,489,1,0,335831,883,40,16,0,0,11,3896.4,72.7,336.0,0,False,False,none,none,0,1,,,1275592,0xa887132e,632,1328,68242,0,0,0,0,0,0
2026-09-23 19:18:22,1295,,7,1307618,0,261,130,0,0,40,flash,238,499,1,0,344133,885,40,16,0,0,11,3889.3,72.5,336.0,0,False,False,none,none,0,1,,,1305586,0xa887132e,632,1328,69754,0,0,0,0,0,0
2026-09-23 19:18:52,1325,,7,1337605,0,267,133,0,0,40,flash,243,511,1,0,351385,887,40,16,0,0,11,3889.4,72.6,336.0,0,False,False,none,none,0,1,,,1335573,0xa887132e,632,1328,71312,0,0,0,0,0,0
2026-09-23 19:19:22,1355,,7,1367590,0,273,136,0,0,40,flash,302,525,1,0,359121,889,40,16,0,0,11,3893.3,72.6,336.0,0,False,False,none,none,0,1,,,1365556,0xa887132e,632,1328,72988,0,0,0,0,0,0
2026-09-23 19:19:52,1385,,7,1397581,0,279,139,0,0,40,flash,232,535,1,0,367055,891,40,16,0,0,11,3900.7,72.7,336.0,0,False,False,none,none,0,1,,,1395547,0xa887132e,632,1328,74666,0,0,0,0,0,0
2026-09-23 19:20:22,1415,,7,1427562,0,285,142,0,0,40,flash,261,546,1,0,374509,893,40,16,0,0,11,3887.8,72.5,336.0,0,False,False,none,none,0,1,,,1425533,0xa887132e,632,1328,76216,0,0,0,0,0,0
2026-09-23 19:20:52,1445,,7,1457556,0,291,145,0,0,40,flash,286,555,1,0,382881,895,40,16,0,0,11,3896.2,72.7,336.0,0,False,False,none,none,0,1,,,1455525,0xa887132e,632,1328,77901,0,0,0,0,0,0
2026-09-23 19:21:22,1475,,7,1487543,0,297,148,0,0,40,flash,238,563,1,0,391233,897,40,16,0,0,11,3888.3,72.5,336.0,0,False,False,none,none,0,1,,,1485512,0xa887132e,632,1328,79472,0,0,0,0,0,0
2026-09-23 19:21:52,1505,,7,1517545,0,303,150,0,0,40,flash,234,574,1,0,398449,899,40,16,0,0,11,3889.8,72.6,336.0,0,False,False,none,none,0,1,,,1515515,0xa887132e,632,1328,81082,0,0,0,0,0,0
2026-09-23 19:22:22,1535,,7,1547523,0,308,153,0,0,40,flash,323,585,1,0,406275,901,40,16,0,0,11,3894.3,72.6,336.0,0,False,False,none,none,0,1,,,1545491,0xa887132e,632,1328,82530,0,0,0,0,0,0
2026-09-23 19:22:52,1565,,7,1577507,0,314,156,0,0,40,flash,241,596,1,0,414172,903,40,16,0,0,11,3900.8,72.8,336.0,0,False,False,none,none,0,1,,,1575482,0xa887132e,632,1328,84230,0,0,0,0,0,0
2026-09-23 19:23:22,1595,,7,1607487,0,320,159,0,0,40,flash,247,606,1,0,421734,905,40,16,0,0,11,3887.9,72.5,336.0,0,False,False,none,none,0,1,,,1605451,0xa887132e,632,1328,85837,0,0,0,0,0,0
2026-09-23 19:23:52,1625,,7,1637460,0,326,162,0,0,40,flash,291,613,1,0,430257,907,40,16,0,0,11,3895.9,72.7,336.0,0,False,False,none,none,0,1,,,1635433,0xa887132e,632,1328,87452,0,0,0,0,0,0
2026-09-23 19:24:22,1655,,7,1667444,0,332,165,0,0,40,flash,239,628,1,0,438688,909,40,16,0,0,11,3887.4,72.5,336.0,0,False,False,none,none,0,1,,,1665421,0xa887132e,632,1328,88978,0,0,0,0,0,0
2026-09-23 19:24:52,1685,,7,1697439,0,338,168,0,0,40,flash,242,642,1,0,445916,911,40,16,0,0,11,3888.9,72.5,336.0,0,False,False,none,none,0,1,,,1695405,0xa887132e,632,1328,90585,0,0,0,0,0,0
2026-09-23 19:25:22,1715,,7,1727435,0,344,171,0,0,40,flash,307,658,1,0,453731,913,40,16,0,0,11,3895.1,72.7,336.0,0,False,False,none,none,0,1,,,1725405,0xa887132e,632,1328,92184,0,0,0,0,0,0
2026-09-23 19:25:52,1745,,7,1757423,0,350,174,0,0,40,flash,233,672,1,0,461714,915,40,16,0,0,11,3900.6,72.7,336.0,0,False,False,none,none,0,1,,,1755393,0xa887132e,632,1328,93871,0,0,0,0,0,0
2026-09-23 19:26:22,1775,,7,1787397,0,356,177,0,0,40,flash,259,685,1,0,469242,917,40,16,0,0,11,3888.4,72.5,336.0,0,False,False,none,none,0,1,,,1785371,0xa887132e,632,1328,95360,0,0,0,0,0,0
2026-09-23 19:26:52,1805,,7,1817385,0,362,180,0,0,40,flash,295,698,1,0,477662,919,40,16,0,0,11,3892.7,72.6,336.0,0,False,False,none,none,0,1,,,1815357,0xa887132e,632,1328,96987,0,0,0,0,0,0
2026-09-23 19:27:22,1835,,7,1847390,0,368,183,0,0,40,flash,248,710,1,0,485978,921,40,16,0,0,11,3888.8,72.5,336.0,0,False,False,none,none,0,1,,,1845358,0xa887132e,632,1328,98546,0,0,0,0,0,0
2026-09-23 19:27:52,1865,,7,1877379,0,374,186,0,0,40,flash,234,722,1,0,493191,923,40,16,0,0,11,3887.1,72.5,336.0,0,False,False,none,none,0,1,,,1875352,0xa887132e,632,1328,100247,0,0,0,0,0,0
2026-09-23 19:28:22,1895,,7,1907357,0,380,189,0,0,40,flash,319,737,1,0,500973,925,40,16,0,0,11,3891.9,72.6,336.0,0,False,False,none,none,0,1,,,1905333,0xa887132e,632,1328,101810,0,0,0,0,0,0
2026-09-23 19:28:52,1925,,7,1937359,0,386,192,0,0,40,flash,239,750,1,0,508961,927,40,16,0,0,11,3898.5,72.7,336.0,0,False,False,none,none,0,1,,,1935330,0xa887132e,632,1328,103432,0,0,0,0,0,0
2026-09-23 19:29:22,1955,,7,1967356,0,392,195,0,0,40,flash,263,762,1,0,516435,929,40,16,0,0,11,3884.3,72.5,336.0,0,False,False,none,none,0,1,,,1965324,0xa887132e,632,1328,104932,0,0,0,0,0,0
2026-09-23 19:29:52,1985,,7,1997341,0,398,198,0,0,40,flash,293,767,1,0,524881,931,40,16,0,0,11,3897.0,72.7,336.0,0,False,False,none,none,0,1,,,1995311,0xa887132e,632,1328,106568,0,0,0,0,0,0
2026-09-23 19:30:22,2015,,7,2027325,0,404,201,0,0,40,flash,243,778,1,0,533205,933,40,16,0,0,11,3887.5,72.5,336.0,0,False,False,none,none,0,1,,,2025297,0xa887132e,632,1328,108086,0,0,0,0,0,0
2026-09-23 19:30:52,2045,,7,2057301,0,410,204,0,0,40,flash,233,794,1,0,540325,935,40,16,0,0,11,3888.4,72.5,336.0,0,False,False,none,none,0,1,,,2055275,0xa887132e,632,1328,109828,0,0,0,0,0,0
2026-09-23 19:31:22,2075,,7,2087303,0,416,208,0,0,40,flash,289,813,1,0,547981,937,40,16,0,0,11,3895.2,72.7,336.0,0,False,False,none,none,0,1,,,2085268,0xa887132e,632,1328,111482,0,0,0,0,0,0
2026-09-23 19:31:52,2105,,7,2117284,0,422,211,0,0,40,flash,222,823,1,0,555867,939,40,16,0,0,11,3899.3,72.7,336.0,0,False,False,none,none,0,1,,,2115250,0xa887132e,632,1328,113119,0,0,0,0,0,0
2026-09-23 19:32:22,2135,,7,2147267,0,428,214,0,0,40,flash,250,839,1,0,563366,941,40,16,0,0,11,3885.8,72.5,336.0,0,False,False,none,none,0,1,,,2145244,0xa887132e,632,1328,114730,0,0,0,0,0,0
2026-09-23 19:32:52,2165,,7,2177253,0,434,217,0,0,40,flash,289,849,1,0,571787,943,40,16,0,0,11,3896.9,72.7,336.0,0,False,False,none,none,0,1,,,2175227,0xa887132e,632,1328,116400,0,0,0,0,0,0
2026-09-23 19:33:22,2195,,7,2207253,0,440,220,0,0,40,flash,236,857,1,0,580118,945,40,16,0,0,11,3887.9,72.5,336.0,0,False,False,none,none,0,1,,,2205220,0xa887132e,632,1328,117950,0,0,0,0,0,0
2026-09-23 19:33:52,2225,,7,2237232,0,446,223,0,0,40,flash,235,871,1,0,587292,947,40,16,0,0,11,3888.9,72.6,336.0,0,False,False,none,none,0,1,,,2235201,0xa887132e,632,1328,119563,0,0,0,0,0,0
2026-09-23 19:34:22,2255,,7,2267209,0,452,226,0,0,40,flash,313,884,2,0,595006,949,40,16,0,0,11,3895.2,72.7,336.0,0,False,False,none,none,0,1,,,2265184,0xa887132e,632,1328,121208,0,0,0,0,0,0
2026-09-23 19:34:52,2285,,7,2297214,0,458,229,0,0,40,flash,227,897,2,0,602892,951,40,16,0,0,11,3898.8,72.7,336.0,0,False,False,none,none,0,1,,,2295177,0xa887132e,632,1328,122930,0,0,0,0,0,0
2026-09-23 19:35:22,2315,,7,2327196,0,464,232,0,0,40,flash,259,909,2,0,610333,953,40,16,0,0,11,3886.6,72.5,336.0,0,False,False,none,none,0,1,,,2325168,0xa887132e,632,1328,124508,0,0,0,0,0,0
2026-09-23 19:35:52,2345,,7,2357185,0,470,235,0,0,40,flash,285,918,2,0,618637,955,40,16,0,0,11,3896.6,72.7,336.0,0,False,False,none,none,0,1,,,2355158,0xa887132e,632,1328,126181,0,0,0,0,0,0
2026-09-23 19:36:22,2375,,7,2387186,0,476,238,0,0,40,flash,238,930,2,0,626930,957,40,16,0,0,11,3888.8,72.5,336.0,0,False,False,none,none,0,1,,,2385153,0xa887132e,632,1328,127827,0,0,0,0,0,0
2026-09-23 19:36:52,2405,,7,2417175,0,482,241,0,0,40,flash,242,946,2,0,634082,959,40,16,0,0,11,3888.1,72.5,336.0,0,False,False,none,none,0,1,,,2415149,0xa887132e,632,1328,129521,0,0,0,0,0,0
2026-09-23 19:37:22,2435,,7,2447154,0,488,244,0,0,40,flash,309,961,2,0,641786,961,40,16,0,0,11,3892.5,72.6,336.0,0,False,False,none,none,0,1,,,2445128,0xa887132e,632,1328,131141,0,0,0,0,0,0
2026-09-23 19:37:52,2465,,7,2477139,0,494,247,0,0,40,flash,229,970,2,0,649673,963,40,16,0,0,11,3899.8,72.7,336.0,0,False,False,none,none,0,1,,,2475111,0xa887132e,632,1328,132746,0,0,0,0,0,0
2026-09-23 19:38:22,2495,,7,2507132,0,500,250,0,0,40,flash,256,986,2,0,657092,965,40,16,0,0,11,3887.8,72.5,336.0,0,False,False,none,none,0,1,,,2505104,0xa887132e,632,1328,134305,0,0,0,0,0,0
2026-09-23 19:38:52,2525,,7,2537122,0,506,253,0,0,40,flash,295,994,2,0,665459,967,40,16,0,0,11,3896.5,72.7,336.0,0,False,False,none,none,0,1,,,2535094,0xa887132e,632,1328,135895,0,0,0,0,0,0
2026-09-23 19:39:22,2555,,7,2567133,0,512,256,0,0,40,flash,233,1006,2,0,673701,969,40,16,0,0,11,3887.4,72.5,336.0,0,False,False,none,none,0,1,,,2565094,0xa887132e,632,1328,137419,0,0,0,0,0,0
2026-09-23 19:39:52,2585,,7,2597107,0,518,259,0,0,40,flash,232,1021,2,0,680754,971,40,16,0,0,11,3887.3,72.5,336.0,0,False,False,none,none,0,1,,,2595071,0xa887132e,632,1328,139182,0,0,0,0,0,0
2026-09-23 19:40:22,2615,,7,2627097,0,524,262,0,0,40,flash,323,1038,2,0,688382,973,40,16,0,0,11,3894.7,72.7,336.0,0,False,False,none,none,0,1,,,2625062,0xa887132e,632,1328,140769,0,0,0,0,0,0
2026-09-23 19:40:52,2645,,7,2657080,0,530,265,0,0,40,flash,221,1047,2,0,696330,975,40,16,0,0,11,3901.5,72.7,336.0,0,False,False,none,none,0,1,,,2655053,0xa887132e,632,1328,142474,0,0,0,0,0,0
2026-09-23 19:41:23,2675,,7,2687088,0,536,268,0,0,40,flash,246,1063,2,0,703745,977,40,16,0,0,11,3888.0,72.5,336.0,0,False,False,none,none,0,1,,,2685050,0xa887132e,632,1328,144121,0,0,0,0,0,0
2026-09-23 19:41:53,2705,,7,2717065,0,542,271,0,0,40,flash,288,1074,2,0,712133,979,40,16,0,0,11,3896.1,72.7,336.0,0,False,False,none,none,0,1,,,2715035,0xa887132e,632,1328,145725,0,0,0,0,0,0
2026-09-23 19:42:23,2735,,7,2747038,0,548,274,0,0,40,flash,237,1087,2,0,720363,981,40,16,0,0,11,3887.7,72.5,336.0,0,False,False,none,none,0,1,,,2745009,0xa887132e,560,1328,147305,0,0,0,0,0,0
2026-09-23 19:42:53,2765,,7,2777029,0,554,277,0,0,40,flash,233,1098,2,0,727498,983,40,16,0,0,11,3887.6,72.5,336.0,0,False,False,none,none,0,1,,,2775003,0xa887132e,560,1328,148981,0,0,0,0,0,0
2026-09-23 19:43:23,2795,,7,2807028,0,560,280,0,0,40,flash,306,1114,2,0,735177,985,40,16,0,0,11,3893.8,72.6,336.0,0,False,False,none,none,0,1,,,2804992,0xa887132e,560,1328,150563,0,0,0,0,0,0
2026-09-23 19:43:53,2825,,7,2837016,0,566,283,0,0,40,flash,234,1130,2,0,743013,987,40,16,0,0,11,3900.7,72.7,336.0,0,False,False,none,none,0,1,,,2834983,0xa887132e,560,1328,152243,0,0,0,0,0,0
2026-09-23 19:44:23,2855,,7,2866999,0,572,286,0,0,40,flash,264,1146,2,0,750376,989,40,16,0,0,11,3889.2,72.5,336.0,0,False,False,none,none,0,1,,,2864968,0xa887132e,560,1328,153831,0,0,0,0,0,0
2026-09-23 19:44:53,2885,,7,2897003,0,578,289,0,0,40,flash,295,1159,2,0,758674,991,40,16,0,0,11,3894.9,72.7,336.0,0,False,False,none,none,0,1,,,2894968,0xa887132e,560,1328,155485,0,0,0,0,0,0
2026-09-23 19:45:23,2915,,7,2926988,0,584,292,0,0,40,flash,228,1176,2,0,766883,993,40,16,0,0,11,3887.9,72.5,336.0,0,False,False,none,none,0,1,,,2924953,0xa887132e,560,1328,157173,0,0,0,0,0,0
2026-09-23 19:45:53,2945,,7,2956967,0,590,295,0,0,40,flash,242,1193,2,0,774069,995,40,16,0,0,11,3887.2,72.5,336.0,0,False,False,none,none,0,1,,,2954938,0xa887132e,560,1328,158728,0,0,0,0,0,0
2026-09-23 19:46:23,2975,,7,2986956,0,596,298,0,0,40,flash,311,1210,2,0,781764,997,40,16,0,0,11,3893.2,72.6,336.0,0,False,False,none,none,0,1,,,2984921,0xa887132e,560,1328,160367,0,0,0,0,0,0
2026-09-23 19:46:53,3005,,7,3016940,0,602,301,0,0,40,flash,230,1228,2,0,789652,999,40,16,0,0,11,3899.8,72.7,336.0,0,False,False,none,none,0,1,,,3014903,0xa887132e,560,1328,162000,0,0,0,0,0,0
2026-09-23 19:47:23,3035,,7,3046929,0,608,304,0,0,40,flash,260,1245,2,0,797129,1001,40,16,0,0,11,3887.8,72.5,336.0,0,False,False,none,none,0,1,,,3044895,0xa887132e,560,1328,163534,0,0,0,0,0,0
2026-09-23 19:47:53,3065,,7,3076907,0,614,307,0,0,40,flash,296,1255,2,0,805468,1003,40,16,0,0,11,3894.4,72.6,336.0,0,False,False,none,none,0,1,,,3074883,0xa887132e,560,1328,165183,0,0,0,0,0,0
2026-09-23 19:48:23,3095,,7,3106899,0,620,310,0,0,40,flash,243,1269,2,0,813739,1005,40,16,0,0,11,3888.7,72.6,336.0,0,False,False,none,none,0,1,,,3104873,0xa887132e,560,1328,166699,0,0,0,0,0,0
2026-09-23 19:48:53,3125,,7,3136885,0,626,313,0,0,40,flash,233,1282,2,0,820862,1007,40,16,0,0,11,3889.0,72.6,336.0,0,False,False,none,none,0,1,,,3134857,0xa887132e,560,1328,168284,0,0,0,0,0,0
2026-09-23 19:49:23,3155,,7,3166869,0,632,316,0,0,40,flash,312,1299,2,0,828619,1009,40,16,0,0,11,3893.8,72.7,336.0,0,False,False,none,none,0,1,,,3164845,0xa887132e,560,1328,169897,0,0,0,0,0,0
2026-09-23 19:49:53,3185,,7,3196859,0,638,319,0,0,40,flash,232,1315,2,0,836646,1011,40,16,0,0,11,3900.5,72.7,336.0,0,False,False,none,none,0,1,,,3194830,0xa887132e,560,1328,171521,0,0,0,0,0,0
2026-09-23 19:50:23,3215,,7,3226861,0,644,322,0,0,40,flash,262,1327,2,0,844166,1013,40,16,0,0,11,3888.6,72.6,336.0,0,False,False,none,none,0,1,,,3224833,0xa887132e,560,1328,173096,0,0,0,0,0,0
2026-09-23 19:50:53,3245,,7,3256849,0,650,325,0,0,40,flash,291,1334,2,0,852615,1015,40,16,0,0,11,3896.4,72.7,336.0,0,False,False,none,none,0,1,,,3254816,0xa887132e,560,1328,174691,0,0,0,0,0,0
2026-09-23 19:51:23,3275,,7,3286829,0,656,328,0,0,40,flash,248,1344,2,0,860944,1017,40,16,0,0,11,3889.1,72.5,336.0,0,False,False,none,none,0,1,,,3284800,0xa887132e,560,1328,176211,0,0,0,0,0,0
2026-09-23 19:51:53,3305,,7,3316827,0,662,331,0,0,40,flash,240,1357,2,0,868153,1019,40,16,0,0,11,3887.0,72.5,336.0,0,False,False,none,none,0,1,,,3314797,0xa887132e,560,1328,177857,0,0,0,0,0,0
2026-09-23 19:52:23,3335,,7,3346825,0,668,334,0,0,40,flash,304,1373,2,0,875848,1021,40,16,0,0,11,3892.5,72.6,336.0,0,False,False,none,none,0,1,,,3344799,0xa887132e,560,1328,179540,0,0,0,0,0,0
2026-09-23 19:52:53,3365,,7,3376824,0,674,337,0,0,40,flash,221,1385,2,0,883791,1023,40,16,0,0,11,3900.6,72.7,336.0,0,False,False,none,none,0,1,,,3374790,0xa887132e,560,1328,181194,0,0,0,0,0,0
2026-09-23 19:53:23,3395,,7,3406797,0,680,340,0,0,40,flash,263,1401,2,0,891236,1025,40,16,0,0,11,3888.0,72.6,336.0,0,False,False,none,none,0,1,,,3404771,0xa887132e,560,1328,182694,0,0,0,0,0,0
2026-09-23 19:53:53,3425,,7,3436787,0,686,343,0,0,40,flash,291,1405,2,0,899647,1027,40,16,0,0,11,3896.0,72.7,336.0,0,False,False,none,none,0,1,,,3434762,0xa887132e,560,1328,184414,0,0,0,0,0,0
2026-09-23 19:54:23,3455,,7,3466772,0,692,346,0,0,40,flash,235,1414,2,0,907963,1029,40,16,0,0,11,3887.5,72.5,336.0,0,False,False,none,none,0,1,,,3464749,0xa887132e,560,1328,185986,0,0,0,0,0,0
2026-09-23 19:54:53,3486,,7,3496769,0,698,349,0,0,40,flash,241,1427,2,0,915159,1031,40,16,0,0,11,3886.9,72.5,336.0,0,False,False,none,none,0,1,,,3494735,0xa887132e,560,1328,187579,0,0,0,0,0,0
2026-09-23 19:55:23,3515,,7,3526735,0,704,352,0,0,40,flash,297,1444,2,0,922839,1033,40,16,0,0,11,3893.0,72.6,336.0,0,False,False,none,none,0,1,,,3524708,0xa887132e,560,1328,189209,0,0,0,0,0,0
2026-09-23 19:55:53,3546,,7,3556722,0,710,355,0,0,41,flash,233,1460,3,0,930708,1035,41,16,0,0,11,3899.9,72.7,336.0,0,False,False,none,none,0,1,,,3554696,0xa887132e,560,1328,190886,0,0,0,0,0,0
2026-09-23 19:56:23,3576,,7,3586688,0,716,358,0,0,41,flash,251,1475,3,0,938120,1037,41,16,0,0,11,3888.9,72.5,336.0,0,False,False,none,none,0,1,,,3584666,0xa887132e,560,1328,192507,0,0,0,0,0,0
2026-09-23 19:56:53,3606,,7,3616677,0,722,361,0,0,41,flash,282,1481,3,0,946404,1039,41,16,0,0,11,3897.3,72.7,336.0,0,False,False,none,none,0,1,,,3614653,0xa887132e,560,1328,194246,0,0,0,0,0,0
2026-09-23 19:57:23,3636,,7,3646661,0,728,364,0,0,41,flash,223,1490,3,0,954589,1041,41,16,0,0,11,3887.5,72.5,336.0,0,False,False,none,none,0,1,,,3644638,0xa887132e,560,1328,195918,0,0,0,0,0,0
2026-09-23 19:57:53,3666,,7,3676654,0,734,367,0,0,41,flash,244,1506,3,0,961694,1043,41,16,0,0,11,3887.6,72.5,336.0,0,False,False,none,none,0,1,,,3674625,0xa887132e,560,1328,197553,0,0,0,0,0,0
2026-09-23 19:58:23,3696,,7,3706626,0,740,370,0,0,41,flash,320,1520,3,0,969464,1045,41,16,0,0,11,3894.0,72.6,336.0,0,False,False,none,none,0,1,,,3704599,0xa887132e,560,1328,199119,0,0,0,0,0,0
2026-09-23 19:58:53,3726,,7,3736612,0,746,373,0,0,41,flash,234,1536,3,0,977404,1047,41,16,0,0,11,3899.5,72.7,336.0,0,False,False,none,none,0,1,,,3734581,0xa887132e,560,1328,200771,0,0,0,0,0,0
2026-09-23 19:59:23,3756,,7,3766588,0,752,376,0,0,41,flash,251,1550,3,0,984874,1049,41,16,0,0,11,3886.8,72.5,336.0,0,False,False,none,none,0,1,,,3764568,0xa887132e,560,1328,202321,0,0,0,0,0,0
2026-09-23 19:59:53,3786,,7,3796576,0,758,379,0,0,41,flash,298,1559,3,0,993211,1051,41,16,0,0,11,3897.5,72.7,336.0,0,False,False,none,none,0,1,,,3794548,0xa887132e,560,1328,203982,0,0,0,0,0,0
2026-09-23 20:00:23,3816,,7,3826565,0,764,382,0,0,41,flash,242,1572,3,0,1001491,1053,41,16,0,0,11,3888.4,72.5,336.0,0,False,False,none,none,0,1,,,3824537,0xa887132e,560,1328,205576,0,0,0,0,0,0
2026-09-23 20:00:53,3846,,7,3856547,0,770,385,0,0,41,flash,230,1587,3,0,1008602,1055,41,16,0,0,11,3887.9,72.5,336.0,0,False,False,none,none,0,1,,,3854521,0xa887132e,560,1328,207303,0,0,0,0,0,0
2026-09-23 20:01:23,3876,,7,3886554,0,776,388,0,0,41,flash,306,1596,3,0,1016251,1057,41,16,0,0,11,3894.7,72.7,336.0,0,False,False,none,none,0,1,,,3884520,0xa887132e,560,1328,208960,0,0,0,0,0,0
2026-09-23 20:01:53,3906,,7,3916540,0,782,391,0,0,41,flash,224,1611,3,0,1024105,1059,41,16,0,0,11,3900.3,72.7,336.0,0,False,False,none,none,0,1,,,3914503,0xa887132e,560,1328,210614,0,0,0,0,0,0
2026-09-23 20:02:23,3936,,7,3946517,0,788,394,0,0,41,flash,269,1622,3,0,1031511,1061,41,16,0,0,11,3887.0,72.5,336.0,0,False,False,none,none,0,1,,,3944481,0xa887132e,560,1328,212168,0,0,0,0,0,0
2026-09-23 20:02:53,3966,,7,3976495,0,794,397,0,0,41,flash,298,1632,3,0,1039809,1063,41,16,0,0,11,3896.8,72.7,336.0,0,False,False,none,none,0,1,,,3974458,0xa887132e,560,1328,213964,0,0,0,0,0,0
2026-09-23 20:03:23,3996,,7,4006467,0,800,400,0,0,41,flash,237,1643,3,0,1048025,1065,41,16,0,0,11,3887.5,72.5,336.0,0,False,False,none,none,0,1,,,4004444,0xa887132e,560,1328,215586,0,0,0,0,0,0
2026-09-23 20:03:53,4026,,7,4036468,0,806,403,0,0,41,flash,243,1657,3,0,1055135,1067,41,16,0,0,11,3888.6,72.6,336.0,0,False,False,none,none,0,1,,,4034439,0xa887132e,560,1328,217265,0,0,0,0,0,0
2026-09-23 20:04:23,4056,,7,4066453,0,812,406,0,0,41,flash,308,1674,3,0,1062737,1069,41,16,0,0,11,3891.3,72.6,336.0,0,False,False,none,none,0,1,,,4064422,0xa887132e,560,1328,218878,0,0,0,0,0,0
2026-09-23 20:04:53,4086,,7,4096467,0,818,409,0,0,41,flash,229,1688,3,0,1070608,1071,41,16,0,0,11,3898.0,72.7,336.0,0,False,False,none,none,0,1,,,4094429,0xa887132e,560,1328,220602,0,0,0,0,0,0
2026-09-23 20:05:23,4116,,7,4126448,0,824,412,0,0,41,flash,242,1699,3,0,1077923,1073,41,16,0,0,11,3888.8,72.5,336.0,0,False,False,none,none,0,1,,,4124416,0xa887132e,560,1328,222310,0,0,0,0,0,0
2026-09-23 20:05:53,4146,,7,4156439,0,830,415,0,0,41,flash,268,1706,3,0,1086202,1075,41,16,0,0,11,3896.7,72.7,336.0,0,False,False,none,none,0,1,,,4154406,0xa887132e,560,1328,223946,0,0,0,0,0,0
2026-09-23 20:06:23,4176,,7,4186420,0,836,418,0,0,41,flash,222,1721,3,0,1094307,1077,41,16,0,0,11,3889.3,72.6,336.0,0,False,False,none,none,0,1,,,4184385,0xa887132e,560,1328,225610,0,0,0,0,0,0
2026-09-23 20:06:53,4206,,7,4216398,0,842,421,0,0,41,flash,229,1734,3,0,1101482,1079,41,16,0,0,11,3889.1,72.5,336.0,0,False,False,none,none,0,1,,,4214368,0xa887132e,560,1328,227122,0,0,0,0,0,0
2026-09-23 20:07:23,4236,,7,4246388,0,848,424,0,0,41,flash,299,1746,3,0,1109214,1081,41,16,0,0,11,3892.9,72.6,336.0,0,False,False,none,none,0,1,,,4244361,0xa887132e,560,1328,228732,0,0,0,0,0,0
2026-09-23 20:07:53,4266,,7,4276360,0,854,427,0,0,41,flash,231,1756,3,0,1117138,1083,41,16,0,0,11,3900.8,72.7,336.0,0,False,False,none,none,0,1,,,4274335,0xa887132e,560,1328,230388,0,0,0,0,0,0
2026-09-23 20:08:23,4296,,7,4306360,0,860,430,0,0,41,flash,262,1767,3,0,1124612,1085,41,16,0,0,11,3887.5,72.6,336.0,0,False,False,none,none,0,1,,,4304335,0xa887132e,560,1328,231884,0,0,0,0,0,0
2026-09-23 20:08:53,4326,,7,4336345,0,866,434,0,0,41,flash,294,1775,3,0,1132937,1087,41,16,0,0,11,3894.5,72.6,336.0,0,False,False,none,none,0,1,,,4334314,0xa887132e,560,1328,233563,0,0,0,0,0,0
2026-09-23 20:09:23,4356,,7,4366339,0,872,437,0,0,41,flash,244,1785,3,0,1141220,1089,41,16,0,0,11,3888.9,72.6,336.0,0,False,False,none,none,0,1,,,4364314,0xa887132e,560,1328,235141,0,0,0,0,0,0
2026-09-23 20:09:53,4386,,7,4396333,0,878,440,0,0,41,flash,240,1802,3,0,1148356,1091,41,16,0,0,11,3887.6,72.5,336.0,0,False,False,none,none,0,1,,,4394305,0xa887132e,560,1328,236757,0,0,0,0,0,0
2026-09-23 20:10:23,4416,,7,4426307,0,884,443,0,0,41,flash,301,1815,3,0,1156001,1093,41,16,0,0,11,3893.8,72.7,336.0,0,False,False,none,none,0,1,,,4424285,0xa887132e,560,1328,238368,0,0,0,0,0,0
2026-09-23 20:10:53,4446,,7,4456308,0,890,446,0,0,41,flash,226,1828,3,0,1163792,1095,41,16,0,0,11,3899.1,72.7,336.0,0,False,False,none,none,0,1,,,4454280,0xa887132e,560,1328,240107,0,0,0,0,0,0
2026-09-23 20:11:23,4476,,7,4486291,0,896,449,0,0,41,flash,254,1841,3,0,1171257,1097,41,16,0,0,11,3887.4,72.5,336.0,0,False,False,none,none,0,1,,,4484264,0xa887132e,560,1328,241644,0,0,0,0,0,0
2026-09-23 20:11:53,4506,,7,4516288,0,902,452,0,0,41,flash,294,1851,3,0,1179613,1099,41,16,0,0,11,3896.5,72.7,336.0,0,False,False,none,none,0,1,,,4514259,0xa887132e,560,1328,243248,0,0,0,0,0,0
2026-09-23 20:12:23,4536,,7,4546270,0,908,455,0,0,41,flash,233,1864,3,0,1187776,1101,41,16,0,0,11,3888.3,72.6,336.0,0,False,False,none,none,0,1,,,4544244,0xa887132e,560,1328,244996,0,0,0,0,0,0
2026-09-23 20:12:53,4566,,7,4576262,0,914,458,0,0,41,flash,231,1876,3,0,1194878,1103,41,16,0,0,11,3888.6,72.6,336.0,0,False,False,none,none,0,1,,,4574233,0xa887132e,560,1328,246627,0,0,0,0,0,0
2026-09-23 20:13:23,4596,,7,4606249,0,920,461,0,0,41,flash,301,1892,3,0,1202584,1105,41,16,0,0,11,3895.5,72.7,336.0,0,False,False,none,none,0,1,,,4604218,0xa887132e,560,1328,248079,0,0,0,0,0,0
2026-09-23 20:13:53,4626,,7,4636233,0,926,464,0,0,41,flash,218,1901,3,0,1210433,1107,41,16,0,0,11,3900.9,72.7,336.0,0,False,False,none,none,0,1,,,4634206,0xa887132e,560,1328,249750,0,0,0,0,0,0
2026-09-23 20:14:23,4656,,7,4666224,0,932,467,0,0,41,flash,251,1919,3,0,1217805,1109,41,16,0,0,11,3888.6,72.5,336.0,0,False,False,none,none,0,1,,,4664191,0xa887132e,560,1328,251288,0,0,0,0,0,0
2026-09-23 20:14:53,4686,,7,4696225,0,938,470,0,0,41,flash,274,1927,3,0,1226097,1111,41,16,0,0,11,3895.5,72.7,336.0,0,False,False,none,none,0,1,,,4694197,0xa887132e,560,1328,252837,0,0,0,0,0,0
2026-09-23 20:15:23,4716,,7,4726176,0,944,473,0,0,41,flash,240,1938,3,0,1234231,1113,41,16,0,0,11,3887.3,72.5,336.0,0,False,False,none,none,0,1,,,4724155,0xa887132e,560,1328,254401,0,0,0,0,0,0
2026-09-23 20:15:53,4746,,7,4756190,0,950,476,0,0,41,flash,238,1949,3,0,1241379,1115,41,16,0,0,11,3889.4,72.5,336.0,0,False,False,none,none,0,1,,,4754164,0xa887132e,560,1328,256094,0,0,0,0,0,0
2026-09-23 20:16:23,4776,,7,4786166,0,956,479,0,0,41,flash,298,1964,3,0,1249007,1117,41,16,0,0,11,3893.6,72.6,336.0,0,False,False,none,none,0,1,,,4784135,0xa887132e,560,1328,257735,0,0,0,0,0,0
2026-09-23 20:16:53,4806,,7,4816171,0,962,482,0,0,41,flash,228,1976,4,0,1256860,1119,41,16,0,0,11,3900.0,72.7,336.0,0,False,False,none,none,0,1,,,4814139,0xa887132e,560,1328,259498,0,0,0,0,0,0
2026-09-23 20:17:23,4836,,7,4846148,0,968,485,0,0,41,flash,253,1989,4,0,1264208,1121,41,16,0,0,11,3887.2,72.5,336.0,0,False,False,none,none,0,1,,,4844123,0xa887132e,560,1328,261111,0,0,0,0,0,0
2026-09-23 20:17:53,4866,,7,4876143,0,974,488,0,0,41,flash,288,1999,4,0,1272488,1123,41,16,0,0,11,3895.2,72.6,336.0,0,False,False,none,none,0,1,,,4874111,0xa887132e,560,1328,262832,0,0,0,0,0,0
2026-09-23 20:18:23,4896,,7,4906122,0,980,491,0,0,41,flash,233,2012,4,0,1280671,1125,41,16,0,0,11,3888.4,72.5,336.0,0,False,False,none,none,0,1,,,4904094,0xa887132e,560,1328,264447,0,0,0,0,0,0
2026-09-23 20:18:53,4926,,7,4936119,0,986,494,0,0,41,flash,237,2025,4,0,1287718,1127,41,16,0,0,11,3887.6,72.5,336.0,0,False,False,none,none,0,1,,,4934093,0xa887132e,560,1328,266180,0,0,0,0,0,0
2026-09-23 20:19:23,4956,,7,4966106,0,992,497,0,0,41,flash,302,2039,4,0,1295330,1129,41,16,0,0,11,3892.5,72.6,336.0,0,False,False,none,none,0,1,,,4964079,0xa887132e,560,1328,267710,0,0,0,0,0,0
2026-09-23 20:19:53,4986,,7,4996109,0,998,500,0,0,41,flash,234,2053,4,0,1303142,1131,41,16,0,0,11,3897.9,72.6,336.0,0,False,False,none,none,0,1,,,4994082,0xa887132e,560,1328,269364,0,0,0,0,0,0
2026-09-23 20:20:23,5016,,7,5026106,0,1004,503,0,0,41,flash,255,2065,4,0,1310543,1133,41,16,0,0,11,3887.7,72.5,336.0,0,False,False,none,none,0,1,,,5024079,0xa887132e,560,1328,270908,0,0,0,0,0,0
2026-09-23 20:20:53,5046,,7,5056099,0,1010,506,0,0,41,flash,283,2073,4,0,1318810,1135,41,16,0,0,11,3895.0,72.6,336.0,0,False,False,none,none,0,1,,,5054071,0xa887132e,560,1328,272537,0,0,0,0,0,0
2026-09-23 20:21:23,5076,,7,5086076,0,1016,509,0,0,41,flash,238,2082,4,0,1326968,1137,41,16,0,0,11,3891.5,72.6,336.0,0,False,False,none,none,0,1,,,5084051,0xa887132e,560,1328,274151,0,0,0,0,0,0
2026-09-23 20:21:53,5106,,7,5116048,0,1022,514,0,0,41,flash,232,2098,4,0,1333961,1139,41,16,0,0,11,3889.7,72.6,336.0,0,False,False,none,none,0,1,,,5114021,0xa887132e,560,1328,275890,0,0,0,0,0,0
2026-09-23 20:22:23,5136,,7,5146051,0,1028,517,0,0,41,flash,285,2115,4,0,1341543,1141,41,16,0,0,11,3893.9,72.7,336.0,0,False,False,none,none,0,1,,,5144027,0xa887132e,560,1328,277529,0,0,0,0,0,0
2026-09-23 20:22:53,5166,,7,5176038,0,1034,520,0,0,41,flash,216,2127,4,0,1349361,1143,41,16,0,0,11,3902.5,72.8,336.0,0,False,False,none,none,0,1,,,5174011,0xa887132e,560,1328,279135,0,0,0,0,0,0
2026-09-23 20:23:23,5196,,7,5206026,0,1040,523,0,0,41,flash,252,2138,4,0,1356659,1146,41,16,0,0,11,3886.1,72.5,336.0,0,False,False,none,none,0,1,,,5203999,0xa887132e,560,1328,280718,0,0,0,0,0,0
2026-09-23 20:23:53,5226,,7,5236017,0,1046,526,0,0,41,flash,292,2149,4,0,1364828,1148,41,16,0,0,11,3894.6,72.7,336.0,0,False,False,none,none,0,1,,,5233985,0xa887132e,560,1328,282353,0,0,0,0,0,0
2026-09-23 20:24:23,5256,,7,5266014,0,1052,529,0,0,41,flash,244,2159,4,0,1373052,1150,41,16,0,0,11,3887.8,72.5,336.0,0,False,False,none,none,0,1,,,5263987,0xa887132e,560,1328,283924,0,0,0,0,0,0
2026-09-23 20:24:53,5286,,7,5295988,0,1058,532,0,0,41,flash,234,2177,4,0,1380172,1152,41,16,0,0,11,3890.5,72.6,336.0,0,False,False,none,none,0,1,,,5293962,0xa887132e,560,1328,285615,0,0,0,0,0,0
2026-09-23 20:25:23,5316,,7,5325976,0,1064,535,0,0,41,flash,308,2192,4,0,1387833,1154,41,16,0,0,11,3894.9,72.6,336.0,0,False,False,none,none,0,1,,,5323947,0xa887132e,560,1328,287223,0,0,0,0,0,0
2026-09-23 20:25:53,5346,,7,5355964,0,1070,538,0,0,41,flash,225,2200,4,0,1395685,1156,41,16,0,0,11,3900.6,72.7,336.0,0,False,False,none,none,0,1,,,5353936,0xa887132e,560,1328,288915,0,0,0,0,0,0
2026-09-23 20:26:23,5376,,7,5385956,0,1076,541,0,0,41,flash,255,2213,4,0,1403042,1158,41,16,0,0,11,3888.2,72.5,336.0,0,False,False,none,none,0,1,,,5383929,0xa887132e,560,1328,290518,0,0,0,0,0,0
2026-09-23 20:26:53,5406,,7,5415960,0,1082,544,0,0,41,flash,283,2220,4,0,1411302,1160,41,16,0,0,11,3893.8,72.6,336.0,0,False,False,none,none,0,1,,,5413922,0xa887132e,560,1328,292252,0,0,0,0,0,0
2026-09-23 20:27:23,5436,,7,5445935,0,1088,547,0,0,41,flash,234,2230,4,0,1419477,1162,41,16,0,0,11,3887.6,72.5,336.0,0,False,False,none,none,0,1,,,5443904,0xa887132e,560,1328,293827,0,0,0,0,0,0
2026-09-23 20:27:53,5466,,7,5475933,0,1094,550,0,0,41,flash,235,2245,4,0,1426566,1164,41,16,0,0,11,3890.0,72.6,336.0,0,False,False,none,none,0,1,,,5473907,0xa887132e,560,1328,295452,0,0,0,0,0,0
2026-09-23 20:28:23,5496,,7,5505928,0,1100,553,0,0,41,flash,295,2263,4,0,1434133,1166,41,16,0,0,11,3894.0,72.6,336.0,0,False,False,none,none,0,1,,,5503898,0xa887132e,560,1328,296999,0,0,0,0,0,0
2026-09-23 20:28:53,5526,,7,5535914,0,1106,556,0,0,41,flash,218,2275,4,0,1442019,1168,41,16,0,0,11,3900.0,72.7,336.0,0,False,False,none,none,0,1,,,5533889,0xa887132e,560,1328,298678,0,0,0,0,0,0
2026-09-23 20:29:23,5556,,7,5565897,0,1112,559,0,0,41,flash,254,2288,4,0,1449366,1170,41,16,0,0,11,3886.3,72.5,336.0,0,False,False,none,none,0,1,,,5563874,0xa887132e,560,1328,300289,0,0,0,0,0,0
2026-09-23 20:29:53,5586,,7,5595910,0,1118,562,0,0,41,flash,281,2296,4,0,1457637,1172,41,16,0,0,11,3895.7,72.7,336.0,0,False,False,none,none,0,1,,,5593875,0xa887132e,560,1328,301923,0,0,0,0,0,0
2026-09-23 20:30:23,5616,,7,5625905,0,1124,565,0,0,41,flash,238,2310,4,0,1465807,1174,41,16,0,0,11,3888.2,72.6,336.0,0,False,False,none,none,0,1,,,5623876,0xa887132e,560,1328,303459,0,0,0,0,0,0
2026-09-23 20:30:53,5646,,7,5655879,0,1130,568,0,0,41,flash,231,2323,4,0,1472854,1176,41,16,0,0,11,3887.2,72.5,336.0,0,False,False,none,none,0,1,,,5653853,0xa887132e,560,1328,305132,0,0,0,0,0,0
2026-09-23 20:31:23,5676,,7,5685867,0,1136,571,0,0,41,flash,292,2338,4,0,1480415,1178,41,16,0,0,11,3892.0,72.6,336.0,0,False,False,none,none,0,1,,,5683842,0xa887132e,560,1328,306771,0,0,0,0,0,0
2026-09-23 20:31:53,5706,,7,5715854,0,1142,574,0,0,41,flash,220,2350,4,0,1488155,1180,41,16,0,0,11,3901.9,72.8,336.0,0,False,False,none,none,0,1,,,5713824,0xa887132e,560,1328,308499,0,0,0,0,0,0
2026-09-23 20:32:23,5736,,7,5745844,0,1148,577,0,0,41,flash,252,2363,4,0,1495428,1182,41,16,0,0,11,3887.5,72.5,336.0,0,False,False,none,none,0,1,,,5743823,0xa887132e,560,1328,310119,0,0,0,0,0,0
2026-09-23 20:32:53,5766,,7,5775832,0,1154,580,0,0,41,flash,301,2370,4,0,1503641,1184,41,16,0,0,11,3894.9,72.7,336.0,0,False,False,none,none,0,1,,,5773802,0xa887132e,560,1328,311691,0,0,0,0,0,0
2026-09-23 20:33:23,5796,,7,5805828,0,1160,583,0,0,41,flash,234,2384,4,0,1511886,1186,41,16,0,0,11,3886.9,72.5,336.0,0,False,False,none,none,0,1,,,5803801,0xa887132e,560,1328,313255,0,0,0,0,0,0
2026-09-23 20:33:53,5826,,7,5835801,0,1166,586,0,0,41,flash,234,2400,4,0,1518930,1188,41,16,0,0,11,3886.5,72.5,336.0,0,False,False,none,none,0,1,,,5833780,0xa887132e,560,1328,314979,0,0,0,0,0,0
2026-09-23 20:34:23,5856,,7,5865804,0,1172,589,0,0,41,flash,304,2412,4,0,1526514,1190,41,16,0,0,11,3893.9,72.6,336.0,0,False,False,none,none,0,1,,,5863776,0xa887132e,560,1328,316635,0,0,0,0,0,0
2026-09-23 20:34:53,5886,,7,5895782,0,1178,592,0,0,41,flash,232,2425,4,0,1534393,1192,41,16,0,0,11,3900.4,72.7,336.0,0,False,False,none,none,0,1,,,5893756,0xa887132e,560,1328,318253,0,0,0,0,0,0
2026-09-23 20:35:23,5916,,7,5925776,0,1184,595,0,0,41,flash,259,2439,4,0,1541778,1194,41,16,0,0,11,3887.5,72.5,336.0,0,False,False,none,none,0,1,,,5923753,0xa887132e,560,1328,319888,0,0,0,0,0,0
2026-09-23 20:35:53,5946,,7,5955759,0,1190,598,0,0,41,flash,275,2447,4,0,1550054,1196,41,16,0,1,11,3898.0,72.7,336.0,0,False,False,none,none,0,1,,,5953731,0xa887132e,560,1328,321566,0,0,0,0,0,0
2026-09-23 20:36:23,5976,,7,5985738,0,1196,601,0,0,41,flash,235,2457,4,0,1558256,1198,41,16,0,1,11,3889.1,72.6,336.0,0,False,False,none,none,0,1,,,5983710,0xa887132e,560,1328,323138,0,0,0,0,0,0
2026-09-23 20:36:53,6006,,7,6015733,0,1202,604,0,0,41,flash,238,2475,4,0,1565317,1200,41,16,0,1,11,3888.1,72.5,336.0,0,False,False,none,none,0,1,,,6013706,0xa887132e,560,1328,324809,0,0,0,0,0,0
2026-09-23 20:37:23,6036,,7,6045718,0,1208,607,0,0,41,flash,318,2488,4,0,1572960,1202,41,16,0,1,11,3896.0,72.7,336.0,0,False,False,none,none,0,1,,,6043691,0xa887132e,560,1328,326379,0,0,0,0,0,0
2026-09-23 20:37:53,6066,,7,6075693,0,1214,610,0,0,41,flash,215,2501,5,0,1580824,1204,41,16,0,1,12,3898.8,72.7,336.0,0,False,False,none,none,0,1,,,6073671,0xa887132e,560,1328,328084,0,0,0,0,0,0
2026-09-23 20:38:23,6096,,7,6105687,0,1220,613,0,0,41,flash,255,2515,5,0,1588172,1206,41,16,0,1,12,3888.0,72.5,336.0,0,False,False,none,none,0,1,,,6103663,0xa887132e,560,1328,329698,0,0,0,0,0,0
2026-09-23 20:38:53,6126,,7,6135672,0,1226,616,0,0,41,flash,281,2522,5,0,1596411,1208,41,16,0,1,12,3895.3,72.7,336.0,0,False,False,none,none,0,1,,,6133653,0xa887132e,560,1328,331397,0,0,0,0,0,0
2026-09-23 20:39:23,6156,,7,6165671,0,1232,619,0,0,41,flash,233,2531,5,0,1604524,1210,41,16,0,1,12,3888.1,72.5,336.0,0,False,False,none,none,0,1,,,6163643,0xa887132e,560,1328,333062,0,0,0,0,0,0
2026-09-23 20:39:53,6186,,7,6195660,0,1238,622,0,0,41,flash,225,2546,5,0,1611627,1212,41,16,0,1,12,3887.6,72.5,336.0,0,False,False,none,none,0,1,,,6193633,0xa887132e,560,1328,334670,0,0,0,0,0,0
2026-09-23 20:40:23,6216,,7,6225651,0,1244,625,0,0,41,flash,293,2561,5,0,1619182,1214,41,16,0,1,12,3894.5,72.7,336.0,0,False,False,none,none,0,1,,,6223626,0xa887132e,560,1328,336298,0,0,0,0,0,0
2026-09-23 20:40:53,6246,,7,6255651,0,1250,628,0,0,41,flash,223,2571,5,0,1626972,1216,41,16,0,1,12,3899.6,72.7,336.0,0,False,False,none,none,0,1,,,6253617,0xa887132e,560,1328,337994,0,0,0,0,0,0
2026-09-23 20:41:24,6276,,7,6285645,0,1256,631,0,0,41,flash,252,2587,5,0,1634222,1218,41,16,0,1,12,3888.4,72.5,336.0,0,False,False,none,none,0,1,,,6283621,0xa887132e,560,1328,339641,0,0,0,0,0,0
2026-09-23 20:41:54,6306,,7,6315642,0,1262,634,0,0,41,flash,286,2593,5,0,1642612,1220,41,16,0,1,12,3896.5,72.7,336.0,0,False,False,none,none,0,1,,,6313618,0xa887132e,560,1328,341300,0,0,0,0,0,0
2026-09-23 20:42:24,6336,,7,6345634,0,1268,637,0,0,41,flash,244,2603,5,0,1650927,1222,41,16,0,1,12,3886.6,72.5,336.0,0,False,False,none,none,0,1,,,6343609,0xa887132e,560,1328,342960,0,0,0,0,0,0
2026-09-23 20:42:54,6366,,7,6375626,0,1274,640,0,0,41,flash,234,2619,5,0,1658109,1224,41,16,0,1,12,3889.0,72.5,336.0,0,False,False,none,none,0,1,,,6373597,0xa887132e,560,1328,344595,0,0,0,0,0,0
2026-09-23 20:43:24,6396,,7,6405609,0,1280,643,0,0,41,flash,309,2633,5,0,1665834,1226,41,16,0,1,12,3893.5,72.6,336.0,0,False,False,none,none,0,1,,,6403584,0xa887132e,560,1328,346116,0,0,0,0,0,0
2026-09-23 20:43:54,6426,,7,6435606,0,1286,646,0,0,41,flash,229,2641,5,0,1673751,1228,41,16,0,1,12,3898.6,72.7,336.0,0,False,False,none,none,0,1,,,6433579,0xa887132e,560,1328,347780,0,0,0,0,0,0
2026-09-23 20:44:24,6456,,7,6465609,0,1292,649,0,0,41,flash,248,2650,5,0,1681172,1230,41,16,0,1,12,3888.2,72.5,336.0,0,False,False,none,none,0,1,,,6463587,0xa887132e,560,1328,349433,0,0,0,0,0,0
2026-09-23 20:44:54,6486,,7,6495605,0,1298,652,0,0,41,flash,291,2657,5,0,1689520,1232,41,16,0,1,12,3897.9,72.7,336.0,0,False,False,none,none,0,1,,,6493577,0xa887132e,560,1328,351059,0,0,0,0,0,0
2026-09-23 20:45:24,6516,,7,6525642,0,1304,655,0,0,41,flash,245,2667,5,0,1697797,1234,41,16,0,1,12,3888.6,72.5,336.0,0,False,False,none,none,0,1,,,6523597,0xa887132e,560,1328,352610,0,0,0,0,0,0
2026-09-23 20:45:54,6546,,7,6555588,0,1310,658,0,0,41,flash,228,2678,5,0,1704853,1236,41,16,0,1,12,3888.5,72.5,336.0,0,False,False,none,none,0,1,,,6553565,0xa887132e,560,1328,354316,0,0,0,0,0,0
2026-09-23 20:46:24,6576,,7,6585582,0,1316,661,0,0,41,flash,311,2693,5,0,1712576,1238,41,16,0,1,12,3893.5,72.6,336.0,0,False,False,none,none,0,1,,,6583555,0xa887132e,560,1328,355914,0,0,0,0,0,0
2026-09-23 20:46:54,6606,,7,6615566,0,1322,664,0,0,41,flash,224,2707,5,0,1720494,1240,41,16,0,1,12,3900.9,72.7,336.0,0,False,False,none,none,0,1,,,6613541,0xa887132e,560,1328,357561,0,0,0,0,0,0
2026-09-23 20:47:24,6636,,7,6645551,0,1328,667,0,0,41,flash,257,2724,5,0,1727913,1242,41,16,0,1,12,3887.5,72.5,336.0,0,False,False,none,none,0,1,,,6643526,0xa887132e,560,1328,359144,0,0,0,0,0,0
2026-09-23 20:47:54,6666,,7,6675557,0,1334,670,0,0,41,flash,288,2737,5,0,1736220,1244,41,16,0,1,12,3896.6,72.7,336.0,0,False,False,none,none,0,1,,,6673529,0xa887132e,560,1328,360781,0,0,0,0,0,0
2026-09-23 20:48:24,6696,,7,6705537,0,1340,673,0,0,41,flash,240,2746,5,0,1744445,1246,41,16,0,1,12,3888.1,72.5,336.0,0,False,False,none,none,0,1,,,6703509,0xa887132e,560,1328,362389,0,0,0,0,0,0
2026-09-23 20:48:54,6726,,7,6735526,0,1346,676,0,0,41,flash,221,2761,5,0,1751607,1248,41,16,0,1,12,3889.6,72.6,336.0,0,False,False,none,none,0,1,,,6733491,0xa887132e,560,1328,363918,0,0,0,0,0,0
2026-09-23 20:49:24,6756,,7,6765512,0,1352,679,0,0,41,flash,295,2778,5,0,1759224,1250,41,16,0,1,12,3892.5,72.6,336.0,0,False,False,none,none,0,1,,,6763487,0xa887132e,560,1328,365534,0,0,0,0,0,0
2026-09-23 20:49:54,6786,,7,6795525,0,1358,682,0,0,41,flash,224,2793,5,0,1767065,1252,41,16,0,1,12,3900.6,72.7,336.0,0,False,False,none,none,0,1,,,6793489,0xa887132e,560,1328,367212,0,0,0,0,0,0
2026-09-23 20:50:24,6816,,7,6825518,0,1364,685,0,0,41,flash,250,2805,5,0,1774407,1254,41,16,0,1,12,3886.5,72.5,336.0,0,False,False,none,none,0,1,,,6823487,0xa887132e,560,1328,368830,0,0,0,0,0,0
2026-09-23 20:50:54,6846,,7,6855516,0,1370,688,0,0,41,flash,283,2814,5,0,1782801,1256,41,16,0,1,12,3896.4,72.7,336.0,0,False,False,none,none,0,1,,,6853490,0xa887132e,560,1328,370448,0,0,0,0,0,0
2026-09-23 20:51:24,6876,,7,6885505,0,1376,691,0,0,41,flash,243,2826,5,0,1791070,1258,41,16,0,1,12,3887.7,72.5,336.0,0,False,False,none,none,0,1,,,6883476,0xa887132e,560,1328,372003,0,0,0,0,0,0
2026-09-23 20:51:54,6906,,7,6915494,0,1382,694,0,0,41,flash,234,2840,5,0,1798244,1260,41,16,0,1,12,3889.1,72.6,336.0,0,False,False,none,none,0,1,,,6913466,0xa887132e,560,1328,373548,0,0,0,0,0,0
2026-09-23 20:52:24,6936,,7,6945483,0,1388,697,0,0,41,flash,300,2855,5,0,1805864,1262,41,16,0,1,12,3895.0,72.7,336.0,0,False,False,none,none,0,1,,,6943453,0xa887132e,560,1328,375143,0,0,0,0,0,0
2026-09-23 20:52:54,6966,,7,6975481,0,1394,700,0,0,41,flash,222,2862,5,0,1813789,1264,41,16,0,1,12,3899.6,72.7,336.0,0,False,False,none,none,0,1,,,6973452,0xa887132e,560,1328,376755,0,0,0,0,0,0
2026-09-23 20:53:24,6996,,7,7005490,0,1400,703,0,0,41,flash,260,2875,5,0,1821169,1266,41,16,0,1,12,3887.5,72.5,336.0,0,False,False,none,none,0,1,,,7003450,0xa887132e,560,1328,378332,0,0,0,0,0,0
2026-09-23 20:53:54,7026,,7,7035471,0,1406,706,0,0,41,flash,289,2879,5,0,1829461,1268,41,16,0,1,12,3897.4,72.7,336.0,0,False,False,none,none,0,1,,,7033445,0xa887132e,560,1328,379957,0,0,0,0,0,0
2026-09-23 20:54:24,7056,,7,7065463,0,1412,709,0,0,41,flash,238,2887,5,0,1837609,1270,41,16,0,1,12,3890.0,72.6,336.0,0,False,False,none,none,0,1,,,7063432,0xa887132e,560,1328,381589,0,0,0,0,0,0
2026-09-23 20:54:54,7086,,7,7095460,0,1418,712,0,0,41,flash,238,2901,5,0,1844704,1272,41,16,0,1,12,3889.9,72.6,336.0,0,False,False,none,none,0,1,,,7093432,0xa887132e,560,1328,383243,0,0,0,0,0,0
2026-09-23 20:55:24,7116,,7,7125456,0,1424,715,0,0,41,flash,305,2913,5,0,1852335,1274,41,16,0,1,12,3893.0,72.6,336.0,0,False,False,none,none,0,1,,,7123426,0xa887132e,560,1328,384887,0,0,0,0,0,0
2026-09-23 20:55:54,7146,,7,7155458,0,1430,718,0,0,41,flash,228,2923,5,0,1860202,1276,41,16,0,1,12,3900.6,72.7,336.0,0,False,False,none,none,0,1,,,7153430,0xa887132e,560,1328,386508,0,0,0,0,0,0
2026-09-23 20:56:24,7176,,7,7185447,0,1436,721,0,0,41,flash,252,2934,5,0,1867540,1278,41,16,0,1,12,3887.8,72.5,336.0,0,False,False,none,none,0,1,,,7183423,0xa887132e,560,1328,388121,0,0,0,0,0,0
2026-09-23 20:56:54,7207,,7,7215431,0,1442,724,0,0,41,flash,290,2941,5,0,1875739,1280,41,16,0,1,12,3895.6,72.7,336.0,0,False,False,none,none,0,1,,,7213404,0xa887132e,560,1328,389822,0,0,0,0,0,0
2026-09-23 20:57:24,7237,,7,7245446,0,1448,727,0,0,41,flash,229,2951,5,0,1883956,1282,41,16,0,1,12,3886.1,72.5,336.0,0,False,False,none,none,0,1,,,7243414,0xa887132e,560,1328,391382,0,0,0,0,0,0
2026-09-23 20:57:54,7267,,7,7275422,0,1454,730,0,0,41,flash,226,2964,5,0,1891025,1284,41,16,0,1,12,3887.3,72.5,336.0,0,False,False,none,none,0,1,,,7273388,0xa887132e,560,1328,392969,0,0,0,0,0,0
2026-09-23 20:58:24,7297,,7,7305410,0,1460,733,0,0,41,flash,296,2978,5,0,1898636,1286,41,16,0,1,12,3893.8,72.6,336.0,0,False,False,none,none,0,1,,,7303383,0xa887132e,560,1328,394484,0,0,0,0,0,0
2026-09-23 20:58:54,7327,,7,7335396,0,1466,736,0,0,41,flash,227,2988,5,0,1906433,1288,41,16,0,1,12,3900.4,72.7,336.0,0,False,False,none,none,0,1,,,7333372,0xa887132e,560,1328,396046,0,0,0,0,0,0
2026-09-23 20:59:24,7357,,7,7365388,0,1472,739,0,0,42,flash,269,2997,6,0,1913891,1290,42,16,0,1,12,3886.6,72.5,336.0,0,False,False,none,none,0,1,,,7363354,0xa887132e,560,1328,397510,0,0,0,0,0,0
2026-09-23 20:59:54,7387,,7,7395367,0,1478,742,0,0,42,flash,286,3002,6,0,1922225,1292,42,16,0,1,12,3896.9,72.7,336.0,0,False,False,none,none,0,1,,,7393343,0xa887132e,560,1328,399206,0,0,0,0,0,0
2026-09-23 21:00:24,7417,,7,7425362,0,1484,745,0,0,42,flash,239,3011,6,0,1930442,1294,42,16,0,1,12,3889.2,72.6,336.0,0,False,False,none,none,0,1,,,7423331,0xa887132e,560,1328,400884,0,0,0,0,0,0
2026-09-23 21:00:54,7447,,7,7455343,0,1490,748,0,0,42,flash,234,3027,6,0,1937547,1296,42,16,0,1,12,3889.9,72.5,336.0,0,False,False,none,none,0,1,,,7453320,0xa887132e,560,1328,402562,0,0,0,0,0,0
2026-09-23 21:01:24,7477,,7,7485373,0,1496,751,0,0,42,flash,308,3042,6,0,1945209,1298,42,16,0,1,12,3895.4,72.7,336.0,0,False,False,none,none,0,1,,,7483317,0xa887132e,560,1328,404140,0,0,0,0,0,0
2026-09-23 21:01:54,7507,,7,7515330,0,1502,754,0,0,42,flash,229,3052,6,0,1953115,1300,42,16,0,1,12,3900.0,72.7,336.0,0,False,False,none,none,0,1,,,7513299,0xa887132e,560,1328,405753,0,0,0,0,0,0
2026-09-23 21:02:24,7537,,7,7545318,0,1508,757,0,0,42,flash,259,3068,6,0,1960483,1302,42,16,0,1,12,3886.6,72.5,336.0,0,False,False,none,none,0,1,,,7543294,0xa887132e,560,1328,407317,0,0,0,0,0,0
2026-09-23 21:02:54,7567,,7,7575316,0,1514,760,0,0,42,flash,291,3074,6,0,1968755,1304,42,16,0,1,12,3896.5,72.7,336.0,0,False,False,none,none,0,1,,,7573291,0xa887132e,560,1328,408946,0,0,0,0,0,0
2026-09-23 21:03:24,7597,,7,7605304,0,1520,763,0,0,42,flash,242,3090,6,0,1976927,1306,42,16,0,1,12,3889.1,72.5,336.0,0,False,False,none,none,0,1,,,7603276,0xa887132e,560,1328,410472,0,0,0,0,0,0
2026-09-23 21:03:54,7627,,7,7635298,0,1526,766,0,0,42,flash,231,3102,6,0,1984049,1308,42,16,0,1,12,3887.1,72.5,336.0,0,False,False,none,none,0,1,,,7633264,0xa887132e,560,1328,412169,0,0,0,0,0,0
2026-09-23 21:04:24,7657,,7,7665286,0,1532,769,0,0,42,flash,301,3114,6,0,1991646,1310,42,16,0,1,12,3892.0,72.6,336.0,0,False,False,none,none,0,1,,,7663257,0xa887132e,560,1328,413821,0,0,0,0,0,0
2026-09-23 21:04:54,7687,,7,7695288,0,1538,772,0,0,42,flash,229,3125,6,0,1999517,1312,42,16,0,1,12,3900.1,72.7,336.0,0,False,False,none,none,0,1,,,7693257,0xa887132e,560,1328,415464,0,0,0,0,0,0
2026-09-23 21:05:24,7717,,7,7725266,0,1544,775,0,0,42,flash,243,3133,6,0,2006845,1314,42,16,0,1,12,3888.6,72.5,336.0,0,False,False,none,none,0,1,,,7723241,0xa887132e,560,1328,417046,0,0,0,0,0,0
2026-09-23 21:05:54,7747,,7,7755259,0,1550,778,0,0,42,flash,281,3143,6,0,2015113,1316,42,16,0,1,12,3895.5,72.7,336.0,0,False,False,none,none,0,1,,,7753233,0xa887132e,560,1328,418694,0,0,0,0,0,0
2026-09-23 21:06:24,7777,,7,7785241,0,1556,781,0,0,42,flash,224,3155,6,0,2023263,1318,42,16,0,1,12,3889.5,72.6,336.0,0,False,False,none,none,0,1,,,7783218,0xa887132e,560,1328,420332,0,0,0,0,0,0
2026-09-23 21:06:54,7807,,7,7815232,0,1562,784,0,0,42,flash,230,3165,6,0,2030315,1320,42,16,0,1,12,3889.6,72.5,336.0,0,False,False,none,none,0,1,,,7813206,0xa887132e,560,1328,421979,0,0,0,0,0,0
2026-09-23 21:07:24,7837,,7,7845237,0,1568,787,0,0,42,flash,303,3181,6,0,2037911,1322,42,16,0,1,12,3892.2,72.6,336.0,0,False,False,none,none,0,1,,,7843203,0xa887132e,560,1328,423470,0,0,0,0,0,0
2026-09-23 21:07:54,7867,,7,7875221,0,1574,790,0,0,42,flash,227,3193,6,0,2045724,1324,42,16,0,1,12,3899.4,72.7,336.0,0,False,False,none,none,0,1,,,7873192,0xa887132e,560,1328,425060,0,0,0,0,0,0
2026-09-23 21:08:24,7897,,7,7905217,0,1580,793,0,0,42,flash,256,3206,6,0,2053127,1326,42,16,0,1,12,3888.4,72.5,336.0,0,False,False,none,none,0,1,,,7903185,0xa887132e,560,1328,426622,0,0,0,0,0,0
2026-09-23 21:08:54,7927,,7,7935198,0,1586,796,0,0,42,flash,293,3212,6,0,2061392,1328,42,16,0,1,12,3896.6,72.7,336.0,0,False,False,none,none,0,1,,,7933169,0xa887132e,560,1328,428285,0,0,0,0,0,0
2026-09-23 21:09:24,7957,,7,7965179,0,1592,799,0,0,42,flash,233,3222,6,0,2069599,1330,42,16,0,1,12,3888.1,72.5,336.0,0,False,False,none,none,0,1,,,7963152,0xa887132e,560,1328,429854,0,0,0,0,0,0
2026-09-23 21:09:54,7987,,7,7995174,0,1598,802,0,0,42,flash,236,3238,6,0,2076649,1332,42,16,0,1,12,3889.1,72.5,336.0,0,False,False,none,none,0,1,,,7993144,0xa887132e,560,1328,431516,0,0,0,0,0,0
2026-09-23 21:10:24,8017,,7,8025152,0,1604,805,0,0,42,flash,297,3254,6,0,2084265,1334,42,16,0,1,12,3894.0,72.6,336.0,0,False,False,none,none,0,1,,,8023125,0xa887132e,560,1328,433095,0,0,0,0,0,0
2026-09-23 21:10:54,8047,,7,8055142,0,1610,808,0,0,42,flash,232,3265,6,0,2092069,1336,42,16,0,1,12,3900.0,72.7,336.0,0,False,False,none,none,0,1,,,8053112,0xa887132e,560,1328,434773,0,0,0,0,0,0
2026-09-23 21:11:24,8077,,7,8085117,0,1616,811,0,0,42,flash,261,3280,6,0,2099386,1338,42,16,0,1,12,3888.5,72.6,336.0,0,False,False,none,none,0,1,,,8083091,0xa887132e,560,1328,436326,0,0,0,0,0,0
2026-09-23 21:11:54,8107,,7,8115119,0,1622,814,0,0,42,flash,283,3286,6,0,2107578,1340,42,16,0,1,12,3895.3,72.7,336.0,0,False,False,none,none,0,1,,,8113087,0xa887132e,560,1328,437956,0,0,0,0,0,0
2026-09-23 21:12:24,8137,,7,8145112,0,1628,817,0,0,42,flash,235,3296,6,0,2115723,1342,42,16,0,1,12,3889.1,72.6,336.0,0,False,False,none,none,0,1,,,8143085,0xa887132e,560,1328,439553,0,0,0,0,0,0
2026-09-23 21:12:54,8167,,7,8175113,0,1634,820,0,0,42,flash,233,3306,6,0,2122792,1344,42,16,0,1,12,3887.3,72.5,336.0,0,False,False,none,none,0,1,,,8173093,0xa887132e,560,1328,441244,0,0,0,0,0,0
2026-09-23 21:13:24,8197,,7,8205105,0,1640,823,0,0,42,flash,305,3321,6,0,2130363,1346,42,16,0,1,12,3894.0,72.6,336.0,0,False,False,none,none,0,1,,,8203080,0xa887132e,560,1328,442849,0,0,0,0,0,0
2026-09-23 21:13:54,8227,,7,8235096,0,1646,826,0,0,42,flash,226,3333,6,0,2138147,1348,42,16,0,1,12,3900.0,72.7,336.0,0,False,False,none,none,0,1,,,8233069,0xa887132e,560,1328,444519,0,0,0,0,0,0
2026-09-23 21:14:24,8257,,7,8265082,0,1652,829,0,0,42,flash,253,3346,6,0,2145436,1350,42,16,0,1,12,3888.6,72.6,336.0,0,False,False,none,none,0,1,,,8263058,0xa887132e,560,1328,446068,0,0,0,0,0,0
2026-09-23 21:14:54,8287,,7,8295067,0,1658,832,0,0,42,flash,279,3354,6,0,2153634,1352,42,16,0,1,12,3894.4,72.6,336.0,0,False,False,none,none,0,1,,,8293043,0xa887132e,560,1328,447735,0,0,0,0,0,0
2026-09-23 21:15:24,8317,,7,8325060,0,1664,836,0,0,42,flash,229,3367,6,0,2161685,1354,42,16,0,1,12,3888.0,72.5,336.0,0,False,False,none,none,0,1,,,8323035,0xa887132e,560,1328,449397,0,0,0,0,0,0
2026-09-23 21:15:54,8347,,7,8355053,0,1670,839,0,0,42,flash,226,3381,6,0,2168690,1356,42,16,0,1,12,3889.1,72.5,336.0,0,False,False,none,none,0,1,,,8353022,0xa887132e,560,1328,451076,0,0,0,0,0,0
2026-09-23 21:16:24,8377,,7,8385045,0,1676,842,0,0,42,flash,288,3395,6,0,2176183,1358,42,16,0,1,12,3893.0,72.7,336.0,0,False,False,none,none,0,1,,,8383017,0xa887132e,560,1328,452631,0,0,0,0,0,0
2026-09-23 21:16:54,8407,,7,8415032,0,1682,845,0,0,42,flash,233,3405,6,0,2184018,1360,42,16,0,1,12,3899.8,72.7,336.0,0,False,False,none,none,0,1,,,8413010,0xa887132e,560,1328,454335,0,0,0,0,0,0
2026-09-23 21:17:24,8437,,7,8445050,0,1688,848,0,0,42,flash,262,3420,6,0,2191459,1362,42,16,0,1,12,3886.6,72.5,336.0,0,False,False,none,none,0,1,,,8443027,0xa887132e,560,1328,455884,0,0,0,0,0,0
2026-09-23 21:17:54,8467,,7,8475053,0,1694,851,0,0,42,flash,285,3426,6,0,2199789,1364,42,16,0,1,12,3894.8,72.6,336.0,0,False,False,none,none,0,1,,,8473029,0xa887132e,560,1328,457543,0,0,0,0,0,0
2026-09-23 21:18:24,8497,,7,8505062,0,1700,854,0,0,42,flash,235,3435,6,0,2208012,1366,42,16,0,1,12,3887.0,72.5,336.0,0,False,False,none,none,0,1,,,8503035,0xa887132e,560,1328,459140,0,0,0,0,0,0
2026-09-23 21:18:54,8527,,7,8535051,0,1706,857,0,0,42,flash,238,3446,6,0,2215155,1368,42,16,0,1,12,3888.1,72.5,336.0,0,False,False,none,none,0,1,,,8533021,0xa887132e,560,1328,460705,0,0,0,0,0,0
2026-09-23 21:19:24,8557,,7,8565053,0,1712,860,0,0,42,flash,307,3460,6,0,2222818,1370,42,16,0,1,12,3894.0,72.6,336.0,0,False,False,none,none,0,1,,,8563021,0xa887132e,560,1328,462267,0,0,0,0,0,0
2026-09-23 21:19:54,8587,,7,8595046,0,1718,863,0,0,42,flash,225,3472,6,0,2230688,1372,42,16,0,1,12,3901.4,72.7,336.0,0,False,False,none,none,0,1,,,8593018,0xa887132e,560,1328,463864,0,0,0,0,0,0
2026-09-23 21:20:24,8617,,7,8625032,0,1724,865,0,0,42,flash,249,3491,7,0,2238005,1374,42,16,0,1,12,3887.2,72.5,336.0,0,False,False,none,none,0,1,,,8623000,0xa887132e,560,1328,465482,0,0,0,0,0,0
2026-09-23 21:20:54,8647,,7,8655016,0,1729,868,0,0,42,flash,298,3500,7,0,2246208,1376,42,16,0,1,12,3896.1,72.7,336.0,0,False,False,none,none,0,1,,,8652989,0xa887132e,560,1328,467155,0,0,0,0,0,0
2026-09-23 21:21:24,8677,,7,8685011,0,1735,871,0,0,42,flash,238,3510,7,0,2254478,1378,42,16,0,1,12,3888.2,72.5,336.0,0,False,False,none,none,0,1,,,8682983,0xa887132e,560,1328,468715,0,0,0,0,0,0
2026-09-23 21:21:54,8707,,7,8715005,0,1741,874,0,0,42,flash,236,3524,7,0,2261570,1380,42,16,0,1,12,3886.5,72.5,336.0,0,False,False,none,none,0,1,,,8712977,0xa887132e,560,1328,470381,0,0,0,0,0,0
2026-09-23 21:22:24,8737,,7,8745016,0,1747,877,0,0,42,flash,304,3535,7,0,2269179,1382,42,16,0,1,12,3896.0,72.7,336.0,0,False,False,none,none,0,1,,,8742986,0xa887132e,560,1328,471988,0,0,0,0,0,0
2026-09-23 21:22:54,8767,,7,8775006,0,1753,880,0,0,42,flash,224,3547,7,0,2277014,1384,42,16,0,1,12,3901.5,72.7,336.0,0,False,False,none,none,0,1,,,8772977,0xa887132e,560,1328,473593,0,0,0,0,0,0
2026-09-23 21:23:24,8797,,7,8804999,0,1759,883,0,0,42,flash,258,3560,7,0,2284350,1386,42,16,0,1,12,3888.3,72.5,336.0,0,False,False,none,none,0,1,,,8802977,0xa887132e,560,1328,475210,0,0,0,0,0,0
2026-09-23 21:23:54,8827,,7,8835013,0,1765,886,0,0,42,flash,294,3565,7,0,2292640,1388,42,16,0,1,12,3895.6,72.7,336.0,0,False,False,none,none,0,1,,,8832984,0xa887132e,560,1328,476743,0,0,0,0,0,0
2026-09-23 21:24:24,8857,,7,8865001,0,1771,889,0,0,42,flash,226,3579,7,0,2300765,1390,42,16,0,1,12,3887.2,72.5,336.0,0,False,False,none,none,0,1,,,8862972,0xa887132e,560,1328,478357,0,0,0,0,0,0
2026-09-23 21:24:54,8887,,7,8895003,0,1777,892,0,0,42,flash,222,3594,7,0,2307834,1392,42,16,0,1,12,3887.6,72.5,336.0,0,False,False,none,none,0,1,,,8892971,0xa887132e,560,1328,479915,0,0,0,0,0,0
2026-09-23 21:25:24,8917,,7,8924991,0,1783,895,0,0,42,flash,307,3605,7,0,2315404,1394,42,16,0,1,12,3894.2,72.7,336.0,0,False,False,none,none,0,1,,,8922966,0xa887132e,560,1328,481536,0,0,0,0,0,0
2026-09-23 21:25:54,8947,,7,8954993,0,1789,898,0,0,42,flash,218,3617,7,0,2323282,1396,42,16,0,1,12,3899.9,72.7,336.0,0,False,False,none,none,0,1,,,8952965,0xa887132e,560,1328,483218,0,0,0,0,0,0
2026-09-23 21:26:24,8977,,7,8984990,0,1795,902,0,0,42,flash,253,3627,7,0,2330627,1398,42,16,0,1,12,3885.6,72.5,336.0,0,False,False,none,none,0,1,,,8982961,0xa887132e,560,1328,484823,0,0,0,0,0,0
2026-09-23 21:26:54,9007,,7,9014973,0,1801,905,0,0,42,flash,300,3637,7,0,2338865,1400,42,16,0,1,12,3895.8,72.7,336.0,0,False,False,none,none,0,1,,,9012952,0xa887132e,560,1328,486517,0,0,0,0,0,0
2026-09-23 21:27:24,9037,,7,9045022,0,1807,909,0,0,42,flash,230,3648,7,0,2347013,1402,42,16,0,1,12,3886.6,72.5,336.0,0,False,False,none,none,0,1,,,9042968,0xa887132e,560,1328,488115,0,0,0,0,0,0
2026-09-23 21:27:54,9067,,7,9074977,0,1813,912,0,0,42,flash,228,3658,7,0,2354107,1404,42,16,0,1,12,3890.9,72.6,336.0,0,False,False,none,none,0,1,,,9072948,0xa887132e,560,1328,489751,0,0,0,0,0,0
2026-09-23 21:28:24,9097,,7,9104959,0,1819,915,0,0,42,flash,295,3674,7,0,2361634,1406,42,16,0,1,12,3893.2,72.6,336.0,0,False,False,none,none,0,1,,,9102930,0xa887132e,560,1328,491435,0,0,0,0,0,0
2026-09-23 21:28:54,9127,,7,9134946,0,1825,918,0,0,42,flash,219,3686,7,0,2369425,1408,42,16,0,1,12,3900.1,72.7,336.0,0,False,False,none,none,0,1,,,9132918,0xa887132e,560,1328,493111,0,0,0,0,0,0
2026-09-23 21:29:24,9157,,7,9164936,0,1831,921,0,0,42,flash,249,3700,7,0,2376664,1410,42,16,0,1,12,3887.2,72.5,336.0,0,False,False,none,none,0,1,,,9162910,0xa887132e,560,1328,494783,0,0,0,0,0,0
2026-09-23 21:29:54,9187,,7,9194922,0,1837,924,0,0,42,flash,295,3704,7,0,2384881,1412,42,16,0,1,12,3894.5,72.7,336.0,0,False,False,none,none,0,1,,,9192897,0xa887132e,560,1328,496466,0,0,0,0,0,0
2026-09-23 21:30:24,9217,,7,9224921,0,1843,927,0,0,42,flash,229,3715,7,0,2393019,1414,42,16,0,1,12,3890.0,72.6,336.0,0,False,False,none,none,0,1,,,9222892,0xa887132e,560,1328,498131,0,0,0,0,0,0
2026-09-23 21:30:54,9247,,7,9254919,0,1849,930,0,0,42,flash,242,3726,7,0,2400063,1416,42,16,0,1,12,3888.1,72.5,336.0,0,False,False,none,none,0,1,,,9252892,0xa887132e,560,1328,499792,0,0,0,0,0,0
2026-09-23 21:31:24,9277,,7,9284909,0,1855,933,0,0,42,flash,307,3743,7,0,2407565,1418,42,16,0,1,12,3894.4,72.7,336.0,0,False,False,none,none,0,1,,,9282876,0xa887132e,560,1328,501484,0,0,0,0,0,0
2026-09-23 21:31:54,9307,,7,9314937,0,1861,936,0,0,42,flash,229,3753,7,0,2415302,1420,42,16,0,1,12,3899.3,72.7,336.0,0,False,False,none,none,0,1,,,9312899,0xa887132e,560,1328,503183,0,0,0,0,0,0
2026-09-23 21:32:24,9337,,7,9344881,0,1867,939,0,0,42,flash,249,3767,7,0,2422567,1422,42,16,0,1,12,3887.5,72.5,336.0,0,False,False,none,none,0,1,,,9342844,0xa887132e,560,1328,504817,0,0,0,0,0,0
2026-09-23 21:32:54,9367,,7,9374892,0,1873,942,0,0,42,flash,276,3777,7,0,2430710,1424,42,16,0,1,12,3895.3,72.7,336.0,0,False,False,none,none,0,1,,,9372855,0xa887132e,560,1328,506491,0,0,0,0,0,0
2026-09-23 21:33:24,9397,,7,9404856,0,1879,945,0,0,42,flash,240,3791,7,0,2438829,1426,42,16,0,1,12,3887.0,72.5,336.0,0,False,False,none,none,0,1,,,9402830,0xa887132e,560,1328,508015,0,0,0,0,0,0
2026-09-23 21:33:54,9427,,7,9434895,0,1885,948,0,0,42,flash,224,3805,7,0,2445761,1428,42,16,0,1,12,3886.3,72.5,336.0,0,False,False,none,none,0,1,,,9432858,0xa887132e,560,1328,509786,0,0,0,0,0,0
2026-09-23 21:34:24,9457,,7,9464851,0,1891,951,0,0,42,flash,303,3818,7,0,2453410,1430,42,16,0,1,12,3893.4,72.6,336.0,0,False,False,none,none,0,1,,,9462824,0xa887132e,560,1328,511346,0,0,0,0,0,0
2026-09-23 21:34:54,9487,,7,9494872,0,1897,954,0,0,42,flash,221,3827,7,0,2461305,1432,42,16,0,1,12,3900.5,72.7,336.0,0,False,False,none,none,0,1,,,9492838,0xa887132e,560,1328,512978,0,0,0,0,0,0
2026-09-23 21:35:24,9517,,7,9524839,0,1903,957,0,0,42,flash,261,3842,7,0,2468674,1434,42,16,0,1,12,3888.1,72.5,336.0,0,False,False,none,none,0,1,,,9522815,0xa887132e,560,1328,514516,0,0,0,0,0,0
2026-09-23 21:35:54,9547,,7,9554840,0,1909,960,0,0,42,flash,281,3847,7,0,2476933,1436,42,16,0,1,12,3894.6,72.6,336.0,0,False,False,none,none,0,1,,,9552814,0xa887132e,560,1328,516108,0,0,0,0,0,0
2026-09-23 21:36:24,9577,,7,9584821,0,1915,963,0,0,42,flash,242,3859,7,0,2485078,1438,42,16,0,1,12,3887.6,72.5,336.0,0,False,False,none,none,0,1,,,9582792,0xa887132e,560,1328,517739,0,0,0,0,0,0
2026-09-23 21:36:54,9607,,7,9614813,0,1921,966,0,0,42,flash,234,3870,7,0,2492164,1440,42,16,0,1,12,3889.5,72.6,336.0,0,False,False,none,none,0,1,,,9612787,0xa887132e,560,1328,519359,0,0,0,0,0,0
2026-09-23 21:37:24,9637,,7,9644803,0,1927,969,0,0,42,flash,307,3885,7,0,2499682,1442,42,16,0,1,12,3894.5,72.7,336.0,0,False,False,none,none,0,1,,,9642775,0xa887132e,560,1328,521054,0,0,0,0,0,0
2026-09-23 21:37:55,9667,,7,9674826,0,1933,972,0,0,42,flash,230,3897,7,0,2507486,1444,42,16,0,1,12,3900.2,72.7,336.0,0,False,False,none,none,0,1,,,9672796,0xa887132e,560,1328,522705,0,0,0,0,0,0
2026-09-23 21:38:24,9697,,7,9704789,0,1939,975,0,0,42,flash,252,3916,7,0,2514748,1446,42,16,0,1,12,3887.0,72.5,336.0,0,False,False,none,none,0,1,,,9702767,0xa887132e,560,1328,524270,0,0,0,0,0,0
2026-09-23 21:38:55,9727,,7,9734794,0,1945,978,0,0,42,flash,273,3925,7,0,2523009,1448,42,16,0,1,12,3895.9,72.7,336.0,0,False,False,none,none,0,1,,,9732768,0xa887132e,560,1328,525920,0,0,0,0,0,0
2026-09-23 21:39:25,9757,,7,9764816,0,1951,981,0,0,42,flash,227,3937,7,0,2531138,1450,42,16,0,1,12,3887.5,72.5,336.0,0,False,False,none,none,0,1,,,9762785,0xa887132e,560,1328,527586,0,0,0,0,0,0
2026-09-23 21:39:55,9787,,7,9794775,0,1957,984,0,0,42,flash,238,3949,7,0,2538195,1452,42,16,0,1,12,3889.4,72.5,336.0,0,False,False,none,none,0,1,,,9792749,0xa887132e,560,1328,529207,0,0,0,0,0,0
2026-09-23 21:40:25,9817,,7,9824761,0,1963,987,0,0,42,flash,296,3962,7,0,2545750,1454,42,16,0,1,12,3893.1,72.7,336.0,0,False,False,none,none,0,1,,,9822734,0xa887132e,560,1328,530697,0,0,0,0,0,0
2026-09-23 21:40:55,9847,,7,9854742,0,1969,990,0,0,42,flash,224,3971,7,0,2553538,1456,42,16,0,1,12,3898.9,72.7,336.0,0,False,False,none,none,0,1,,,9852714,0xa887132e,560,1328,532348,0,0,0,0,0,0
2026-09-23 21:41:25,9877,,7,9884745,0,1975,993,0,0,42,flash,260,3987,7,0,2560830,1458,42,16,0,1,12,3887.1,72.5,336.0,0,False,False,none,none,0,1,,,9882713,0xa887132e,560,1328,533891,0,0,0,0,0,0
2026-09-23 21:41:55,9907,,7,9914731,0,1981,996,0,0,42,flash,282,3996,8,0,2569017,1460,42,16,0,1,12,3896.4,72.7,336.0,0,False,False,none,none,0,1,,,9912705,0xa887132e,560,1328,535434,0,0,0,0,0,0
2026-09-23 21:42:25,9937,,7,9944723,0,1987,999,0,0,42,flash,237,4004,8,0,2577117,1462,42,16,0,1,12,3889.1,72.6,336.0,0,False,False,none,none,0,1,,,9942691,0xa887132e,560,1328,536951,0,0,0,0,0,0
2026-09-23 21:42:55,9967,,7,9974740,0,1993,1002,0,0,42,flash,231,4017,8,0,2584169,1464,42,16,0,1,12,3889.1,72.6,336.0,0,False,False,none,none,0,1,,,9972711,0xa887132e,560,1328,538506,0,0,0,0,0,0
2026-09-23 21:43:25,9997,,7,10004722,0,1999,1005,0,0,42,flash,300,4028,8,0,2591793,1466,42,16,0,1,12,3892.5,72.6,336.0,0,False,False,none,none,0,1,,,10002692,0xa887132e,560,1328,540005,0,0,0,0,0,0
2026-09-23 21:43:55,10027,,7,10034689,0,2005,1008,0,0,42,flash,217,4039,8,0,2599596,1468,42,16,0,1,12,3899.3,72.7,336.0,0,False,False,none,none,0,1,,,10032662,0xa887132e,560,1328,541661,0,0,0,0,0,0
2026-09-23 21:44:25,10057,,7,10064658,0,2011,1011,0,0,42,flash,260,4054,8,0,2606916,1470,42,16,0,1,12,3887.5,72.5,336.0,0,False,False,none,none,0,1,,,10062632,0xa887132e,560,1328,543174,0,0,0,0,0,0
2026-09-23 21:44:55,10087,,7,10094691,0,2017,1014,0,0,42,flash,279,4062,8,0,2615061,1472,42,16,0,1,12,3896.6,72.7,336.0,0,False,False,none,none,0,1,,,10092657,0xa887132e,560,1328,544831,0,0,0,0,0,0
2026-09-23 21:45:25,10117,,7,10124682,0,2023,1017,0,0,42,flash,226,4076,8,0,2623212,1474,42,16,0,1,12,3888.6,72.5,336.0,0,False,False,none,none,0,1,,,10122651,0xa887132e,560,1328,546450,0,0,0,0,0,0
2026-09-23 21:45:55,10147,,7,10154679,0,2029,1020,0,0,42,flash,237,4088,8,0,2630213,1476,42,16,0,1,12,3888.3,72.5,336.0,0,False,False,none,none,0,1,,,10152651,0xa887132e,560,1328,548135,0,0,0,0,0,0
2026-09-23 21:46:25,10177,,7,10184650,0,2035,1023,0,0,42,flash,296,4101,8,0,2637705,1478,42,16,0,1,12,3894.8,72.7,336.0,0,False,False,none,none,0,1,,,10182623,0xa887132e,560,1328,549736,0,0,0,0,0,0
2026-09-23 21:46:55,10207,,7,10214644,0,2041,1026,0,0,42,flash,216,4113,8,0,2645408,1480,42,16,0,1,12,3899.6,72.7,336.0,0,False,False,none,none,0,1,,,10212611,0xa887132e,560,1328,551435,0,0,0,0,0,0
2026-09-23 21:47:25,10237,,7,10244624,0,2047,1029,0,0,42,flash,268,4134,8,0,2652657,1482,42,16,0,1,12,3886.9,72.5,336.0,0,False,False,none,none,0,1,,,10242602,0xa887132e,560,1328,553092,0,0,0,0,0,0
2026-09-23 21:47:55,10267,,7,10274636,0,2053,1032,0,0,42,flash,283,4140,8,0,2660818,1484,42,16,0,1,12,3896.8,72.7,336.0,0,False,False,none,none,0,1,,,10272614,0xa887132e,560,1328,554785,0,0,0,0,0,0
2026-09-23 21:48:25,10297,,7,10304635,0,2059,1035,0,0,42,flash,237,4152,8,0,2668886,1486,42,16,0,1,12,3887.9,72.5,336.0,0,False,False,none,none,0,1,,,10302610,0xa887132e,560,1328,556425,0,0,0,0,0,0
2026-09-23 21:48:55,10327,,7,10334649,0,2065,1038,0,0,42,flash,228,4165,8,0,2675916,1488,42,16,0,1,12,3890.4,72.6,336.0,0,False,False,none,none,0,1,,,10332625,0xa887132e,560,1328,557992,0,0,0,0,0,0
2026-09-23 21:49:25,10357,,7,10364622,0,2071,1041,0,0,42,flash,304,4178,8,0,2683410,1490,42,16,0,1,12,3891.5,72.6,336.0,0,False,False,none,none,0,1,,,10362590,0xa887132e,560,1328,559522,0,0,0,0,0,0
2026-09-23 21:49:55,10387,,7,10394619,0,2077,1044,0,0,42,flash,225,4190,8,0,2691183,1492,42,16,0,1,12,3898.8,72.7,336.0,0,False,False,none,none,0,1,,,10392592,0xa887132e,560,1328,561108,0,0,0,0,0,0
2026-09-23 21:50:25,10417,,7,10424623,0,2083,1047,0,0,42,flash,259,4205,8,0,2698393,1494,42,16,0,1,12,3887.1,72.5,336.0,0,False,False,none,none,0,1,,,10422593,0xa887132e,560,1328,562718,0,0,0,0,0,0
2026-09-23 21:50:55,10447,,7,10454603,0,2089,1050,0,0,42,flash,278,4212,8,0,2706483,1496,42,16,0,1,12,3895.8,72.7,336.0,0,False,False,none,none,0,1,,,10452578,0xa887132e,560,1328,564349,0,0,0,0,0,0
2026-09-23 21:51:25,10477,,7,10484582,0,2095,1053,0,0,42,flash,230,4221,8,0,2714499,1498,42,16,0,1,12,3889.6,72.6,336.0,0,False,False,none,none,0,1,,,10482555,0xa887132e,560,1328,565885,0,0,0,0,0,0
2026-09-23 21:51:55,10507,,7,10514588,0,2101,1056,0,0,42,flash,233,4235,8,0,2721608,1500,42,16,0,1,12,3888.9,72.5,336.0,0,False,False,none,none,0,1,,,10512566,0xa887132e,560,1328,567563,0,0,0,0,0,0
2026-09-23 21:52:25,10537,,7,10544561,0,2107,1060,0,0,42,flash,297,4251,8,0,2729206,1502,42,16,0,1,12,3895.4,72.7,336.0,0,False,False,none,none,0,1,,,10542536,0xa887132e,560,1328,569180,0,0,0,0,0,0
2026-09-23 21:52:55,10567,,7,10574564,0,2113,1062,0,0,42,flash,226,4265,8,0,2737067,1504,42,16,0,1,12,3899.1,72.7,336.0,0,False,False,none,none,0,1,,,10572537,0xa887132e,560,1328,570849,0,0,0,0,0,0
2026-09-23 21:53:25,10597,,7,10604561,0,2119,1065,0,0,42,flash,252,4283,8,0,2744370,1506,42,16,0,1,12,3886.0,72.5,336.0,0,False,False,none,none,0,1,,,10602535,0xa887132e,560,1328,572486,0,0,0,0,0,0
2026-09-23 21:53:55,10627,,7,10634577,0,2125,1068,0,0,42,flash,282,4295,8,0,2752582,1508,42,16,0,1,12,3895.5,72.7,336.0,0,False,False,none,none,0,1,,,10632549,0xa887132e,560,1328,574220,0,0,0,0,0,0
2026-09-23 21:54:25,10657,,7,10664554,0,2131,1071,0,0,42,flash,231,4309,8,0,2760781,1510,42,16,0,1,12,3889.4,72.6,336.0,0,False,False,none,none,0,1,,,10662530,0xa887132e,560,1328,575778,0,0,0,0,0,0
2026-09-23 21:54:55,10687,,7,10694557,0,2137,1074,0,0,42,flash,229,4324,8,0,2767837,1512,42,16,0,1,12,3890.2,72.6,336.0,0,False,False,none,none,0,1,,,10692531,0xa887132e,560,1328,577404,0,0,0,0,0,0
2026-09-23 21:55:25,10717,,7,10724535,0,2143,1077,0,0,42,flash,300,4336,8,0,2775404,1514,42,16,0,1,12,3894.6,72.7,336.0,0,False,False,none,none,0,1,,,10722507,0xa887132e,560,1328,578931,0,0,0,0,0,0
2026-09-23 21:55:55,10747,,7,10754553,0,2149,1080,0,0,42,flash,235,4345,8,0,2783214,1516,42,16,0,1,12,3898.5,72.7,336.0,0,False,False,none,none,0,1,,,10752524,0xa887132e,560,1328,580488,0,0,0,0,0,0
2026-09-23 21:56:25,10777,,7,10784536,0,2155,1083,0,0,42,flash,256,4362,8,0,2790564,1518,42,16,0,1,12,3887.5,72.5,336.0,0,False,False,none,none,0,1,,,10782509,0xa887132e,560,1328,582040,0,0,0,0,0,0
2026-09-23 21:56:55,10807,,7,10814517,0,2161,1086,0,0,42,flash,272,4372,8,0,2798748,1520,42,16,0,1,12,3896.0,72.7,336.0,0,False,False,none,none,0,1,,,10812491,0xa887132e,560,1328,583731,0,0,0,0,0,0
2026-09-23 21:57:25,10837,,7,10844509,0,2167,1089,0,0,42,flash,240,4384,8,0,2806914,1522,42,16,0,1,12,3889.1,72.6,336.0,0,False,False,none,none,0,1,,,10842471,0xa887132e,560,1328,585290,0,0,0,0,0,0
2026-09-23 21:57:55,10867,,7,10874489,0,2173,1093,0,0,42,flash,234,4395,8,0,2813908,1524,42,16,0,1,12,3888.8,72.6,336.0,0,False,False,none,none,0,1,,,10872459,0xa887132e,560,1328,586977,0,0,0,0,0,0
2026-09-23 21:58:25,10897,,7,10904489,0,2179,1096,0,0,42,flash,298,4409,8,0,2821451,1526,42,16,0,1,12,3893.7,72.6,336.0,0,False,False,none,none,0,1,,,10902456,0xa887132e,560,1328,588583,0,0,0,0,0,0
2026-09-23 21:58:55,10927,,7,10934491,0,2185,1099,0,0,42,flash,233,4419,8,0,2829212,1528,42,16,0,1,12,3900.2,72.7,336.0,0,False,False,none,none,0,1,,,10932455,0xa887132e,560,1328,590275,0,0,0,0,0,0
2026-09-23 21:59:25,10958,,7,10964487,0,2191,1102,0,0,42,flash,253,4434,8,0,2836439,1530,42,16,0,1,12,3887.7,72.5,336.0,0,False,False,none,none,0,1,,,10962446,0xa887132e,560,1328,591929,0,0,0,0,0,0
2026-09-23 21:59:55,10988,,7,10994481,0,2197,1105,0,0,42,flash,277,4442,8,0,2844577,1532,42,16,0,1,12,3898.1,72.7,336.0,0,False,False,none,none,0,1,,,10992445,0xa887132e,560,1328,593545,0,0,0,0,0,0
2026-09-23 22:00:25,11018,,7,11024456,0,2203,1108,0,0,42,flash,235,4452,8,0,2852650,1534,42,16,0,1,12,3890.5,72.6,336.0,0,False,False,none,none,0,1,,,11022425,0xa887132e,560,1328,595172,0,0,0,0,0,0
2026-09-23 22:00:55,11048,,7,11054451,0,2209,1111,0,0,42,flash,234,4465,8,0,2859714,1536,42,16,0,1,12,3888.4,72.5,336.0,0,False,False,none,none,0,1,,,11052416,0xa887132e,560,1328,596851,0,0,0,0,0,0
2026-09-23 22:01:25,11078,,7,11084420,0,2215,1114,0,0,42,flash,301,4482,8,0,2867240,1538,42,16,0,1,12,3894.9,72.7,336.0,0,False,False,none,none,0,1,,,11082394,0xa887132e,560,1328,598520,0,0,0,0,0,0
2026-09-23 22:01:55,11108,,7,11114425,0,2221,1117,0,0,42,flash,225,4493,8,0,2875056,1540,42,16,0,1,12,3899.3,72.7,336.0,0,False,False,none,none,0,1,,,11112386,0xa887132e,560,1328,600170,0,0,0,0,0,0
2026-09-23 22:02:25,11138,,7,11144393,0,2227,1120,0,0,42,flash,252,4509,8,0,2882296,1542,42,16,0,1,12,3887.3,72.5,336.0,0,False,False,none,none,0,1,,,11142357,0xa887132e,560,1328,601781,0,0,0,0,0,0
2026-09-23 22:02:55,11168,,7,11174378,0,2233,1123,0,0,42,flash,278,4520,9,0,2890505,1544,42,16,0,1,12,3896.9,72.7,336.0,0,False,False,none,none,0,1,,,11172339,0xa887132e,560,1328,603390,0,0,0,0,0,0
2026-09-23 22:03:25,11198,,7,11204382,0,2239,1126,0,0,42,flash,234,4536,9,0,2898593,1546,42,16,0,1,12,3891.0,72.6,336.0,0,False,False,none,none,0,1,,,11202350,0xa887132e,560,1328,605024,0,0,0,0,0,0
2026-09-23 22:03:55,11228,,7,11234354,0,2245,1129,0,0,42,flash,231,4551,9,0,2905584,1548,42,16,0,1,12,3889.0,72.5,336.0,0,False,False,none,none,0,1,,,11232325,0xa887132e,560,1328,606709,0,0,0,0,0,0
2026-09-23 22:04:25,11258,,7,11264343,0,2251,1132,0,0,42,flash,294,4565,9,0,2913069,1550,42,16,0,1,12,3892.4,72.6,336.0,0,False,False,none,none,0,1,,,11262320,0xa887132e,560,1328,608243,0,0,0,0,0,0
2026-09-23 22:04:55,11288,,7,11294331,0,2257,1135,0,0,42,flash,226,4575,9,0,2920824,1552,42,16,0,1,12,3900.9,72.7,336.0,0,False,False,none,none,0,1,,,11292305,0xa887132e,560,1328,609913,0,0,0,0,0,0
2026-09-23 22:05:25,11318,,7,11324305,0,2263,1138,0,0,42,flash,252,4585,9,0,2928091,1554,42,16,0,1,12,3887.9,72.5,336.0,0,False,False,none,none,0,1,,,11322284,0xa887132e,560,1328,611503,0,0,0,0,0,0
2026-09-23 22:05:55,11348,,7,11354301,0,2269,1141,0,0,42,flash,279,4593,9,0,2936256,1556,42,16,0,1,12,3896.5,72.7,336.0,0,False,False,none,none,0,1,,,11352270,0xa887132e,560,1328,613122,0,0,0,0,0,0
2026-09-23 22:06:25,11378,,7,11384298,0,2275,1144,0,0,42,flash,231,4604,9,0,2944323,1558,42,16,0,1,12,3887.6,72.5,336.0,0,False,False,none,none,0,1,,,11382263,0xa887132e,560,1328,614724,0,0,0,0,0,0
2026-09-23 22:06:55,11408,,7,11414273,0,2281,1147,0,0,42,flash,233,4618,9,0,2951309,1560,42,16,0,1,12,3887.0,72.5,336.0,0,False,False,none,none,0,1,,,11412244,0xa887132e,560,1328,616332,0,0,0,0,0,0
2026-09-23 22:07:25,11438,,7,11444267,0,2287,1150,0,0,42,flash,308,4629,9,0,2958816,1562,42,16,0,1,12,3894.9,72.7,336.0,0,False,False,none,none,0,1,,,11442244,0xa887132e,560,1328,617878,0,0,0,0,0,0
2026-09-23 22:07:55,11468,,7,11474258,0,2293,1153,0,0,42,flash,231,4642,9,0,2966496,1564,42,16,0,1,12,3900.0,72.7,336.0,0,False,False,none,none,0,1,,,11472230,0xa887132e,560,1328,619572,0,0,0,0,0,0
2026-09-23 22:08:25,11498,,7,11504245,0,2299,1156,0,0,42,flash,240,4663,9,0,2973723,1566,42,16,0,1,12,3887.6,72.5,336.0,0,False,False,none,none,0,1,,,11502220,0xa887132e,560,1328,621092,0,0,0,0,0,0
2026-09-23 22:08:55,11528,,7,11534238,0,2305,1159,0,0,42,flash,275,4671,9,0,2981774,1568,42,16,0,1,12,3896.6,72.7,336.0,0,False,False,none,none,0,1,,,11532210,0xa887132e,560,1328,622708,0,0,0,0,0,0
2026-09-23 22:09:25,11558,,7,11564222,0,2311,1162,0,0,42,flash,246,4678,9,0,2989938,1570,42,16,0,1,12,3889.8,72.6,336.0,0,False,False,none,none,0,1,,,11562197,0xa887132e,560,1328,624363,0,0,0,0,0,0
2026-09-23 22:09:55,11588,,7,11594220,0,2317,1165,0,0,42,flash,231,4689,9,0,2997028,1572,42,16,0,1,12,3887.3,72.5,336.0,0,False,False,none,none,0,1,,,11592198,0xa887132e,560,1328,625928,0,0,0,0,0,0
2026-09-23 22:10:25,11618,,7,11624211,0,2323,1168,0,0,42,flash,283,4703,9,0,3004534,1574,42,16,0,1,12,3891.9,72.6,336.0,0,False,False,none,none,0,1,,,11622184,0xa887132e,560,1328,627619,0,0,0,0,0,0
2026-09-23 22:10:55,11648,,7,11654210,0,2329,1171,0,0,42,flash,217,4714,9,0,3012278,1576,42,16,0,1,12,3900.3,72.7,336.0,0,False,False,none,none,0,1,,,11652187,0xa887132e,560,1328,629367,0,0,0,0,0,0
2026-09-23 22:11:25,11678,,7,11684203,0,2335,1174,0,0,42,flash,248,4730,9,0,3019573,1578,42,16,0,1,12,3888.2,72.5,336.0,0,False,False,none,none,0,1,,,11682178,0xa887132e,560,1328,630907,0,0,0,0,0,0
2026-09-23 22:11:55,11708,,7,11714192,0,2341,1177,0,0,42,flash,276,4735,9,0,3027805,1580,42,16,0,1,12,3896.3,72.7,336.0,0,False,False,none,none,0,1,,,11712171,0xa887132e,560,1328,632449,0,0,0,0,0,0
2026-09-23 22:12:25,11738,,7,11744201,0,2347,1180,0,0,42,flash,227,4745,9,0,3035905,1582,42,16,0,1,12,3887.2,72.5,336.0,0,False,False,none,none,0,1,,,11742172,0xa887132e,560,1328,634107,0,0,0,0,0,0
2026-09-23 22:12:55,11768,,7,11774204,0,2353,1183,0,0,42,flash,239,4757,9,0,3042919,1584,42,16,0,1,12,3887.5,72.5,336.0,0,False,False,none,none,0,1,,,11772166,0xa887132e,560,1328,635841,0,0,0,0,0,0
2026-09-23 22:13:25,11798,,7,11804183,0,2359,1185,0,0,42,flash,311,4767,9,0,3050442,1586,42,16,0,1,12,3893.7,72.6,336.0,0,False,False,none,none,0,1,,,11802153,0xa887132e,560,1328,637464,0,0,0,0,0,0
2026-09-23 22:13:55,11828,,7,11834186,0,2365,1189,0,0,42,flash,225,4776,9,0,3058347,1588,42,16,0,1,12,3900.2,72.7,336.0,0,False,False,none,none,0,1,,,11832155,0xa887132e,560,1328,639087,0,0,0,0,0,0
2026-09-23 22:14:25,11858,,7,11864165,0,2371,1192,0,0,42,flash,257,4788,9,0,3065662,1590,42,16,0,1,12,3887.2,72.5,336.0,0,False,False,none,none,0,1,,,11862134,0xa887132e,560,1328,640662,0,0,0,0,0,0
2026-09-23 22:14:55,11888,,7,11894158,0,2377,1194,0,0,42,flash,293,4796,9,0,3073906,1592,42,16,0,1,12,3897.0,72.7,336.0,0,False,False,none,none,0,1,,,11892128,0xa887132e,560,1328,642287,0,0,0,0,0,0
2026-09-23 22:15:25,11918,,7,11924144,0,2383,1197,0,0,42,flash,234,4805,9,0,3082004,1594,42,16,0,1,12,3890.5,72.6,336.0,0,False,False,none,none,0,1,,,11922114,0xa887132e,560,1328,643927,0,0,0,0,0,0
2026-09-23 22:15:55,11948,,7,11954135,0,2389,1200,0,0,42,flash,226,4817,9,0,3089028,1596,42,16,0,1,12,3888.2,72.5,336.0,0,False,False,none,none,0,1,,,11952103,0xa887132e,560,1328,645646,0,0,0,0,0,0
2026-09-23 22:16:25,11978,,7,11984117,0,2395,1203,0,0,42,flash,309,4830,9,0,3096580,1598,42,16,0,1,12,3892.8,72.6,336.0,0,False,False,none,none,0,1,,,11982091,0xa887132e,560,1328,647166,0,0,0,0,0,0
2026-09-23 22:16:55,12008,,7,12014101,0,2401,1206,0,0,42,flash,230,4840,9,0,3104342,1600,42,16,0,1,12,3899.1,72.7,336.0,0,False,False,none,none,0,1,,,12012073,0xa887132e,560,1328,648854,0,0,0,0,0,0
2026-09-23 22:17:25,12038,,7,12044093,0,2407,1209,0,0,42,flash,243,4849,9,0,3111596,1602,42,16,0,1,12,3888.2,72.5,336.0,0,False,False,none,none,0,1,,,12042063,0xa887132e,560,1328,650413,0,0,0,0,0,0
2026-09-23 22:17:55,12068,,7,12074087,0,2413,1212,0,0,42,flash,290,4854,9,0,3119762,1604,42,16,0,1,12,3895.2,72.7,336.0,0,False,False,none,none,0,1,,,12072055,0xa887132e,560,1328,652117,0,0,0,0,0,0
2026-09-23 22:18:25,12098,,7,12104077,0,2419,1215,0,0,42,flash,236,4862,9,0,3128010,1606,42,16,0,1,12,3888.1,72.6,336.0,0,False,False,none,none,0,1,,,12102047,0xa887132e,560,1328,653627,0,0,0,0,0,0
2026-09-23 22:18:55,12128,,7,12134067,0,2425,1218,0,0,42,flash,227,4876,9,0,3135031,1608,42,16,0,1,12,3888.1,72.5,336.0,0,False,False,none,none,0,1,,,12132031,0xa887132e,560,1328,655360,0,0,0,0,0,0
2026-09-23 22:19:25,12158,,7,12164051,0,2431,1221,0,0,42,flash,287,4892,9,0,3142554,1610,42,16,0,1,12,3895.1,72.7,336.0,0,False,False,none,none,0,1,,,12162022,0xa887132e,560,1328,657009,0,0,0,0,0,0
2026-09-23 22:19:55,12188,,7,12194047,0,2437,1224,0,0,42,flash,222,4902,9,0,3150357,1612,42,16,0,1,12,3901.6,72.8,336.0,0,False,False,none,none,0,1,,,12192015,0xa887132e,560,1328,658628,0,0,0,0,0,0
2026-09-23 22:20:25,12218,,7,12224052,0,2443,1227,0,0,42,flash,251,4914,9,0,3157648,1614,42,16,0,1,12,3885.4,72.5,336.0,0,False,False,none,none,0,1,,,12222022,0xa887132e,560,1328,660261,0,0,0,0,0,0
2026-09-23 22:20:55,12248,,7,12254059,0,2449,1230,0,0,42,flash,270,4922,9,0,3165817,1616,42,16,0,1,12,3898.2,72.7,336.0,0,False,False,none,none,0,1,,,12252026,0xa887132e,560,1328,661925,0,0,0,0,0,0
2026-09-23 22:21:25,12278,,7,12284027,0,2455,1233,0,0,42,flash,232,4936,9,0,3173939,1618,42,16,0,1,12,3890.2,72.5,336.0,0,False,False,none,none,0,1,,,12281998,0xa887132e,560,1328,663499,0,0,0,0,0,0
2026-09-23 22:21:55,12308,,7,12314037,0,2461,1236,0,0,42,flash,236,4946,9,0,3180904,1620,42,16,0,1,12,3888.5,72.5,336.0,0,False,False,none,none,0,1,,,12311994,0xa887132e,560,1328,665201,0,0,0,0,0,0
2026-09-23 22:22:25,12338,,7,12344025,0,2467,1239,0,0,42,flash,305,4962,9,0,3188444,1622,42,16,0,1,12,3896.2,72.7,336.0,0,False,False,none,none,0,1,,,12341991,0xa887132e,560,1328,666781,0,0,0,0,0,0
2026-09-23 22:22:55,12368,,7,12374006,0,2473,1242,0,0,42,flash,219,4972,9,0,3196240,1624,42,16,0,1,12,3902.5,72.8,336.0,0,False,False,none,none,0,1,,,12371978,0xa887132e,560,1328,668459,0,0,0,0,0,0
2026-09-23 22:23:25,12398,,7,12403987,0,2479,1245,0,0,42,flash,257,4987,9,0,3203501,1626,42,16,0,1,12,3887.1,72.5,336.0,0,False,False,none,none,0,1,,,12401961,0xa887132e,560,1328,670058,0,0,0,0,0,0
2026-09-23 22:23:55,12428,,7,12434003,0,2485,1248,0,0,42,flash,275,4995,9,0,3211633,1628,42,16,0,1,12,3894.8,72.7,336.0,0,False,False,none,none,0,1,,,12431965,0xa887132e,560,1328,671736,0,0,0,0,0,0
2026-09-23 22:24:25,12458,,7,12463982,0,2491,1251,0,0,42,flash,235,5005,10,0,3219706,1630,42,16,0,1,12,3887.9,72.5,336.0,0,False,False,none,none,0,1,,,12461949,0xa887132e,560,1328,673299,0,0,0,0,0,0
2026-09-23 22:24:55,12488,,7,12493962,0,2497,1254,0,0,42,flash,227,5018,10,0,3226706,1632,42,16,0,1,12,3887.0,72.5,336.0,0,False,False,none,none,0,1,,,12491924,0xa887132e,560,1328,674953,0,0,0,0,0,0
2026-09-23 22:25:25,12518,,7,12523978,0,2503,1257,0,0,42,flash,300,5032,10,0,3234164,1634,42,16,0,1,12,3895.8,72.7,336.0,0,False,False,none,none,0,1,,,12521944,0xa887132e,560,1328,676552,0,0,0,0,0,0
2026-09-23 22:25:55,12548,,7,12553955,0,2509,1260,0,0,42,flash,221,5043,10,0,3241867,1636,42,16,0,1,12,3901.3,72.8,336.0,0,False,False,none,none,0,1,,,12551918,0xa887132e,560,1328,678252,0,0,0,0,0,0
2026-09-23 22:26:25,12578,,7,12583942,0,2515,1263,0,0,42,flash,243,5056,10,0,3249035,1638,42,16,0,1,12,3886.9,72.5,336.0,0,False,False,none,none,0,1,,,12581901,0xa887132e,560,1328,679855,0,0,0,0,0,0
2026-09-23 22:26:55,12608,,7,12613913,0,2521,1266,0,0,42,flash,282,5064,10,0,3257378,1640,42,16,0,1,12,3895.5,72.7,336.0,0,False,False,none,none,0,1,,,12611885,0xa887132e,560,1328,681601,0,0,0,0,0,0
2026-09-23 22:27:25,12638,,7,12643911,0,2527,1269,0,0,42,flash,247,5074,10,0,3265720,1642,42,16,0,1,12,3888.8,72.5,336.0,0,False,False,none,none,0,1,,,12641881,0xa887132e,560,1328,683121,0,0,0,0,0,0
2026-09-23 22:27:55,12668,,7,12673914,0,2533,1272,0,0,42,flash,236,5085,10,0,3272906,1644,42,16,0,1,12,3888.3,72.5,336.0,0,False,False,none,none,0,1,,,12671879,0xa887132e,560,1328,684683,0,0,0,0,0,0
2026-09-23 22:28:25,12698,,7,12703913,0,2539,1275,0,0,42,flash,293,5098,10,0,3280499,1646,42,16,0,1,12,3895.1,72.7,336.0,0,False,False,none,none,0,1,,,12701879,0xa887132e,560,1328,686342,0,0,0,0,0,0
2026-09-23 22:28:55,12728,,7,12733888,0,2545,1278,0,0,42,flash,227,5105,10,0,3288430,1648,42,16,0,1,12,3899.3,72.7,336.0,0,False,False,none,none,0,1,,,12731852,0xa887132e,560,1328,687961,0,0,0,0,0,0
2026-09-23 22:29:25,12758,,7,12763887,0,2551,1281,0,0,42,flash,253,5120,10,0,3295801,1650,42,16,0,1,12,3889.1,72.6,336.0,0,False,False,none,none,0,1,,,12761858,0xa887132e,560,1328,689601,0,0,0,0,0,0
2026-09-23 22:29:55,12788,,7,12793867,0,2557,1284,0,0,42,flash,285,5128,10,0,3304042,1652,42,16,0,1,12,3896.0,72.7,336.0,0,False,False,none,none,0,1,,,12791840,0xa887132e,560,1328,691319,0,0,0,0,0,0
2026-09-23 22:30:25,12818,,7,12823886,0,2563,1287,0,0,42,flash,242,5137,10,0,3312260,1654,42,16,0,1,12,3888.3,72.6,336.0,0,False,False,none,none,0,1,,,12821851,0xa887132e,560,1328,692920,0,0,0,0,0,0
2026-09-23 22:30:55,12848,,7,12853879,0,2569,1290,0,0,42,flash,235,5154,10,0,3319347,1656,42,16,0,1,12,3888.1,72.5,336.0,0,False,False,none,none,0,1,,,12851842,0xa887132e,560,1328,694549,0,0,0,0,0,0
2026-09-23 22:31:25,12878,,7,12883859,0,2575,1293,0,0,42,flash,303,5168,10,0,3326973,1658,42,16,0,1,12,3894.7,72.7,336.0,0,False,False,none,none,0,1,,,12881824,0xa887132e,560,1328,696157,0,0,0,0,0,0
2026-09-23 22:31:55,12908,,7,12913848,0,2581,1296,0,0,42,flash,229,5177,10,0,3334886,1660,42,16,0,1,12,3899.3,72.7,336.0,0,False,False,none,none,0,1,,,12911816,0xa887132e,560,1328,697800,0,0,0,0,0,0
2026-09-23 22:32:25,12938,,7,12943842,0,2587,1299,0,0,42,flash,252,5195,10,0,3342247,1662,42,16,0,1,12,3887.7,72.5,336.0,0,False,False,none,none,0,1,,,12941812,0xa887132e,560,1328,699397,0,0,0,0,0,0
2026-09-23 22:32:55,12968,,7,12973844,0,2593,1302,0,0,42,flash,279,5201,10,0,3350524,1664,42,16,0,1,12,3896.7,72.7,336.0,0,False,False,none,none,0,1,,,12971808,0xa887132e,560,1328,700929,0,0,0,0,0,0
2026-09-23 22:33:25,12998,,7,13003827,0,2599,1305,0,0,42,flash,228,5210,10,0,3358760,1666,42,16,0,1,12,3888.5,72.5,336.0,0,False,False,none,none,0,1,,,13001794,0xa887132e,560,1328,702510,0,0,0,0,0,0
2026-09-23 22:33:55,13028,,7,13033812,0,2605,1308,0,0,42,flash,241,5222,10,0,3365826,1668,42,16,0,1,12,3889.3,72.5,336.0,0,False,False,none,none,0,1,,,13031777,0xa887132e,560,1328,704171,0,0,0,0,0,0
2026-09-23 22:34:25,13058,,7,13063807,0,2611,1311,0,0,42,flash,302,5236,10,0,3373385,1670,42,16,0,1,12,3895.9,72.7,336.0,0,False,False,none,none,0,1,,,13061785,0xa887132e,560,1328,705749,0,0,0,0,0,0
2026-09-23 22:34:55,13088,,7,13093801,0,2617,1314,0,0,42,flash,224,5246,10,0,3381232,1672,42,16,0,1,12,3899.5,72.7,336.0,0,False,False,none,none,0,1,,,13091771,0xa887132e,560,1328,707340,0,0,0,0,0,0
2026-09-23 22:35:25,13118,,7,13123790,0,2623,1317,0,0,42,flash,259,5259,10,0,3388597,1674,42,16,0,1,12,3887.5,72.5,336.0,0,False,False,none,none,0,1,,,13121767,0xa887132e,560,1328,708859,0,0,0,0,0,0
2026-09-23 22:35:55,13148,,7,13153786,0,2629,1320,0,0,42,flash,283,5263,10,0,3396931,1676,42,16,0,1,12,3895.5,72.7,336.0,0,False,False,none,none,0,1,,,13151759,0xa887132e,560,1328,710449,0,0,0,0,0,0
2026-09-23 22:36:25,13178,,7,13183757,0,2635,1323,0,0,42,flash,229,5271,10,0,3405160,1678,42,16,0,1,12,3886.5,72.5,336.0,0,False,False,none,none,0,1,,,13181733,0xa887132e,560,1328,712044,0,0,0,0,0,0
2026-09-23 22:36:55,13208,,7,13213745,0,2641,1326,0,0,42,flash,230,5283,10,0,3412254,1680,42,16,0,1,12,3888.4,72.5,336.0,0,False,False,none,none,0,1,,,13211722,0xa887132e,560,1328,713697,0,0,0,0,0,0
2026-09-23 22:37:25,13238,,7,13243737,0,2647,1329,0,0,42,flash,288,5297,10,0,3419802,1682,42,16,0,1,12,3894.4,72.7,336.0,0,False,False,none,none,0,1,,,13241713,0xa887132e,560,1328,715295,0,0,0,0,0,0
2026-09-23 22:37:55,13268,,7,13273733,0,2653,1332,0,0,42,flash,220,5307,10,0,3427717,1684,42,16,0,1,12,3899.6,72.7,336.0,0,False,False,none,none,0,1,,,13271704,0xa887132e,560,1328,716925,0,0,0,0,0,0
2026-09-23 22:38:25,13298,,7,13303732,0,2659,1335,0,0,42,flash,252,5320,10,0,3435033,1686,42,16,0,1,12,3889.1,72.6,336.0,0,False,False,none,none,0,1,,,13301708,0xa887132e,560,1328,718529,0,0,0,0,0,0
2026-09-23 22:38:55,13328,,7,13333713,0,2665,1338,0,0,42,flash,286,5332,10,0,3443266,1688,42,16,0,1,12,3897.0,72.7,336.0,0,False,False,none,none,0,1,,,13331687,0xa887132e,560,1328,720135,0,0,0,0,0,0
2026-09-23 22:39:25,13358,,7,13363713,0,2671,1341,0,0,42,flash,234,5342,10,0,3451397,1690,42,16,0,1,12,3890.0,72.6,336.0,0,False,False,none,none,0,1,,,13361690,0xa887132e,560,1328,721749,0,0,0,0,0,0
2026-09-23 22:39:55,13388,,7,13393707,0,2677,1344,0,0,42,flash,237,5357,10,0,3458469,1692,42,16,0,1,12,3888.5,72.6,336.0,0,False,False,none,none,0,1,,,13391678,0xa887132e,560,1328,723426,0,0,0,0,0,0
2026-09-23 22:40:25,13418,,7,13423687,0,2683,1347,0,0,42,flash,297,5375,10,0,3466026,1694,42,16,0,1,12,3892.6,72.6,336.0,0,False,False,none,none,0,1,,,13421661,0xa887132e,560,1328,725023,0,0,0,0,0,0
2026-09-23 22:40:55,13448,,7,13453678,0,2689,1350,0,0,42,flash,230,5387,10,0,3473876,1696,42,16,0,1,12,3899.0,72.7,336.0,0,False,False,none,none,0,1,,,13451650,0xa887132e,560,1328,726634,0,0,0,0,0,0
2026-09-23 22:41:25,13478,,7,13483642,0,2695,1353,0,0,42,flash,257,5403,10,0,3481171,1698,42,16,0,1,12,3887.8,72.5,336.0,0,False,False,none,none,0,1,,,13481618,0xa887132e,560,1328,728202,0,0,0,0,0,0
2026-09-23 22:41:55,13508,,7,13513659,0,2701,1356,0,0,42,flash,284,5414,10,0,3489330,1700,42,16,0,1,12,3896.4,72.7,336.0,0,False,False,none,none,0,1,,,13511634,0xa887132e,560,1328,729910,0,0,0,0,0,0
2026-09-23 22:42:25,13538,,7,13543635,0,2707,1359,0,0,42,flash,237,5424,10,0,3497440,1702,42,16,0,1,12,3888.1,72.5,336.0,0,False,False,none,none,0,1,,,13541607,0xa887132e,560,1328,731591,0,0,0,0,0,0
2026-09-23 22:42:55,13568,,7,13573629,0,2713,1362,0,0,42,flash,232,5436,10,0,3504453,1704,42,16,0,1,12,3890.0,72.6,336.0,0,False,False,none,none,0,1,,,13571602,0xa887132e,560,1328,733252,0,0,0,0,0,0
2026-09-23 22:43:25,13598,,7,13603608,0,2719,1365,0,0,42,flash,305,5454,10,0,3511924,1706,42,16,0,1,12,3893.9,72.6,336.0,0,False,False,none,none,0,1,,,13601584,0xa887132e,560,1328,734872,0,0,0,0,0,0
2026-09-23 22:43:55,13628,,7,13633599,0,2725,1368,0,0,42,flash,224,5464,10,0,3519636,1708,42,16,0,1,12,3900.8,72.7,336.0,0,False,False,none,none,0,1,,,13631576,0xa887132e,560,1328,736586,0,0,0,0,0,0
2026-09-23 22:44:26,13658,,7,13663581,0,2731,1371,0,0,42,flash,248,5475,10,0,3526988,1710,42,16,0,1,12,3887.9,72.5,336.0,0,False,False,none,none,0,1,,,13661557,0xa887132e,560,1328,738314,0,0,0,0,0,0
2026-09-23 22:44:56,13688,,7,13693562,0,2737,1374,0,0,42,flash,281,5481,10,0,3535301,1712,42,16,0,1,12,3896.6,72.7,336.0,0,False,False,none,none,0,1,,,13691534,0xa887132e,560,1328,739869,0,0,0,0,0,0
2026-09-23 22:45:26,13718,,7,13723562,0,2743,1377,0,0,42,flash,232,5494,11,0,3543569,1714,42,16,0,1,12,3887.7,72.5,336.0,0,False,False,none,none,0,1,,,13721530,0xa887132e,560,1328,741381,0,0,0,0,0,0
2026-09-23 22:45:56,13748,,7,13753552,0,2749,1380,0,0,42,flash,232,5504,11,0,3550652,1716,42,16,0,1,12,3888.9,72.5,336.0,0,False,False,none,none,0,1,,,13751521,0xa887132e,560,1328,743019,0,0,0,0,0,0
2026-09-23 22:46:26,13778,,7,13783533,0,2755,1383,0,0,42,flash,321,5518,11,0,3558206,1718,42,16,0,1,12,3893.1,72.6,336.0,0,False,False,none,none,0,1,,,13781502,0xa887132e,560,1328,744667,0,0,0,0,0,0
2026-09-23 22:46:56,13808,,7,13813509,0,2761,1386,0,0,42,flash,230,5527,11,0,3566036,1720,42,16,0,1,12,3900.6,72.7,336.0,0,False,False,none,none,0,1,,,13811476,0xa887132e,560,1328,746412,0,0,0,0,0,0
2026-09-23 22:47:26,13838,,7,13843504,0,2767,1389,0,0,42,flash,261,5544,11,0,3573330,1722,42,16,0,1,12,3887.6,72.5,336.0,0,False,False,none,none,0,1,,,13841477,0xa887132e,560,1328,748044,0,0,0,0,0,0
2026-09-23 22:47:56,13868,,7,13873476,0,2773,1392,0,0,42,flash,284,5553,11,0,3581477,1724,42,16,0,1,12,3895.5,72.7,336.0,0,False,False,none,none,0,1,,,13871451,0xa887132e,560,1328,749781,0,0,0,0,0,0
2026-09-23 22:48:26,13898,,7,13903464,0,2779,1395,0,0,42,flash,241,5571,11,0,3589647,1726,42,16,0,1,12,3887.1,72.5,336.0,0,False,False,none,none,0,1,,,13901437,0xa887132e,560,1328,751305,0,0,0,0,0,0
2026-09-23 22:48:56,13928,,7,13933458,0,2785,1398,0,0,42,flash,229,5584,11,0,3596723,1728,42,16,0,1,12,3887.1,72.5,336.0,0,False,False,none,none,0,1,,,13931430,0xa887132e,560,1328,753015,0,0,0,0,0,0
2026-09-23 22:49:26,13958,,7,13963459,0,2791,1401,0,0,42,flash,309,5596,11,0,3604277,1730,42,16,0,1,12,3894.8,72.6,336.0,0,False,False,none,none,0,1,,,13961433,0xa887132e,560,1328,754574,0,0,0,0,0,0
2026-09-23 22:49:56,13988,,7,13993452,0,2797,1404,0,0,42,flash,228,5607,11,0,3612132,1732,42,16,0,1,12,3900.2,72.7,336.0,0,False,False,none,none,0,1,,,13991420,0xa887132e,560,1328,756241,0,0,0,0,0,0
2026-09-23 22:50:26,14018,,7,14023439,0,2803,1407,0,0,42,flash,255,5624,11,0,3619421,1734,42,16,0,1,12,3888.1,72.5,336.0,0,False,False,none,none,0,1,,,14021415,0xa887132e,560,1328,757774,0,0,0,0,0,0
2026-09-23 22:50:56,14048,,7,14053444,0,2809,1410,0,0,42,flash,285,5628,11,0,3627652,1736,42,16,0,1,12,3896.5,72.7,336.0,0,False,False,none,none,0,1,,,14051409,0xa887132e,560,1328,759393,0,0,0,0,0,0
2026-09-23 22:51:26,14078,,7,14083416,0,2815,1413,0,0,42,flash,228,5639,11,0,3635777,1738,42,16,0,1,12,3888.5,72.5,336.0,0,False,False,none,none,0,1,,,14081392,0xa887132e,560,1328,761002,0,0,0,0,0,0
2026-09-23 22:51:56,14108,,7,14113399,0,2821,1416,0,0,42,flash,231,5651,11,0,3642785,1740,42,16,0,1,12,3888.4,72.5,336.0,0,False,False,none,none,0,1,,,14111375,0xa887132e,560,1328,762673,0,0,0,0,0,0
2026-09-23 22:52:26,14138,,7,14143386,0,2827,1419,0,0,42,flash,288,5668,11,0,3650287,1742,42,16,0,1,12,3892.6,72.6,336.0,0,False,False,none,none,0,1,,,14141360,0xa887132e,560,1328,764147,0,0,0,0,0,0
2026-09-23 22:52:56,14168,,7,14173386,0,2833,1422,0,0,42,flash,230,5680,11,0,3658078,1744,42,16,0,1,12,3900.5,72.7,336.0,0,False,False,none,none,0,1,,,14171357,0xa887132e,560,1328,765819,0,0,0,0,0,0
2026-09-23 22:53:26,14198,,7,14203363,0,2839,1425,0,0,42,flash,259,5693,11,0,3665421,1746,42,16,0,1,12,3888.9,72.5,336.0,0,False,False,none,none,0,1,,,14201340,0xa887132e,560,1328,767379,0,0,0,0,0,0
2026-09-23 22:53:56,14228,,7,14233364,0,2845,1428,0,0,42,flash,282,5703,11,0,3673629,1748,42,16,0,1,12,3897.8,72.7,336.0,0,False,False,none,none,0,1,,,14231337,0xa887132e,560,1328,769043,0,0,0,0,0,0
2026-09-23 22:54:26,14258,,7,14263348,0,2851,1431,0,0,42,flash,225,5711,11,0,3681801,1750,42,16,0,1,12,3890.8,72.6,336.0,0,False,False,none,none,0,1,,,14261318,0xa887132e,560,1328,770606,0,0,0,0,0,0
2026-09-23 22:54:56,14288,,7,14293338,0,2857,1434,0,0,42,flash,229,5723,11,0,3688795,1752,42,16,0,1,12,3889.3,72.5,336.0,0,False,False,none,none,0,1,,,14291314,0xa887132e,560,1328,772332,0,0,0,0,0,0
2026-09-23 22:55:26,14318,,7,14323346,0,2863,1437,0,0,42,flash,301,5737,11,0,3696319,1754,42,16,0,1,12,3893.9,72.6,336.0,0,False,False,none,none,0,1,,,14321314,0xa887132e,560,1328,773946,0,0,0,0,0,0
2026-09-23 22:55:56,14348,,7,14353330,0,2869,1440,0,0,42,flash,220,5750,11,0,3704129,1756,42,16,0,1,12,3900.2,72.7,336.0,0,False,False,none,none,0,1,,,14351306,0xa887132e,560,1328,775583,0,0,0,0,0,0
2026-09-23 22:56:26,14378,,7,14383333,0,2875,1443,0,0,42,flash,251,5766,11,0,3711380,1758,42,16,0,1,12,3886.8,72.5,336.0,0,False,False,none,none,0,1,,,14381301,0xa887132e,560,1328,777209,0,0,0,0,0,0
2026-09-23 22:56:56,14408,,7,14413320,0,2881,1446,0,0,42,flash,282,5774,11,0,3719462,1760,42,16,0,1,12,3896.1,72.7,336.0,0,False,False,none,none,0,1,,,14411294,0xa887132e,560,1328,778933,0,0,0,0,0,0
2026-09-23 22:57:26,14438,,7,14443303,0,2887,1449,0,0,42,flash,235,5786,11,0,3727616,1762,42,16,0,1,12,3888.8,72.5,336.0,0,False,False,none,none,0,1,,,14441284,0xa887132e,560,1328,780523,0,0,0,0,0,0
2026-09-23 22:57:56,14468,,7,14473295,0,2893,1452,0,0,42,flash,233,5800,11,0,3734651,1764,42,16,0,1,12,3888.4,72.5,336.0,0,False,False,none,none,0,1,,,14471268,0xa887132e,560,1328,782163,0,0,0,0,0,0
2026-09-23 22:58:26,14498,,7,14503279,0,2899,1456,0,0,42,flash,307,5816,11,0,3742154,1766,42,16,0,1,12,3894.4,72.7,336.0,0,False,False,none,none,0,1,,,14501255,0xa887132e,560,1328,783728,0,0,0,0,0,0
2026-09-23 22:58:56,14528,,7,14533270,0,2905,1459,0,0,42,flash,220,5827,11,0,3749893,1768,42,16,0,1,12,3898.0,72.7,336.0,0,False,False,none,none,0,1,,,14531239,0xa887132e,560,1328,785467,0,0,0,0,0,0
2026-09-23 22:59:26,14558,,7,14563240,0,2911,1462,0,0,42,flash,248,5844,11,0,3757144,1770,42,16,0,1,12,3888.2,72.5,336.0,0,False,False,none,none,0,1,,,14561211,0xa887132e,560,1328,787020,0,0,0,0,0,0
2026-09-23 22:59:56,14588,,7,14593236,0,2917,1465,0,0,42,flash,280,5852,11,0,3765316,1772,42,16,0,1,12,3897.4,72.7,336.0,0,False,False,none,none,0,1,,,14591206,0xa887132e,560,1328,788592,0,0,0,0,0,0
2026-09-23 23:00:26,14618,,7,14623222,0,2923,1468,0,0,42,flash,228,5867,11,0,3773424,1774,42,16,0,1,12,3888.6,72.5,336.0,0,False,False,none,none,0,1,,,14621193,0xa887132e,560,1328,790089,0,0,0,0,0,0
2026-09-23 23:00:56,14648,,7,14653230,0,2929,1471,0,0,42,flash,222,5881,11,0,3780421,1776,42,16,0,1,12,3889.2,72.5,336.0,0,False,False,none,none,0,1,,,14651198,0xa887132e,560,1328,791666,0,0,0,0,0,0
2026-09-23 23:01:26,14678,,7,14683209,0,2935,1474,0,0,42,flash,312,5899,11,0,3787814,1778,42,16,0,1,12,3894.0,72.6,336.0,0,False,False,none,none,0,1,,,14681177,0xa887132e,560,1328,793255,0,0,0,0,0,0
2026-09-23 23:01:56,14708,,7,14713201,0,2941,1477,0,0,42,flash,225,5915,11,0,3795821,1780,42,16,0,1,12,3901.8,72.8,336.0,0,False,False,none,none,0,1,,,14711178,0xa887132e,560,1328,794847,0,0,0,0,0,0
2026-09-23 23:02:26,14738,,7,14743181,0,2947,1480,0,0,42,flash,245,5932,11,0,3803182,1782,42,16,0,1,12,3888.4,72.5,336.0,0,False,False,none,none,0,1,,,14741156,0xa887132e,560,1328,796429,0,0,0,0,0,0
2026-09-23 23:02:56,14768,,7,14773174,0,2953,1483,0,0,42,flash,280,5941,11,0,3811441,1784,42,16,0,1,12,3897.0,72.7,336.0,0,False,False,none,none,0,1,,,14771142,0xa887132e,560,1328,798114,0,0,0,0,0,0
2026-09-23 23:03:26,14798,,7,14803156,0,2959,1486,0,0,42,flash,223,5954,11,0,3819592,1786,42,16,0,1,12,3889.0,72.5,336.0,0,False,False,none,none,0,1,,,14801131,0xa887132e,560,1328,799819,0,0,0,0,0,0
2026-09-23 23:03:56,14828,,7,14833159,0,2965,1489,0,0,42,flash,229,5968,11,0,3826696,1788,42,16,0,1,12,3888.1,72.5,336.0,0,False,False,none,none,0,1,,,14831128,0xa887132e,560,1328,801435,0,0,0,0,0,0
2026-09-23 23:04:26,14858,,7,14863149,0,2971,1492,0,0,42,flash,298,5985,11,0,3834252,1790,42,16,0,1,12,3892.6,72.6,336.0,0,False,False,none,none,0,1,,,14861122,0xa887132e,560,1328,803028,0,0,0,0,0,0
2026-09-23 23:04:56,14888,,7,14893135,0,2977,1495,0,0,42,flash,230,6000,11,0,3842154,1792,42,16,0,1,12,3900.5,72.7,336.0,0,False,False,none,none,0,1,,,14891106,0xa887132e,560,1328,804573,0,0,0,0,0,0
2026-09-23 23:05:26,14918,,7,14923144,0,2983,1498,0,0,42,flash,246,6015,11,0,3849432,1794,42,16,0,1,12,3887.1,72.5,336.0,0,False,False,none,none,0,1,,,14921112,0xa887132e,560,1328,806199,0,0,0,0,0,0
2026-09-23 23:05:56,14948,,7,14953105,0,2989,1501,0,0,42,flash,287,6029,11,0,3857589,1796,42,16,0,1,12,3897.4,72.7,336.0,0,False,False,none,none,0,1,,,14951081,0xa887132e,560,1328,807901,0,0,0,0,0,0
2026-09-23 23:06:26,14978,,7,14983108,0,2995,1504,0,0,42,flash,235,6046,11,0,3865796,1798,42,16,0,1,12,3889.3,72.5,336.0,0,False,False,none,none,0,1,,,14981080,0xa887132e,560,1328,809546,0,0,0,0,0,0
2026-09-23 23:06:56,15008,,7,15013121,0,3001,1507,0,0,42,flash,243,6064,12,0,3872862,1800,42,16,0,1,12,3888.6,72.5,336.0,0,False,False,none,none,0,1,,,15011085,0xa887132e,560,1328,811159,0,0,0,0,0,0
2026-09-23 23:07:26,15038,,7,15043096,0,3007,1510,0,0,42,flash,303,6076,12,0,3880405,1802,42,16,0,1,12,3893.9,72.6,336.0,0,False,False,none,none,0,1,,,15041073,0xa887132e,560,1328,812706,0,0,0,0,0,0
2026-09-23 23:07:56,15068,,7,15073096,0,3013,1513,0,0,42,flash,221,6090,12,0,3888230,1804,42,16,0,1,12,3898.6,72.7,336.0,0,False,False,none,none,0,1,,,15071067,0xa887132e,560,1328,814336,0,0,0,0,0,0
2026-09-23 23:08:26,15098,,7,15103125,0,3019,1516,0,0,42,flash,261,6111,12,0,3895550,1806,42,16,0,1,12,3888.9,72.5,336.0,0,False,False,none,none,0,1,,,15101084,0xa887132e,560,1328,815916,0,0,0,0,0,0
2026-09-23 23:08:56,15128,,7,15133105,0,3025,1519,0,0,42,flash,282,6119,12,0,3903702,1808,42,16,0,1,12,3896.1,72.7,336.0,0,False,False,none,none,0,1,,,15131075,0xa887132e,560,1328,817595,0,0,0,0,0,0
2026-09-23 23:09:26,15158,,7,15163091,0,3031,1522,0,0,42,flash,237,6132,12,0,3911829,1810,42,16,0,1,12,3886.5,72.5,336.0,0,False,False,none,none,0,1,,,15161067,0xa887132e,560,1328,819184,0,0,0,0,0,0
2026-09-23 23:09:56,15188,,7,15193086,0,3037,1525,0,0,42,flash,240,6144,12,0,3918834,1812,42,16,0,1,12,3889.6,72.6,336.0,0,False,False,none,none,0,1,,,15191055,0xa887132e,560,1328,820801,0,0,0,0,0,0
2026-09-23 23:10:26,15219,,7,15223098,0,3043,1528,0,0,42,flash,298,6156,12,0,3926332,1814,42,16,0,1,12,3895.0,72.6,336.0,0,False,False,none,none,0,1,,,15221066,0xa887132e,560,1328,822484,0,0,0,0,0,0
2026-09-23 23:10:56,15249,,7,15253078,0,3049,1531,0,0,42,flash,224,6166,12,0,3934206,1816,42,16,0,1,12,3900.4,72.7,336.0,0,False,False,none,none,0,1,,,15251050,0xa887132e,560,1328,824156,0,0,0,0,0,0
2026-09-23 23:11:26,15279,,7,15283059,0,3055,1534,0,0,42,flash,252,6182,12,0,3941484,1818,42,16,0,1,12,3887.6,72.5,336.0,0,False,False,none,none,0,1,,,15281031,0xa887132e,560,1328,825806,0,0,0,0,0,0
2026-09-23 23:11:56,15309,,7,15313051,0,3061,1537,0,0,42,flash,275,6189,12,0,3949660,1820,42,16,0,1,12,3895.0,72.7,336.0,0,False,False,none,none,0,1,,,15311024,0xa887132e,560,1328,827496,0,0,0,0,0,0
2026-09-23 23:12:26,15339,,7,15343069,0,3067,1540,0,0,42,flash,235,6197,12,0,3957815,1822,42,16,0,1,12,3889.3,72.6,336.0,0,False,False,none,none,0,1,,,15341044,0xa887132e,560,1328,829044,0,0,0,0,0,0
2026-09-23 23:12:56,15369,,7,15373055,0,3073,1543,0,0,42,flash,229,6210,12,0,3964808,1824,42,16,0,1,12,3889.6,72.6,336.0,0,False,False,none,none,0,1,,,15371024,0xa887132e,560,1328,830844,0,0,0,0,0,0
2026-09-23 23:13:26,15399,,7,15403039,0,3079,1546,0,0,42,flash,294,6222,12,0,3972280,1826,42,16,0,1,12,3894.0,72.6,336.0,0,False,False,none,none,0,1,,,15401009,0xa887132e,560,1328,832430,0,0,0,0,0,0
2026-09-23 23:13:56,15429,,7,15433032,0,3085,1549,0,0,42,flash,225,6231,12,0,3980111,1828,42,16,0,1,12,3902.4,72.8,336.0,0,False,False,none,none,0,1,,,15431002,0xa887132e,560,1328,834074,0,0,0,0,0,0
2026-09-23 23:14:26,15459,,7,15463026,0,3091,1552,0,0,42,flash,254,6246,12,0,3987326,1830,42,16,0,1,12,3887.3,72.5,336.0,0,False,False,none,none,0,1,,,15461002,0xa887132e,560,1328,835686,0,0,0,0,0,0
2026-09-23 23:14:56,15489,,7,15493026,0,3097,1555,0,0,42,flash,285,6254,12,0,3995543,1832,42,16,0,1,12,3897.0,72.7,336.0,0,False,False,none,none,0,1,,,15491000,0xa887132e,560,1328,837286,0,0,0,0,0,0
2026-09-23 23:15:26,15519,,7,15523013,0,3103,1558,0,0,42,flash,232,6264,12,0,4003719,1834,42,16,0,1,12,3890.0,72.6,336.0,0,False,False,none,none,0,1,,,15520984,0xa887132e,560,1328,838810,0,0,0,0,0,0
2026-09-23 23:15:56,15549,,7,15553017,0,3109,1561,0,0,42,flash,238,6274,12,0,4010758,1836,42,16,0,1,12,3888.9,72.6,336.0,0,False,False,none,none,0,1,,,15550994,0xa887132e,560,1328,840418,0,0,0,0,0,0
2026-09-23 23:16:26,15579,,7,15582995,0,3115,1564,0,0,42,flash,304,6287,12,0,4018210,1838,42,16,0,1,12,3895.3,72.7,336.0,0,False,False,none,none,0,1,,,15580968,0xa887132e,560,1328,842021,0,0,0,0,0,0
2026-09-23 23:16:56,15609,,7,15612997,0,3121,1567,0,0,42,flash,218,6297,12,0,4025899,1840,42,16,0,1,12,3898.8,72.7,336.0,0,False,False,none,none,0,1,,,15610975,0xa887132e,560,1328,843886,0,0,0,0,0,0
2026-09-23 23:17:26,15639,,7,15642975,0,3127,1570,0,0,42,flash,263,6310,12,0,4033137,1842,42,16,0,1,12,3886.6,72.5,336.0,0,False,False,none,none,0,1,,,15640948,0xa887132e,560,1328,845482,0,0,0,0,0,0
2026-09-23 23:17:56,15669,,7,15672965,0,3133,1573,0,0,42,flash,276,6315,12,0,4041231,1844,42,16,0,1,12,3894.7,72.7,336.0,0,False,False,none,none,0,1,,,15670930,0xa887132e,560,1328,847123,0,0,0,0,0,0
2026-09-23 23:18:26,15699,,7,15702959,0,3139,1576,0,0,42,flash,238,6326,12,0,4049286,1846,42,16,0,1,12,3888.6,72.5,336.0,0,False,False,none,none,0,1,,,15700930,0xa887132e,560,1328,848725,0,0,0,0,0,0
2026-09-23 23:18:56,15729,,7,15732956,0,3145,1579,0,0,42,flash,237,6339,12,0,4056247,1848,42,16,0,1,12,3887.1,72.5,336.0,0,False,False,none,none,0,1,,,15730927,0xa887132e,560,1328,850333,0,0,0,0,0,0
2026-09-23 23:19:26,15759,,7,15762930,0,3151,1582,0,0,42,flash,298,6350,12,0,4063787,1850,42,16,0,1,12,3891.3,72.6,336.0,0,False,False,none,none,0,1,,,15760908,0xa887132e,560,1328,852013,0,0,0,0,0,0
2026-09-23 23:19:56,15789,,7,15792925,0,3157,1585,0,0,42,flash,221,6361,12,0,4071655,1852,42,16,0,1,12,3900.8,72.7,336.0,0,False,False,none,none,0,1,,,15790902,0xa887132e,560,1328,853679,0,0,0,0,0,0
2026-09-23 23:20:26,15819,,7,15822916,0,3163,1588,0,0,42,flash,255,6373,12,0,4078972,1854,42,16,0,1,12,3889.5,72.6,336.0,0,False,False,none,none,0,1,,,15820889,0xa887132e,560,1328,855240,0,0,0,0,0,0
2026-09-23 23:20:56,15849,,7,15852936,0,3169,1591,0,0,42,flash,286,6381,12,0,4087171,1856,42,16,0,1,12,3894.6,72.6,336.0,0,False,False,none,none,0,1,,,15850899,0xa887132e,560,1328,856835,0,0,0,0,0,0
2026-09-23 23:21:26,15879,,7,15882896,0,3175,1594,0,0,42,flash,234,6398,12,0,4095335,1858,42,16,0,1,12,3887.3,72.6,336.0,0,False,False,none,none,0,1,,,15880874,0xa887132e,560,1328,858411,0,0,0,0,0,0
2026-09-23 23:21:56,15909,,7,15912915,0,3181,1597,0,0,42,flash,230,6412,12,0,4102391,1860,42,16,0,1,12,3889.8,72.6,336.0,0,False,False,none,none,0,1,,,15910880,0xa887132e,560,1328,860013,0,0,0,0,0,0
2026-09-23 23:22:26,15939,,7,15942912,0,3187,1600,0,0,42,flash,293,6427,12,0,4109897,1862,42,16,0,1,12,3894.4,72.6,336.0,0,False,False,none,none,0,1,,,15940864,0xa887132e,560,1328,861564,0,0,0,0,0,0
2026-09-23 23:22:56,15969,,7,15972909,0,3193,1603,0,0,42,flash,215,6435,12,0,4117654,1864,42,16,0,1,12,3900.8,72.7,336.0,0,False,False,none,none,0,1,,,15970871,0xa887132e,560,1328,863288,0,0,0,0,0,0
2026-09-23 23:23:26,15999,,7,16002880,0,3199,1606,0,0,42,flash,261,6449,12,0,4124934,1866,42,16,0,1,12,3888.8,72.5,336.0,0,False,False,none,none,0,1,,,16000851,0xa887132e,560,1328,864792,0,0,0,0,0,0
2026-09-23 23:23:56,16029,,7,16032890,0,3205,1609,0,0,42,flash,285,6453,12,0,4133161,1868,42,16,0,1,12,3895.6,72.7,336.0,0,False,False,none,none,0,1,,,16030858,0xa887132e,560,1328,866381,0,0,0,0,0,0
2026-09-23 23:24:26,16059,,7,16062861,0,3211,1612,0,0,42,flash,247,6466,12,0,4141327,1870,42,16,0,1,12,3890.9,72.6,336.0,0,False,False,none,none,0,1,,,16060835,0xa887132e,560,1328,867856,0,0,0,0,0,0
2026-09-23 23:24:56,16089,,7,16092891,0,3217,1615,0,0,42,flash,242,6481,12,0,4148387,1872,42,16,0,1,12,3889.2,72.6,336.0,0,False,False,none,none,0,1,,,16090852,0xa887132e,560,1328,869405,0,0,0,0,0,0
2026-09-23 23:25:26,16119,,7,16122877,0,3223,1618,0,0,42,flash,292,6496,12,0,4155818,1874,42,16,0,1,12,3895.5,72.6,336.0,0,False,False,none,none,0,1,,,16120844,0xa887132e,560,1328,871003,0,0,0,0,0,0
2026-09-23 23:25:56,16149,,7,16152877,0,3229,1621,0,0,42,flash,227,6507,12,0,4163630,1876,42,16,0,1,12,3901.3,72.7,336.0,0,False,False,none,none,0,1,,,16150848,0xa887132e,560,1328,872653,0,0,0,0,0,0
2026-09-23 23:26:26,16179,,7,16182853,0,3235,1624,0,0,42,flash,257,6522,12,0,4170838,1878,42,16,0,1,12,3887.9,72.5,336.0,0,False,False,none,none,0,1,,,16180817,0xa887132e,560,1328,874262,0,0,0,0,0,0
2026-09-23 23:26:56,16209,,7,16212874,0,3241,1627,0,0,42,flash,283,6528,12,0,4178962,1880,42,16,0,1,12,3897.7,72.7,336.0,0,False,False,none,none,0,1,,,16210833,0xa887132e,560,1328,875883,0,0,0,0,0,0
2026-09-23 23:27:26,16239,,7,16242841,0,3247,1630,0,0,42,flash,226,6542,12,0,4186991,1882,42,16,0,1,12,3889.8,72.6,336.0,0,False,False,none,none,0,1,,,16240817,0xa887132e,560,1328,877468,0,0,0,0,0,0
2026-09-23 23:27:56,16269,,7,16272825,0,3253,1633,0,0,42,flash,232,6555,13,0,4194007,1884,42,16,0,1,12,3889.4,72.5,336.0,0,False,False,none,none,0,1,,,16270798,0xa887132e,560,1328,879064,0,0,0,0,0,0
2026-09-23 23:28:26,16299,,7,16302837,0,3259,1636,0,0,42,flash,300,6568,13,0,4201510,1886,42,16,0,1,12,3894.2,72.6,336.0,0,False,False,none,none,0,1,,,16300805,0xa887132e,560,1328,880693,0,0,0,0,0,0
2026-09-23 23:28:56,16329,,7,16332834,0,3265,1639,0,0,42,flash,230,6578,13,0,4209312,1888,42,16,0,1,12,3900.7,72.7,336.0,0,False,False,none,none,0,1,,,16330798,0xa887132e,560,1328,882339,0,0,0,0,0,0
2026-09-23 23:29:26,16359,,7,16362809,0,3271,1642,0,0,42,flash,249,6595,13,0,4216563,1890,42,16,0,1,12,3889.4,72.6,336.0,0,False,False,none,none,0,1,,,16360788,0xa887132e,560,1328,883918,0,0,0,0,0,0
2026-09-23 23:29:56,16389,,7,16392812,0,3277,1645,0,0,42,flash,281,6603,13,0,4224663,1892,42,16,0,1,12,3896.7,72.7,336.0,0,False,False,none,none,0,1,,,16390777,0xa887132e,560,1328,885590,0,0,0,0,0,0
2026-09-23 23:30:26,16419,,7,16422794,0,3283,1648,0,0,42,flash,234,6611,13,0,4232728,1894,42,16,0,1,12,3888.4,72.5,336.0,0,False,False,none,none,0,1,,,16420758,0xa887132e,560,1328,887283,0,0,0,0,0,0
2026-09-23 23:30:56,16449,,7,16452751,0,3289,1651,0,0,42,flash,221,6628,13,0,4239673,1896,42,16,0,1,12,3888.9,72.5,336.0,0,False,False,none,none,0,1,,,16450723,0xa887132e,560,1328,888986,0,0,0,0,0,0
2026-09-23 23:31:26,16479,,7,16482764,0,3295,1654,0,0,42,flash,283,6642,13,0,4247103,1898,42,16,0,1,12,3892.6,72.6,336.0,0,False,False,none,none,0,1,,,16480732,0xa887132e,560,1328,890612,0,0,0,0,0,0
2026-09-23 23:31:56,16509,,7,16512767,0,3301,1657,0,0,42,flash,213,6652,13,0,4254804,1900,42,16,0,1,12,3900.7,72.7,336.0,0,False,False,none,none,0,1,,,16510734,0xa887132e,560,1328,892296,0,0,0,0,0,0
2026-09-23 23:32:26,16539,,7,16542759,0,3306,1660,0,0,42,flash,253,6667,13,0,4262108,1902,42,16,0,1,12,3889.4,72.6,336.0,0,False,False,none,none,0,1,,,16540727,0xa887132e,560,1328,893753,0,0,0,0,0,0
2026-09-23 23:32:56,16569,,7,16572739,0,3312,1663,0,0,42,flash,288,6677,13,0,4270250,1904,42,16,0,1,12,3896.8,72.7,336.0,0,False,False,none,none,0,1,,,16570705,0xa887132e,560,1328,895330,0,0,0,0,0,0
2026-09-23 23:33:26,16599,,7,16602718,0,3318,1666,0,0,42,flash,234,6685,13,0,4278330,1906,42,16,0,1,12,3887.7,72.5,336.0,0,False,False,none,none,0,1,,,16600689,0xa887132e,560,1328,896901,0,0,0,0,0,0
2026-09-23 23:33:56,16629,,7,16632733,0,3324,1669,0,0,42,flash,230,6699,13,0,4285276,1908,42,16,0,1,12,3890.0,72.6,336.0,0,False,False,none,none,0,1,,,16630693,0xa887132e,560,1328,898572,0,0,0,0,0,0
2026-09-23 23:34:26,16659,,7,16662697,0,3330,1672,0,0,42,flash,299,6714,13,0,4292682,1910,42,16,0,1,12,3892.8,72.6,336.0,0,False,False,none,none,0,1,,,16660662,0xa887132e,560,1328,900187,0,0,0,0,0,0
2026-09-23 23:34:56,16689,,7,16692690,0,3336,1675,0,0,42,flash,226,6726,13,0,4300408,1912,42,16,0,1,12,3900.0,72.7,336.0,0,False,False,none,none,0,1,,,16690657,0xa887132e,560,1328,901853,0,0,0,0,0,0
2026-09-23 23:35:26,16719,,7,16722665,0,3342,1678,0,0,42,flash,249,6741,13,0,4307553,1914,42,16,0,1,12,3889.7,72.6,336.0,0,False,False,none,none,0,1,,,16720635,0xa887132e,560,1328,903491,0,0,0,0,0,0
2026-09-23 23:35:56,16749,,7,16752655,0,3348,1681,0,0,42,flash,282,6752,13,0,4315583,1916,42,16,0,1,12,3896.3,72.7,336.0,0,False,False,none,none,0,1,,,16750617,0xa887132e,560,1328,905123,0,0,0,0,0,0
2026-09-23 23:36:26,16779,,7,16782677,0,3354,1684,0,0,42,flash,226,6765,13,0,4323552,1918,42,16,0,1,12,3887.4,72.5,336.0,0,False,False,none,none,0,1,,,16780635,0xa887132e,560,1328,906709,0,0,0,0,0,0
2026-09-23 23:36:56,16809,,7,16812619,0,3360,1687,0,0,42,flash,234,6780,13,0,4330665,1920,42,16,0,1,12,3887.4,72.5,336.0,0,False,False,none,none,0,1,,,16810593,0xa887132e,560,1328,908366,0,0,0,0,0,0
2026-09-23 23:37:26,16839,,7,16842650,0,3366,1690,0,0,42,flash,294,6795,13,0,4338258,1922,42,16,0,1,12,3895.2,72.7,336.0,0,False,False,none,none,0,1,,,16840616,0xa887132e,560,1328,909959,0,0,0,0,0,0
2026-09-23 23:37:56,16869,,7,16872642,0,3372,1693,0,0,42,flash,223,6806,13,0,4346159,1924,42,16,0,1,12,3899.7,72.7,336.0,0,False,False,none,none,0,1,,,16870604,0xa887132e,560,1328,911667,0,0,0,0,0,0
2026-09-23 23:38:26,16899,,7,16902607,0,3378,1696,0,0,42,flash,251,6818,13,0,4353501,1926,42,16,0,1,12,3888.4,72.5,336.0,0,False,False,none,none,0,1,,,16900583,0xa887132e,560,1328,913178,0,0,0,0,0,0
2026-09-23 23:38:56,16929,,7,16932632,0,3384,1699,0,0,42,flash,276,6824,13,0,4361726,1928,42,16,0,1,12,3896.8,72.7,336.0,0,False,False,none,none,0,1,,,16930591,0xa887132e,560,1328,914907,0,0,0,0,0,0
2026-09-23 23:39:26,16959,,7,16962627,0,3390,1702,0,0,42,flash,233,6838,13,0,4369958,1930,42,16,0,1,12,3890.0,72.6,336.0,0,False,False,none,none,0,1,,,16960592,0xa887132e,560,1328,916443,0,0,0,0,0,0
2026-09-23 23:39:56,16989,,7,16992624,0,3396,1705,0,0,42,flash,221,6848,13,0,4376967,1932,42,16,0,1,12,3888.3,72.6,336.0,0,False,False,none,none,0,1,,,16990582,0xa887132e,560,1328,918218,0,0,0,0,0,0
2026-09-23 23:40:26,17019,,7,17022596,0,3402,1708,0,0,42,flash,300,6862,13,0,4384480,1934,42,16,0,1,12,3893.6,72.7,336.0,0,False,False,none,none,0,1,,,17020563,0xa887132e,560,1328,919805,0,0,0,0,0,0
2026-09-23 23:40:56,17049,,7,17052563,0,3408,1711,0,0,42,flash,233,6872,13,0,4392267,1936,42,16,0,1,12,3899.3,72.7,336.0,0,False,False,none,none,0,1,,,17050538,0xa887132e,560,1328,921529,0,0,0,0,0,0
2026-09-23 23:41:26,17079,,7,17082575,0,3414,1714,0,0,42,flash,255,6889,13,0,4399568,1938,42,16,0,1,12,3886.0,72.5,336.0,0,False,False,none,none,0,1,,,17080530,0xa887132e,560,1328,923202,0,0,0,0,0,0
2026-09-23 23:41:56,17109,,7,17112564,0,3420,1717,0,0,42,flash,283,6899,13,0,4407792,1941,42,16,0,1,12,3895.5,72.7,336.0,0,False,False,none,none,0,1,,,17110525,0xa887132e,560,1328,924803,0,0,0,0,0,0
2026-09-23 23:42:26,17139,,7,17142544,0,3426,1720,0,0,42,flash,231,6911,13,0,4415935,1943,42,16,0,1,12,3889.2,72.5,336.0,0,False,False,none,none,0,1,,,17140512,0xa887132e,560,1328,926454,0,0,0,0,0,0
2026-09-23 23:42:56,17169,,7,17172531,0,3432,1723,0,0,42,flash,229,6925,13,0,4422943,1945,42,16,0,1,12,3888.2,72.5,336.0,0,False,False,none,none,0,1,,,17170498,0xa887132e,560,1328,928101,0,0,0,0,0,0
2026-09-23 23:43:27,17199,,7,17202534,0,3438,1726,0,0,42,flash,301,6941,13,0,4430528,1947,42,16,0,1,12,3895.6,72.7,336.0,0,False,False,none,none,0,1,,,17200501,0xa887132e,560,1328,929574,0,0,0,0,0,0
2026-09-23 23:43:56,17229,,7,17232497,0,3444,1729,0,0,42,flash,233,6952,13,0,4438367,1949,42,16,0,1,12,3899.8,72.7,336.0,0,False,False,none,none,0,1,,,17230471,0xa887132e,560,1328,931156,0,0,0,0,0,0
2026-09-23 23:44:26,17259,,7,17262491,0,3450,1734,0,0,42,flash,259,6968,13,0,4445638,1951,42,16,0,1,12,3888.4,72.5,336.0,0,False,False,none,none,0,1,,,17260470,0xa887132e,560,1328,932701,0,0,0,0,0,0
2026-09-23 23:44:57,17289,,7,17292489,0,3456,1736,0,0,42,flash,279,6978,13,0,4453756,1953,42,16,0,1,12,3897.8,72.7,336.0,0,False,False,none,none,0,1,,,17290463,0xa887132e,560,1328,934336,0,0,0,0,0,0
2026-09-23 23:45:27,17319,,7,17322476,0,3462,1739,0,0,42,flash,245,6992,13,0,4461951,1955,42,16,0,1,12,3888.8,72.5,336.0,0,False,False,none,none,0,1,,,17320440,0xa887132e,560,1328,935866,0,0,0,0,0,0
2026-09-23 23:45:57,17349,,7,17352471,0,3468,1742,0,0,42,flash,237,7006,13,0,4469018,1957,42,16,0,1,12,3888.0,72.5,336.0,0,False,False,none,none,0,1,,,17350437,0xa887132e,560,1328,937538,0,0,0,0,0,0
2026-09-23 23:46:27,17379,,7,17382468,0,3474,1745,0,0,42,flash,315,7017,13,0,4476576,1959,42,16,0,1,12,3893.7,72.7,336.0,0,False,False,none,none,0,1,,,17380433,0xa887132e,560,1328,939086,0,0,0,0,0,0
2026-09-23 23:46:57,17409,,7,17412486,0,3480,1748,0,0,42,flash,227,7026,13,0,4484422,1961,42,16,0,1,12,3899.4,72.7,336.0,0,False,False,none,none,0,1,,,17410441,0xa887132e,560,1328,940729,0,0,0,0,0,0
2026-09-23 23:47:27,17439,,7,17442444,0,3486,1751,0,0,42,flash,253,7040,13,0,4491691,1963,42,16,0,1,12,3885.2,72.5,336.0,0,False,False,none,none,0,1,,,17440414,0xa887132e,560,1328,942293,0,0,0,0,0,0
2026-09-23 23:47:57,17469,,7,17472436,0,3492,1754,0,0,42,flash,290,7047,13,0,4499887,1965,42,16,0,1,12,3896.8,72.7,336.0,0,False,False,none,none,0,1,,,17470399,0xa887132e,560,1328,943930,0,0,0,0,0,0
2026-09-23 23:48:27,17499,,7,17502458,0,3498,1757,0,0,42,flash,234,7058,13,0,4507999,1967,42,16,0,1,12,3889.2,72.6,336.0,0,False,False,none,none,0,1,,,17500414,0xa887132e,560,1328,945560,0,0,0,0,0,0
2026-09-23 23:48:57,17529,,7,17532446,0,3504,1760,0,0,42,flash,239,7073,14,0,4514964,1969,42,16,0,1,12,3889.9,72.6,336.0,0,False,False,none,none,0,1,,,17530408,0xa887132e,560,1328,947304,0,0,0,0,0,0
2026-09-23 23:49:27,17559,,7,17562441,0,3510,1763,0,0,42,flash,304,7087,14,0,4522415,1971,42,16,0,1,12,3893.3,72.6,336.0,0,False,False,none,none,0,1,,,17560405,0xa887132e,560,1328,948877,0,0,0,0,0,0
2026-09-23 23:49:57,17589,,7,17592429,0,3516,1766,0,0,42,flash,224,7095,14,0,4530234,1973,42,16,0,1,12,3901.7,72.7,336.0,0,False,False,none,none,0,1,,,17590395,0xa887132e,560,1328,950588,0,0,0,0,0,0
2026-09-23 23:50:27,17619,,7,17622397,0,3522,1769,0,0,42,flash,250,7113,14,0,4537457,1975,42,16,0,1,12,3887.9,72.5,336.0,0,False,False,none,none,0,1,,,17620373,0xa887132e,560,1328,952276,0,0,0,0,0,0
2026-09-23 23:50:57,17649,,7,17652386,0,3528,1772,0,0,42,flash,282,7120,14,0,4545584,1977,42,16,0,1,12,3894.4,72.7,336.0,0,False,False,none,none,0,1,,,17650361,0xa887132e,560,1328,953974,0,0,0,0,0,0
2026-09-23 23:51:27,17679,,7,17682376,0,3534,1775,0,0,42,flash,229,7133,14,0,4553711,1979,42,16,0,1,12,3889.5,72.6,336.0,0,False,False,none,none,0,1,,,17680351,0xa887132e,560,1328,955493,0,0,0,0,0,0
2026-09-23 23:51:57,17709,,7,17712359,0,3540,1778,0,0,42,flash,231,7144,14,0,4560703,1981,42,16,0,1,12,3887.1,72.5,336.0,0,False,False,none,none,0,1,,,17710331,0xa887132e,560,1328,957132,0,0,0,0,0,0
2026-09-23 23:52:27,17739,,7,17742348,0,3546,1781,0,0,42,flash,292,7159,14,0,4568201,1983,42,16,0,1,12,3891.6,72.6,336.0,0,False,False,none,none,0,1,,,17740320,0xa887132e,560,1328,958631,0,0,0,0,0,0
2026-09-23 23:52:57,17769,,7,17772330,0,3552,1784,0,0,42,flash,230,7171,14,0,4575967,1985,42,16,0,1,12,3900.9,72.8,336.0,0,False,False,none,none,0,1,,,17770303,0xa887132e,560,1328,960229,0,0,0,0,0,0
2026-09-23 23:53:27,17799,,7,17802315,0,3558,1787,0,0,42,flash,249,7188,14,0,4583126,1987,42,16,0,1,12,3887.0,72.5,336.0,0,False,False,none,none,0,1,,,17800290,0xa887132e,560,1328,961896,0,0,0,0,0,0
2026-09-23 23:53:57,17829,,7,17832313,0,3564,1790,0,0,42,flash,286,7195,14,0,4591197,1989,42,16,0,1,12,3895.5,72.7,336.0,0,False,False,none,none,0,1,,,17830285,0xa887132e,560,1328,963539,0,0,0,0,0,0
2026-09-23 23:54:27,17859,,7,17862301,0,3570,1793,0,0,42,flash,233,7207,14,0,4599432,1991,42,16,0,1,12,3889.9,72.6,336.0,0,False,False,none,none,0,1,,,17860277,0xa887132e,560,1328,965142,0,0,0,0,0,0
2026-09-23 23:54:57,17889,,7,17892295,0,3576,1796,0,0,42,flash,234,7221,14,0,4606478,1993,42,16,0,1,12,3889.6,72.5,336.0,0,False,False,none,none,0,1,,,17890265,0xa887132e,560,1328,966807,0,0,0,0,0,0
2026-09-23 23:55:27,17919,,7,17922274,0,3582,1799,0,0,42,flash,291,7239,14,0,4613943,1995,42,16,0,1,12,3891.9,72.6,336.0,0,False,False,none,none,0,1,,,17920248,0xa887132e,560,1328,968560,0,0,0,0,0,0
2026-09-23 23:55:57,17949,,7,17952269,0,3588,1802,0,0,42,flash,223,7247,14,0,4621741,1997,42,16,0,1,12,3901.9,72.8,336.0,0,False,False,none,none,0,1,,,17950242,0xa887132e,560,1328,970275,0,0,0,0,0,0
2026-09-23 23:56:27,17979,,7,17982272,0,3594,1805,0,0,42,flash,248,7260,14,0,4629026,1999,42,16,0,1,12,3888.0,72.5,336.0,0,False,False,none,none,0,1,,,17980245,0xa887132e,560,1328,971867,0,0,0,0,0,0
2026-09-23 23:56:57,18009,,7,18012260,0,3600,1808,0,0,42,flash,278,7267,14,0,4637199,2001,42,16,0,1,12,3897.5,72.7,336.0,0,False,False,none,none,0,1,,,18010234,0xa887132e,560,1328,973484,0,0,0,0,0,0
2026-09-23 23:57:27,18039,,7,18042255,0,3606,1811,0,0,42,flash,232,7279,14,0,4645353,2003,42,16,0,1,12,3888.6,72.6,336.0,0,False,False,none,none,0,1,,,18040225,0xa887132e,560,1328,975013,0,0,0,0,0,0
2026-09-23 23:57:57,18069,,7,18072248,0,3612,1814,0,0,42,flash,230,7290,14,0,4652304,2005,42,16,0,1,12,3889.6,72.5,336.0,0,False,False,none,none,0,1,,,18070217,0xa887132e,560,1328,976776,0,0,0,0,0,0
2026-09-23 23:58:27,18099,,7,18102245,0,3618,1817,0,0,42,flash,302,7307,14,0,4659784,2007,42,16,0,1,12,3891.6,72.6,336.0,0,False,False,none,none,0,1,,,18100214,0xa887132e,560,1328,978364,0,0,0,0,0,0
2026-09-23 23:58:57,18129,,7,18132227,0,3624,1820,0,0,42,flash,230,7312,14,0,4667662,2009,42,16,0,1,12,3900.4,72.7,336.0,0,False,False,none,none,0,1,,,18130198,0xa887132e,560,1328,979964,0,0,0,0,0,0
2026-09-23 23:59:27,18159,,7,18162228,0,3630,1823,0,0,42,flash,250,7328,14,0,4674912,2011,42,16,0,1,12,3888.1,72.5,336.0,0,False,False,none,none,0,1,,,18160202,0xa887132e,560,1328,981559,0,0,0,0,0,0
2026-09-23 23:59:57,18189,,7,18192211,0,3636,1826,0,0,42,flash,280,7338,14,0,4682975,2013,42,16,0,1,12,3895.8,72.7,336.0,0,False,False,none,none,0,1,,,18190187,0xa887132e,560,1328,983353,0,0,0,0,0,0
2026-09-24 00:00:27,18219,,7,18222207,0,3642,1829,0,0,42,flash,240,7350,14,0,4691098,2015,42,16,0,1,12,3885.3,72.5,336.0,0,False,False,none,none,0,1,,,18220186,0xa887132e,560,1328,984822,0,0,0,0,0,0
2026-09-24 00:00:57,18249,,7,18252203,0,3648,1832,0,0,42,flash,228,7360,14,0,4698111,2017,42,16,0,1,12,3889.0,72.6,336.0,0,False,False,none,none,0,1,,,18250176,0xa887132e,560,1328,986480,0,0,0,0,0,0
2026-09-24 00:01:27,18279,,7,18282204,0,3654,1836,0,0,42,flash,296,7373,14,0,4705522,2019,42,16,0,1,12,3894.0,72.7,336.0,0,False,False,none,none,0,1,,,18280176,0xa887132e,560,1328,988121,0,0,0,0,0,0
2026-09-24 00:01:57,18309,,7,18312224,0,3660,1839,0,0,42,flash,223,7383,14,0,4713279,2021,42,16,0,1,12,3900.6,72.8,336.0,0,False,False,none,none,0,1,,,18310183,0xa887132e,560,1328,989807,0,0,0,0,0,0
2026-09-24 00:02:27,18339,,7,18342162,0,3666,1842,0,0,42,flash,262,7397,14,0,4720442,2023,42,16,0,1,12,3887.6,72.5,336.0,0,False,False,none,none,0,1,,,18340135,0xa887132e,560,1328,991408,0,0,0,0,0,0
2026-09-24 00:02:57,18369,,7,18372159,0,3672,1845,0,0,42,flash,284,7407,14,0,4728594,2025,42,16,0,1,12,3896.9,72.7,336.0,0,False,False,none,none,0,1,,,18370133,0xa887132e,560,1328,993071,0,0,0,0,0,0
2026-09-24 00:03:27,18399,,7,18402146,0,3678,1848,0,0,42,flash,230,7419,14,0,4736764,2027,42,16,0,1,12,3890.4,72.6,336.0,0,False,False,none,none,0,1,,,18400123,0xa887132e,560,1328,994627,0,0,0,0,0,0
2026-09-24 00:03:57,18429,,7,18432152,0,3684,1851,0,0,42,flash,226,7430,14,0,4743759,2029,42,16,0,1,12,3888.9,72.6,336.0,0,False,False,none,none,0,1,,,18430129,0xa887132e,560,1328,996343,0,0,0,0,0,0
2026-09-24 00:04:27,18459,,7,18462137,0,3690,1854,0,0,42,flash,292,7445,14,0,4751206,2031,42,16,0,1,12,3893.5,72.7,336.0,0,False,False,none,none,0,1,,,18460106,0xa887132e,560,1328,997947,0,0,0,0,0,0
2026-09-24 00:04:57,18489,,7,18492122,0,3696,1857,0,0,42,flash,215,7455,14,0,4759015,2033,42,16,0,1,12,3899.3,72.7,336.0,0,False,False,none,none,0,1,,,18490100,0xa887132e,560,1328,999509,0,0,0,0,0,0
2026-09-24 00:05:27,18519,,7,18522126,0,3702,1860,0,0,42,flash,246,7473,14,0,4766239,2035,42,16,0,1,12,3888.4,72.5,336.0,0,False,False,none,none,0,1,,,18520099,0xa887132e,560,1328,1001143,0,0,0,0,0,0
2026-09-24 00:05:57,18549,,7,18552121,0,3708,1863,0,0,42,flash,291,7483,14,0,4774373,2037,42,16,0,1,12,3896.4,72.7,336.0,0,False,False,none,none,0,1,,,18550097,0xa887132e,560,1328,1002680,0,0,0,0,0,0
2026-09-24 00:06:27,18579,,7,18582107,0,3714,1866,0,0,42,flash,236,7496,14,0,4782455,2039,42,16,0,1,12,3889.5,72.5,336.0,0,False,False,none,none,0,1,,,18580081,0xa887132e,560,1328,1004235,0,0,0,0,0,0
2026-09-24 00:06:57,18609,,7,18612100,0,3720,1869,0,0,42,flash,230,7510,14,0,4789375,2041,42,16,0,1,12,3888.6,72.5,336.0,0,False,False,none,none,0,1,,,18610072,0xa887132e,560,1328,1005927,0,0,0,0,0,0
2026-09-24 00:07:27,18639,,7,18642095,0,3726,1872,0,0,42,flash,300,7526,14,0,4796852,2043,42,16,0,1,12,3893.4,72.6,336.0,0,False,False,none,none,0,1,,,18640071,0xa887132e,560,1328,1007498,0,0,0,0,0,0
2026-09-24 00:07:57,18669,,7,18672087,0,3732,1875,0,0,42,flash,219,7541,14,0,4804596,2045,42,16,0,1,12,3901.6,72.8,336.0,0,False,False,none,none,0,1,,,18670055,0xa887132e,560,1328,1009211,0,0,0,0,0,0
2026-09-24 00:08:27,18699,,7,18702077,0,3738,1878,0,0,42,flash,250,7562,14,0,4811791,2047,42,16,0,1,12,3887.6,72.5,336.0,0,False,False,none,none,0,1,,,18700053,0xa887132e,560,1328,1010829,0,0,0,0,0,0
2026-09-24 00:08:57,18730,,7,18732089,0,3744,1881,0,0,42,flash,275,7573,14,0,4819750,2049,42,16,0,1,12,3897.5,72.7,336.0,0,False,False,none,none,0,1,,,18730062,0xa887132e,560,1328,1012693,0,0,0,0,0,0
2026-09-24 00:09:27,18760,,7,18762069,0,3750,1884,0,0,42,flash,225,7584,14,0,4827808,2051,42,16,0,1,12,3889.6,72.6,336.0,0,False,False,none,none,0,1,,,18760040,0xa887132e,560,1328,1014247,0,0,0,0,0,0
2026-09-24 00:09:57,18790,,7,18792051,0,3756,1887,0,0,42,flash,234,7598,14,0,4834733,2053,42,16,0,1,12,3888.4,72.6,336.0,0,False,False,none,none,0,1,,,18790028,0xa887132e,560,1328,1015973,0,0,0,0,0,0
2026-09-24 00:10:27,18820,,7,18822046,0,3762,1890,0,0,42,flash,303,7616,15,0,4842142,2055,42,16,0,1,12,3891.1,72.6,336.0,0,False,False,none,none,0,1,,,18820019,0xa887132e,560,1328,1017458,0,0,0,0,0,0
2026-09-24 00:10:57,18850,,7,18852043,0,3768,1893,0,0,42,flash,218,7628,15,0,4849767,2057,42,16,0,1,12,3898.1,72.7,336.0,0,False,False,none,none,0,1,,,18850014,0xa887132e,560,1328,1019264,0,0,0,0,0,0
2026-09-24 00:11:27,18880,,7,18882016,0,3774,1896,0,0,42,flash,260,7642,15,0,4856945,2059,42,16,0,1,12,3887.0,72.5,336.0,0,False,False,none,none,0,1,,,18879992,0xa887132e,560,1328,1020802,0,0,0,0,0,0
2026-09-24 00:11:57,18910,,7,18912010,0,3780,1899,0,0,42,flash,281,7649,15,0,4865181,2061,42,16,0,1,12,3897.8,72.7,336.0,0,False,False,none,none,0,1,,,18909987,0xa887132e,560,1328,1022473,0,0,0,0,0,0
2026-09-24 00:12:27,18940,,7,18942016,0,3786,1902,0,0,42,flash,225,7663,15,0,4873341,2063,42,16,0,1,12,3887.0,72.5,336.0,0,False,False,none,none,0,1,,,18939990,0xa887132e,560,1328,1024128,0,0,0,0,0,0
2026-09-24 00:12:57,18970,,7,18971993,0,3792,1905,0,0,42,flash,231,7678,15,0,4880395,2065,42,16,0,1,12,3888.4,72.5,336.0,0,False,False,none,none,0,1,,,18969970,0xa887132e,560,1328,1025798,0,0,0,0,0,0
2026-09-24 00:13:27,19000,,7,19001990,0,3798,1908,0,0,42,flash,298,7690,15,0,4887886,2067,42,16,0,1,12,3895.1,72.6,336.0,0,False,False,none,none,0,1,,,18999961,0xa887132e,560,1328,1027363,0,0,0,0,0,0
2026-09-24 00:13:57,19030,,7,19031986,0,3804,1911,0,0,42,flash,222,7698,15,0,4895666,2069,42,16,0,1,12,3900.0,72.7,336.0,0,False,False,none,none,0,1,,,19029953,0xa887132e,560,1328,1029199,0,0,0,0,0,0
2026-09-24 00:14:27,19060,,7,19061974,0,3810,1914,0,0,42,flash,246,7715,15,0,4902913,2071,42,16,0,1,12,3888.7,72.5,336.0,0,False,False,none,none,0,1,,,19059945,0xa887132e,560,1328,1030839,0,0,0,0,0,0
2026-09-24 00:14:57,19090,,7,19091965,0,3816,1917,0,0,42,flash,287,7726,15,0,4911035,2073,42,16,0,1,12,3896.4,72.7,336.0,0,False,False,none,none,0,1,,,19089939,0xa887132e,560,1328,1032540,0,0,0,0,0,0
2026-09-24 00:15:27,19120,,7,19121961,0,3822,1920,0,0,42,flash,234,7734,15,0,4919153,2075,42,16,0,1,12,3888.0,72.5,336.0,0,False,False,none,none,0,1,,,19119936,0xa887132e,560,1328,1034084,0,0,0,0,0,0
2026-09-24 00:15:57,19150,,7,19151950,0,3828,1923,0,0,42,flash,231,7745,15,0,4926177,2077,42,16,0,1,12,3889.1,72.6,336.0,0,False,False,none,none,0,1,,,19149921,0xa887132e,560,1328,1035704,0,0,0,0,0,0
2026-09-24 00:16:27,19180,,7,19181947,0,3834,1926,0,0,42,flash,304,7757,15,0,4933719,2079,42,16,0,1,12,3892.5,72.6,336.0,0,False,False,none,none,0,1,,,19179922,0xa887132e,560,1328,1037203,0,0,0,0,0,0
2026-09-24 00:16:57,19210,,7,19211957,0,3840,1929,0,0,42,flash,226,7772,15,0,4941508,2081,42,16,0,1,12,3900.0,72.7,336.0,0,False,False,none,none,0,1,,,19209928,0xa887132e,560,1328,1038899,0,0,0,0,0,0
2026-09-24 00:17:27,19240,,7,19241934,0,3846,1932,0,0,42,flash,248,7790,15,0,4948713,2083,42,16,0,1,12,3887.1,72.5,336.0,0,False,False,none,none,0,1,,,19239906,0xa887132e,560,1328,1040568,0,0,0,0,0,0
2026-09-24 00:17:57,19270,,7,19271914,0,3852,1935,0,0,42,flash,288,7797,15,0,4956768,2085,42,16,0,1,12,3895.9,72.7,336.0,0,False,False,none,none,0,1,,,19269888,0xa887132e,560,1328,1042279,0,0,0,0,0,0
2026-09-24 00:18:27,19300,,7,19301902,0,3858,1938,0,0,42,flash,228,7810,15,0,4964885,2087,42,16,0,1,12,3889.4,72.5,336.0,0,False,False,none,none,0,1,,,19299873,0xa887132e,560,1328,1043903,0,0,0,0,0,0
2026-09-24 00:18:57,19330,,7,19331915,0,3864,1941,0,0,42,flash,231,7824,15,0,4971846,2089,42,16,0,1,12,3890.3,72.6,336.0,0,False,False,none,none,0,1,,,19329893,0xa887132e,560,1328,1045616,0,0,0,0,0,0
2026-09-24 00:19:27,19360,,7,19361887,0,3870,1944,0,0,42,flash,302,7834,15,0,4979285,2091,42,16,0,1,12,3894.0,72.6,336.0,0,False,False,none,none,0,1,,,19359857,0xa887132e,560,1328,1047151,0,0,0,0,0,0
2026-09-24 00:19:57,19390,,7,19391892,0,3876,1947,0,0,42,flash,221,7843,15,0,4987009,2093,42,16,0,1,12,3899.6,72.7,336.0,0,False,False,none,none,0,1,,,19389862,0xa887132e,560,1328,1048809,0,0,0,0,0,0
2026-09-24 00:20:27,19420,,7,19421871,0,3882,1950,0,0,42,flash,251,7856,15,0,4994239,2095,42,16,0,1,12,3888.5,72.5,336.0,0,False,False,none,none,0,1,,,19419844,0xa887132e,560,1328,1050447,0,0,0,0,0,0
2026-09-24 00:20:57,19450,,7,19451852,0,3888,1953,0,0,42,flash,296,7867,15,0,5002439,2097,42,16,0,1,12,3895.3,72.7,336.0,0,False,False,none,none,0,1,,,19449829,0xa887132e,560,1328,1052008,0,0,0,0,0,0
2026-09-24 00:21:27,19480,,7,19481835,0,3894,1956,0,0,42,flash,231,7877,15,0,5010523,2099,42,16,0,1,12,3887.0,72.5,336.0,0,False,False,none,none,0,1,,,19479811,0xa887132e,560,1328,1053716,0,0,0,0,0,0
2026-09-24 00:21:57,19510,,7,19511835,0,3900,1959,0,0,42,flash,218,7890,15,0,5017532,2101,42,16,0,1,12,3889.3,72.6,336.0,0,False,False,none,none,0,1,,,19509807,0xa887132e,560,1328,1055342,0,0,0,0,0,0
2026-09-24 00:22:27,19540,,7,19541824,0,3906,1962,0,0,42,flash,298,7904,15,0,5024990,2103,42,16,0,1,12,3895.8,72.7,336.0,0,False,False,none,none,0,1,,,19539798,0xa887132e,560,1328,1056904,0,0,0,0,0,0
2026-09-24 00:22:57,19570,,7,19571819,0,3912,1965,0,0,42,flash,226,7913,15,0,5032784,2105,42,16,0,1,12,3902.0,72.8,336.0,0,False,False,none,none,0,1,,,19569790,0xa887132e,560,1328,1058595,0,0,0,0,0,0
2026-09-24 00:23:27,19600,,7,19601805,0,3918,1968,0,0,42,flash,248,7930,15,0,5039979,2107,42,16,0,1,12,3888.2,72.5,336.0,0,False,False,none,none,0,1,,,19599778,0xa887132e,560,1328,1060186,0,0,0,0,0,0
2026-09-24 00:23:57,19630,,7,19631785,0,3924,1971,0,0,42,flash,278,7937,15,0,5048015,2109,42,16,0,1,12,3895.5,72.7,336.0,0,False,False,none,none,0,1,,,19629758,0xa887132e,560,1328,1061909,0,0,0,0,0,0
2026-09-24 00:24:27,19660,,7,19661768,0,3930,1974,0,0,42,flash,230,7951,15,0,5056025,2111,42,16,0,1,12,3888.3,72.6,336.0,0,False,False,none,none,0,1,,,19659743,0xa887132e,560,1328,1063519,0,0,0,0,0,0
2026-09-24 00:24:57,19690,,7,19691761,0,3936,1977,0,0,42,flash,228,7962,15,0,5062988,2113,42,16,0,1,12,3889.7,72.6,336.0,0,False,False,none,none,0,1,,,19689731,0xa887132e,560,1328,1065310,0,0,0,0,0,0
2026-09-24 00:25:27,19720,,7,19721744,0,3942,1980,0,0,42,flash,300,7975,15,0,5070418,2115,42,16,0,1,12,3894.9,72.7,336.0,0,False,False,none,none,0,1,,,19719719,0xa887132e,560,1328,1066897,0,0,0,0,0,0
2026-09-24 00:25:57,19750,,7,19751753,0,3948,1983,0,0,42,flash,226,7988,15,0,5078158,2117,42,16,0,1,12,3899.4,72.7,336.0,0,False,False,none,none,0,1,,,19749715,0xa887132e,560,1328,1068606,0,0,0,0,0,0
2026-09-24 00:26:27,19780,,7,19781710,0,3954,1986,0,0,42,flash,257,8000,15,0,5085318,2119,42,16,0,1,12,3888.5,72.6,336.0,0,False,False,none,none,0,1,,,19779682,0xa887132e,560,1328,1070210,0,0,0,0,0,0
2026-09-24 00:26:57,19810,,7,19811701,0,3960,1989,0,0,42,flash,283,8006,15,0,5093367,2121,42,16,0,1,12,3896.6,72.7,336.0,0,False,False,none,none,0,1,,,19809668,0xa887132e,560,1328,1071903,0,0,0,0,0,0
2026-09-24 00:27:27,19840,,7,19841678,0,3966,1992,0,0,42,flash,227,8016,15,0,5101413,2123,42,16,0,1,12,3888.1,72.5,336.0,0,False,False,none,none,0,1,,,19839650,0xa887132e,560,1328,1073500,0,0,0,0,0,0
2026-09-24 00:27:57,19870,,7,19871670,0,3972,1995,0,0,42,flash,224,8029,15,0,5108316,2125,42,16,0,1,12,3888.0,72.5,336.0,0,False,False,none,none,0,1,,,19869640,0xa887132e,560,1328,1075223,0,0,0,0,0,0
2026-09-24 00:28:27,19900,,7,19901672,0,3978,1998,0,0,42,flash,301,8044,15,0,5115685,2127,42,16,0,1,12,3894.3,72.6,336.0,0,False,False,none,none,0,1,,,19899645,0xa887132e,560,1328,1076792,0,0,0,0,0,0
2026-09-24 00:28:57,19930,,7,19931664,0,3984,2001,0,0,42,flash,218,8055,15,0,5123369,2129,42,16,0,1,12,3900.4,72.7,336.0,0,False,False,none,none,0,1,,,19929634,0xa887132e,560,1328,1078471,0,0,0,0,0,0
2026-09-24 00:29:27,19960,,7,19961652,0,3990,2004,0,0,42,flash,254,8069,15,0,5130659,2131,42,16,0,1,12,3887.2,72.5,336.0,0,False,False,none,none,0,1,,,19959621,0xa887132e,560,1328,1080039,0,0,0,0,0,0
2026-09-24 00:29:57,19990,,7,19991630,0,3996,2007,0,0,42,flash,292,8079,15,0,5138750,2133,42,16,0,1,12,3895.8,72.7,336.0,0,False,False,none,none,0,1,,,19989608,0xa887132e,560,1328,1081774,0,0,0,0,0,0
2026-09-24 00:30:27,20020,,7,20021614,0,4002,2010,0,0,42,flash,225,8090,15,0,5146922,2135,42,16,0,1,12,3889.9,72.6,336.0,0,False,False,none,none,0,1,,,20019588,0xa887132e,560,1328,1083287,0,0,0,0,0,0
2026-09-24 00:30:57,20050,,7,20051605,0,4008,2013,0,0,42,flash,217,8101,15,0,5153864,2137,42,16,0,1,12,3889.2,72.6,336.0,0,False,False,none,none,0,1,,,20049577,0xa887132e,560,1328,1085033,0,0,0,0,0,0
2026-09-24 00:31:27,20080,,7,20081591,0,4014,2016,0,0,42,flash,289,8117,16,0,5161315,2139,42,16,0,1,12,3893.8,72.6,336.0,0,False,False,none,none,0,1,,,20079569,0xa887132e,560,1328,1086609,0,0,0,0,0,0
2026-09-24 00:31:57,20110,,7,20111595,0,4020,2019,0,0,42,flash,212,8129,16,0,5169059,2141,42,16,0,1,12,3902.0,72.8,336.0,0,False,False,none,none,0,1,,,20109562,0xa887132e,560,1328,1088361,0,0,0,0,0,0
2026-09-24 00:32:27,20140,,7,20141572,0,4026,2022,0,0,42,flash,239,8145,16,0,5176259,2143,42,16,0,1,12,3889.0,72.5,336.0,0,False,False,none,none,0,1,,,20139543,0xa887132e,560,1328,1089942,0,0,0,0,0,0
2026-09-24 00:32:57,20170,,7,20171563,0,4032,2025,0,0,42,flash,280,8151,16,0,5184276,2145,42,16,0,1,12,3897.9,72.7,336.0,0,False,False,none,none,0,1,,,20169534,0xa887132e,560,1328,1091658,0,0,0,0,0,0
2026-09-24 00:33:27,20200,,7,20201566,0,4038,2028,0,0,42,flash,231,8160,16,0,5192347,2147,42,16,0,1,12,3888.9,72.5,336.0,0,False,False,none,none,0,1,,,20199539,0xa887132e,560,1328,1093265,0,0,0,0,0,0
2026-09-24 00:33:57,20230,,7,20231555,0,4044,2031,0,0,42,flash,228,8177,16,0,5199341,2149,42,16,0,1,12,3890.5,72.6,336.0,0,False,False,none,none,0,1,,,20229529,0xa887132e,560,1328,1094932,0,0,0,0,0,0
2026-09-24 00:34:27,20260,,7,20261550,0,4050,2034,0,0,42,flash,301,8193,16,0,5206748,2151,42,16,0,1,12,3894.0,72.6,336.0,0,False,False,none,none,0,1,,,20259520,0xa887132e,560,1328,1096557,0,0,0,0,0,0
2026-09-24 00:34:57,20290,,7,20291553,0,4056,2037,0,0,42,flash,225,8207,16,0,5214487,2153,42,16,0,1,12,3899.4,72.7,336.0,0,False,False,none,none,0,1,,,20289516,0xa887132e,560,1328,1098263,0,0,0,0,0,0
2026-09-24 00:35:27,20320,,7,20321560,0,4062,2040,0,0,42,flash,260,8222,16,0,5221665,2155,42,16,0,1,12,3887.4,72.5,336.0,0,False,False,none,none,0,1,,,20319521,0xa887132e,560,1328,1099818,0,0,0,0,0,0
2026-09-24 00:35:57,20350,,7,20351530,0,4068,2043,0,0,42,flash,280,8228,16,0,5229742,2157,42,16,0,1,12,3896.2,72.7,336.0,0,False,False,none,none,0,1,,,20349499,0xa887132e,560,1328,1101445,0,0,0,0,0,0
2026-09-24 00:36:27,20380,,7,20381516,0,4074,2046,0,0,42,flash,231,8237,16,0,5237806,2159,42,16,0,1,12,3888.9,72.5,336.0,0,False,False,none,none,0,1,,,20379488,0xa887132e,560,1328,1102960,0,0,0,0,0,0
2026-09-24 00:36:57,20410,,7,20411529,0,4080,2049,0,0,42,flash,226,8250,16,0,5244689,2161,42,16,0,1,12,3888.3,72.5,336.0,0,False,False,none,none,0,1,,,20409488,0xa887132e,560,1328,1104754,0,0,0,0,0,0
2026-09-24 00:37:27,20440,,7,20441518,0,4086,2052,0,0,42,flash,293,8265,16,0,5252027,2163,42,16,0,1,12,3894.2,72.7,336.0,0,False,False,none,none,0,1,,,20439479,0xa887132e,560,1328,1106321,0,0,0,0,0,0
2026-09-24 00:37:57,20470,,7,20471482,0,4092,2055,0,0,42,flash,232,8274,16,0,5259768,2165,42,16,0,1,12,3901.5,72.8,336.0,0,False,False,none,none,0,1,,,20469456,0xa887132e,560,1328,1108021,0,0,0,0,0,0
2026-09-24 00:38:27,20500,,7,20501478,0,4098,2058,0,0,42,flash,254,8289,16,0,5266980,2167,42,16,0,1,12,3888.4,72.5,336.0,0,False,False,none,none,0,1,,,20499455,0xa887132e,560,1328,1109615,0,0,0,0,0,0
2026-09-24 00:38:57,20530,,7,20531490,0,4104,2061,0,0,42,flash,258,8295,16,0,5275078,2169,42,16,0,1,12,3896.3,72.7,336.0,0,False,False,none,none,0,1,,,20529461,0xa887132e,560,1328,1111240,0,0,0,0,0,0
2026-09-24 00:39:27,20560,,7,20561479,0,4110,2064,0,0,42,flash,223,8304,16,0,5283135,2171,42,16,0,1,12,3890.3,72.6,336.0,0,False,False,none,none,0,1,,,20559440,0xa887132e,560,1328,1112834,0,0,0,0,0,0
2026-09-24 00:39:57,20590,,7,20591469,0,4116,2067,0,0,42,flash,227,8318,16,0,5290044,2173,42,16,0,1,12,3888.5,72.5,336.0,0,False,False,none,none,0,1,,,20589440,0xa887132e,560,1328,1114595,0,0,0,0,0,0
2026-09-24 00:40:27,20620,,7,20621448,0,4122,2070,0,0,42,flash,288,8335,16,0,5297439,2175,42,16,0,1,12,3894.7,72.6,336.0,0,False,False,none,none,0,1,,,20619413,0xa887132e,560,1328,1116184,0,0,0,0,0,0
2026-09-24 00:40:57,20650,,7,20651457,0,4128,2073,0,0,42,flash,223,8346,16,0,5305175,2177,42,16,0,1,12,3899.8,72.7,336.0,0,False,False,none,none,0,1,,,20649425,0xa887132e,560,1328,1117831,0,0,0,0,0,0
2026-09-24 00:41:27,20680,,7,20681449,0,4134,2076,0,0,42,flash,253,8363,16,0,5312334,2179,42,16,0,1,12,3889.2,72.6,336.0,0,False,False,none,none,0,1,,,20679418,0xa887132e,560,1328,1119396,0,0,0,0,0,0
2026-09-24 00:41:57,20710,,7,20711448,0,4140,2079,0,0,42,flash,273,8372,16,0,5320245,2181,42,16,0,1,12,3895.9,72.7,336.0,0,False,False,none,none,0,1,,,20709418,0xa887132e,560,1328,1121160,0,0,0,0,0,0
2026-09-24 00:42:27,20740,,7,20741413,0,4146,2082,0,0,42,flash,230,8389,16,0,5328343,2183,42,16,0,1,12,3888.9,72.5,336.0,0,False,False,none,none,0,1,,,20739384,0xa887132e,560,1328,1122729,0,0,0,0,0,0
2026-09-24 00:42:57,20770,,7,20771395,0,4152,2085,0,0,42,flash,230,8401,16,0,5335233,2185,42,16,0,1,12,3888.6,72.6,336.0,0,False,False,none,none,0,1,,,20769367,0xa887132e,560,1328,1124489,0,0,0,0,0,0
2026-09-24 00:43:27,20800,,7,20801374,0,4158,2088,0,0,42,flash,285,8417,16,0,5342600,2187,42,16,0,1,12,3895.5,72.7,336.0,0,False,False,none,none,0,1,,,20799347,0xa887132e,560,1328,1126056,0,0,0,0,0,0
2026-09-24 00:43:57,20830,,7,20831353,0,4164,2091,0,0,42,flash,222,8429,16,0,5350229,2189,42,16,0,1,12,3900.6,72.7,336.0,0,False,False,none,none,0,1,,,20829325,0xa887132e,560,1328,1127845,0,0,0,0,0,0
2026-09-24 00:44:27,20860,,7,20861344,0,4170,2094,0,0,42,flash,260,8444,16,0,5357382,2191,42,16,0,1,12,3886.6,72.5,336.0,0,False,False,none,none,0,1,,,20859318,0xa887132e,560,1328,1129400,0,0,0,0,0,0
2026-09-24 00:44:57,20890,,7,20891342,0,4176,2097,0,0,42,flash,272,8451,16,0,5365328,2193,42,16,0,1,12,3896.1,72.7,336.0,0,False,False,none,none,0,1,,,20889314,0xa887132e,560,1328,1131143,0,0,0,0,0,0
2026-09-24 00:45:27,20920,,7,20921314,0,4182,2100,0,0,42,flash,230,8463,16,0,5373299,2195,42,16,0,1,12,3889.5,72.5,336.0,0,False,False,none,none,0,1,,,20919286,0xa887132e,560,1328,1132724,0,0,0,0,0,0
2026-09-24 00:45:57,20950,,7,20951317,0,4188,2103,0,0,42,flash,227,8477,16,0,5380155,2197,42,16,0,1,12,3887.2,72.5,336.0,0,False,False,none,none,0,1,,,20949285,0xa887132e,560,1328,1134432,0,0,0,0,0,0
2026-09-24 00:46:27,20980,,7,20981307,0,4194,2106,0,0,42,flash,310,8496,16,0,5387521,2199,42,16,0,1,12,3891.9,72.6,336.0,0,False,False,none,none,0,1,,,20979282,0xa887132e,560,1328,1136053,0,0,0,0,0,0
2026-09-24 00:46:57,21010,,7,21011312,0,4200,2109,0,0,42,flash,229,8509,16,0,5395405,2201,42,16,0,1,12,3902.0,72.7,336.0,0,False,False,none,none,0,1,,,21009284,0xa887132e,560,1328,1137833,0,0,0,0,0,0
2026-09-24 00:47:27,21040,,7,21041300,0,4206,2112,0,0,42,flash,264,8523,16,0,5402730,2203,42,16,0,1,12,3888.5,72.5,336.0,0,False,False,none,none,0,1,,,21039277,0xa887132e,560,1328,1139325,0,0,0,0,0,0
2026-09-24 00:47:57,21070,,7,21071291,0,4212,2115,0,0,42,flash,281,8531,16,0,5410927,2205,42,16,0,1,12,3896.0,72.7,336.0,0,False,False,none,none,0,1,,,21069265,0xa887132e,560,1328,1140951,0,0,0,0,0,0
2026-09-24 00:48:27,21100,,7,21101285,0,4218,2118,0,0,42,flash,228,8544,16,0,5419086,2207,42,16,0,1,12,3887.5,72.5,336.0,0,False,False,none,none,0,1,,,21099259,0xa887132e,560,1328,1142523,0,0,0,0,0,0
2026-09-24 00:48:57,21130,,7,21131264,0,4224,2121,0,0,42,flash,237,8556,16,0,5426114,2209,42,16,0,1,12,3888.1,72.5,336.0,0,False,False,none,none,0,1,,,21129235,0xa887132e,560,1328,1144232,0,0,0,0,0,0
2026-09-24 00:49:28,21160,,7,21161271,0,4230,2124,0,0,42,flash,290,8571,16,0,5433577,2211,42,16,0,1,12,3893.6,72.6,336.0,0,False,False,none,none,0,1,,,21159238,0xa887132e,560,1328,1145848,0,0,0,0,0,0
2026-09-24 00:49:58,21190,,7,21191252,0,4236,2127,0,0,42,flash,216,8577,16,0,5441417,2213,42,16,0,1,12,3900.4,72.7,336.0,0,False,False,none,none,0,1,,,21189224,0xa887132e,560,1328,1147502,0,0,0,0,0,0
2026-09-24 00:50:28,21220,,7,21221229,0,4242,2130,0,0,42,flash,253,8590,16,0,5448647,2215,42,16,0,1,12,3887.5,72.5,336.0,0,False,False,none,none,0,1,,,21219203,0xa887132e,560,1328,1149041,0,0,0,0,0,0
2026-09-24 00:50:58,21250,,7,21251215,0,4248,2133,0,0,42,flash,281,8598,16,0,5456752,2217,42,16,0,1,12,3896.1,72.7,336.0,0,False,False,none,none,0,1,,,21249186,0xa887132e,560,1328,1150778,0,0,0,0,0,0
2026-09-24 00:51:28,21280,,7,21281207,0,4254,2136,0,0,42,flash,235,8612,16,0,5464970,2219,42,16,0,1,12,3890.5,72.6,336.0,0,False,False,none,none,0,1,,,21279181,0xa887132e,560,1328,1152286,0,0,0,0,0,0
2026-09-24 00:51:58,21310,,7,21311203,0,4260,2139,0,0,42,flash,229,8623,16,0,5471938,2221,42,16,0,1,12,3888.6,72.5,336.0,0,False,False,none,none,0,1,,,21309175,0xa887132e,560,1328,1154054,0,0,0,0,0,0
2026-09-24 00:52:28,21340,,7,21341198,0,4266,2142,0,0,42,flash,302,8641,16,0,5479376,2223,42,16,0,1,12,3892.4,72.6,336.0,0,False,False,none,none,0,1,,,21339175,0xa887132e,560,1328,1155658,0,0,0,0,0,0
2026-09-24 00:52:58,21370,,7,21371212,0,4272,2145,0,0,42,flash,228,8654,17,0,5487089,2225,42,16,0,1,12,3900.4,72.7,336.0,0,False,False,none,none,0,1,,,21369184,0xa887132e,560,1328,1157472,0,0,0,0,0,0
2026-09-24 00:53:28,21400,,7,21401179,0,4278,2148,0,0,42,flash,258,8668,17,0,5494319,2227,42,16,0,1,12,3888.4,72.5,336.0,0,False,False,none,none,0,1,,,21399155,0xa887132e,560,1328,1159061,0,0,0,0,0,0
2026-09-24 00:53:58,21430,,7,21431164,0,4284,2151,0,0,42,flash,277,8674,17,0,5502371,2229,42,16,0,1,12,3896.3,72.7,336.0,0,False,False,none,none,0,1,,,21429139,0xa887132e,560,1328,1160757,0,0,0,0,0,0
2026-09-24 00:54:28,21460,,7,21461179,0,4290,2154,0,0,42,flash,232,8687,17,0,5510465,2231,42,16,0,1,12,3888.6,72.5,336.0,0,False,False,none,none,0,1,,,21459148,0xa887132e,560,1328,1162355,0,0,0,0,0,0
2026-09-24 00:54:58,21490,,7,21491170,0,4296,2157,0,0,42,flash,224,8696,17,0,5517368,2233,42,16,0,1,12,3887.4,72.5,336.0,0,False,False,none,none,0,1,,,21489144,0xa887132e,560,1328,1164110,0,0,0,0,0,0
2026-09-24 00:55:28,21520,,7,21521162,0,4302,2160,0,0,42,flash,294,8709,17,0,5524805,2235,42,16,0,1,12,3895.0,72.7,336.0,0,False,False,none,none,0,1,,,21519136,0xa887132e,560,1328,1165800,0,0,0,0,0,0
2026-09-24 00:55:58,21550,,7,21551159,0,4308,2163,0,0,42,flash,221,8716,17,0,5532619,2237,42,16,0,1,12,3900.8,72.7,336.0,0,False,False,none,none,0,1,,,21549135,0xa887132e,560,1328,1167537,0,0,0,0,0,0
2026-09-24 00:56:28,21580,,7,21581142,0,4314,2166,0,0,42,flash,247,8730,17,0,5539868,2239,42,16,0,1,12,3889.8,72.6,336.0,0,False,False,none,none,0,1,,,21579120,0xa887132e,560,1328,1169099,0,0,0,0,0,0
2026-09-24 00:56:58,21610,,7,21611128,0,4320,2170,0,0,42,flash,273,8738,17,0,5547949,2241,42,16,0,1,12,3896.0,72.7,336.0,0,False,False,none,none,0,1,,,21609100,0xa887132e,560,1328,1170794,0,0,0,0,0,0
2026-09-24 00:57:28,21640,,7,21641129,0,4326,2173,0,0,42,flash,234,8750,17,0,5556035,2243,42,16,0,1,12,3887.7,72.5,336.0,0,False,False,none,none,0,1,,,21639097,0xa887132e,560,1328,1172414,0,0,0,0,0,0
2026-09-24 00:57:58,21670,,7,21671127,0,4332,2176,0,0,42,flash,227,8766,17,0,5563033,2245,42,16,0,1,12,3890.1,72.6,336.0,0,False,False,none,none,0,1,,,21669097,0xa887132e,560,1328,1174074,0,0,0,0,0,0
2026-09-24 00:58:28,21700,,7,21701107,0,4338,2179,0,0,42,flash,298,8782,17,0,5570475,2247,42,16,0,1,12,3894.5,72.6,336.0,0,False,False,none,none,0,1,,,21699079,0xa887132e,560,1328,1175595,0,0,0,0,0,0
2026-09-24 00:58:58,21730,,7,21731103,0,4344,2182,0,0,42,flash,219,8795,17,0,5578214,2249,42,16,0,1,12,3901.4,72.8,336.0,0,False,False,none,none,0,1,,,21729075,0xa887132e,560,1328,1177332,0,0,0,0,0,0
2026-09-24 00:59:28,21760,,7,21761087,0,4350,2185,0,0,42,flash,254,8812,17,0,5585375,2251,42,16,0,1,12,3886.7,72.5,336.0,0,False,False,none,none,0,1,,,21759051,0xa887132e,560,1328,1178882,0,0,0,0,0,0
2026-09-24 00:59:58,21790,,7,21791070,0,4356,2188,0,0,42,flash,276,8819,17,0,5593479,2253,42,16,0,1,12,3897.3,72.7,336.0,0,False,False,none,none,0,1,,,21789044,0xa887132e,560,1328,1180597,0,0,0,0,0,0
2026-09-24 01:00:28,21820,,7,21821061,0,4362,2191,0,0,42,flash,231,8831,17,0,5601547,2255,42,16,0,1,12,3888.6,72.6,336.0,0,False,False,none,none,0,1,,,21819032,0xa887132e,560,1328,1182239,0,0,0,0,0,0
2026-09-24 01:00:58,21850,,7,21851117,0,4368,2194,0,0,42,flash,227,8842,17,0,5608506,2257,42,16,0,1,12,3889.6,72.6,336.0,0,False,False,none,none,0,1,,,21849049,0xa887132e,560,1328,1183976,0,0,0,0,0,0
2026-09-24 01:01:28,21880,,7,21881038,0,4374,2197,0,0,42,flash,293,8859,17,0,5615822,2259,42,17,0,1,12,3895.6,72.7,336.0,0,False,False,none,none,0,1,,,21879005,0xa887132e,560,1328,1185666,0,0,0,0,0,0
2026-09-24 01:01:58,21910,,7,21911042,0,4380,2200,0,0,42,flash,225,8871,17,0,5623560,2261,42,17,0,1,12,3900.6,72.7,336.0,0,False,False,none,none,0,1,,,21909008,0xa887132e,560,1328,1187364,0,0,0,0,0,0
2026-09-24 01:02:28,21940,,7,21941048,0,4386,2203,0,0,42,flash,260,8886,17,0,5630755,2263,42,17,0,1,12,3888.0,72.5,336.0,0,False,False,none,none,0,1,,,21939018,0xa887132e,560,1328,1188904,0,0,0,0,0,0
2026-09-24 01:02:58,21970,,7,21971017,0,4392,2206,0,0,42,flash,281,8893,17,0,5638776,2265,42,17,0,1,12,3897.3,72.7,336.0,0,False,False,none,none,0,1,,,21968992,0xa887132e,560,1328,1190557,0,0,0,0,0,0
2026-09-24 01:03:28,22000,,7,22001011,0,4398,2209,0,0,42,flash,225,8903,17,0,5646779,2267,42,17,0,1,12,3887.6,72.5,336.0,0,False,False,none,none,0,1,,,21998984,0xa887132e,560,1328,1192166,0,0,0,0,0,0
2026-09-24 01:03:58,22030,,7,22031006,0,4404,2212,0,0,42,flash,233,8917,17,0,5653676,2269,42,17,0,1,12,3888.7,72.5,336.0,0,False,False,none,none,0,1,,,22028974,0xa887132e,560,1328,1193925,0,0,0,0,0,0
2026-09-24 01:04:28,22060,,7,22060997,0,4410,2215,0,0,42,flash,303,8931,17,0,5661177,2271,42,17,0,1,12,3893.3,72.6,336.0,0,False,False,none,none,0,1,,,22058976,0xa887132e,560,1328,1195494,0,0,0,0,0,0
2026-09-24 01:04:58,22090,,7,22090992,0,4416,2218,0,0,42,flash,227,8944,17,0,5668971,2273,42,17,0,1,12,3900.5,72.7,336.0,0,False,False,none,none,0,1,,,22088961,0xa887132e,560,1328,1197237,0,0,0,0,0,0
2026-09-24 01:05:28,22120,,7,22120990,0,4422,2221,0,0,42,flash,249,8959,17,0,5676227,2275,42,17,0,1,12,3886.6,72.5,336.0,0,False,False,none,none,0,1,,,22118961,0xa887132e,560,1328,1198763,0,0,0,0,0,0
2026-09-24 01:05:58,22150,,7,22150980,0,4428,2224,0,0,42,flash,278,8967,17,0,5684266,2277,42,17,0,1,12,3896.5,72.7,336.0,0,False,False,none,none,0,1,,,22148953,0xa887132e,560,1328,1200495,0,0,0,0,0,0
2026-09-24 01:06:28,22180,,7,22180958,0,4434,2227,0,0,42,flash,225,8977,17,0,5692419,2279,42,17,0,1,12,3888.0,72.5,336.0,0,False,False,none,none,0,1,,,22178935,0xa887132e,560,1328,1202067,0,0,0,0,0,0
2026-09-24 01:06:58,22210,,7,22210954,0,4440,2230,0,0,42,flash,225,8990,17,0,5699392,2281,42,17,0,1,12,3888.5,72.5,336.0,0,False,False,none,none,0,1,,,22208930,0xa887132e,560,1328,1203741,0,0,0,0,0,0
2026-09-24 01:07:28,22240,,7,22240936,0,4446,2233,0,0,42,flash,300,9007,17,0,5706826,2283,42,17,0,1,12,3893.7,72.6,336.0,0,False,False,none,none,0,1,,,22238916,0xa887132e,560,1328,1205267,0,0,0,0,0,0
2026-09-24 01:07:58,22270,,7,22270946,0,4452,2236,0,0,42,flash,222,9014,17,0,5714596,2285,42,17,0,1,12,3901.4,72.7,336.0,0,False,False,none,none,0,1,,,22268920,0xa887132e,560,1328,1206885,0,0,0,0,0,0
2026-09-24 01:08:28,22300,,7,22300945,0,4458,2239,0,0,42,flash,243,9026,17,0,5721803,2287,42,17,0,1,12,3887.8,72.5,336.0,0,False,False,none,none,0,1,,,22298915,0xa887132e,560,1328,1208455,0,0,0,0,0,0
2026-09-24 01:08:58,22330,,7,22330921,0,4464,2242,0,0,42,flash,282,9033,17,0,5729874,2289,42,17,0,1,12,3894.9,72.7,336.0,0,False,False,none,none,0,1,,,22328892,0xa887132e,560,1328,1210168,0,0,0,0,0,0
2026-09-24 01:09:28,22360,,7,22360934,0,4470,2245,0,0,42,flash,228,9044,17,0,5737990,2291,42,17,0,1,12,3887.0,72.5,336.0,0,False,False,none,none,0,1,,,22358904,0xa887132e,560,1328,1211703,0,0,0,0,0,0
2026-09-24 01:09:58,22390,,7,22390924,0,4476,2248,0,0,42,flash,227,9056,17,0,5744930,2293,42,17,0,1,12,3890.0,72.6,336.0,0,False,False,none,none,0,1,,,22388897,0xa887132e,560,1328,1213402,0,0,0,0,0,0
2026-09-24 01:10:28,22420,,7,22420916,0,4482,2251,0,0,42,flash,301,9068,17,0,5752309,2295,42,17,0,1,12,3894.6,72.7,336.0,0,False,False,none,none,0,1,,,22418884,0xa887132e,560,1328,1214982,0,0,0,0,0,0
2026-09-24 01:10:58,22450,,7,22450908,0,4488,2254,0,0,42,flash,232,9082,17,0,5760098,2297,42,17,0,1,12,3901.1,72.8,336.0,0,False,False,none,none,0,1,,,22448874,0xa887132e,560,1328,1216599,0,0,0,0,0,0
2026-09-24 01:11:28,22480,,7,22480883,0,4494,2257,0,0,42,flash,249,9097,17,0,5767256,2299,42,17,0,1,12,3888.1,72.5,336.0,0,False,False,none,none,0,1,,,22478857,0xa887132e,560,1328,1218130,0,0,0,0,0,0
2026-09-24 01:11:58,22510,,7,22510886,0,4500,2260,0,0,42,flash,272,9105,17,0,5775293,2301,42,17,0,1,12,3895.2,72.7,336.0,0,False,False,none,none,0,1,,,22508851,0xa887132e,560,1328,1219748,0,0,0,0,0,0
2026-09-24 01:12:28,22540,,7,22540854,0,4506,2263,0,0,42,flash,230,9116,17,0,5783279,2303,42,17,0,1,12,3889.0,72.6,336.0,0,False,False,none,none,0,1,,,22538829,0xa887132e,560,1328,1221339,0,0,0,0,0,0
2026-09-24 01:12:58,22570,,7,22570850,0,4512,2266,0,0,42,flash,229,9129,17,0,5790236,2305,42,17,0,1,12,3889.3,72.6,336.0,0,False,False,none,none,0,1,,,22568830,0xa887132e,560,1328,1223082,0,0,0,0,0,0
2026-09-24 01:13:28,22600,,7,22600827,0,4518,2269,0,0,42,flash,287,9145,17,0,5797678,2307,42,17,0,1,12,3892.5,72.6,336.0,0,False,False,none,none,0,1,,,22598796,0xa887132e,560,1328,1224596,0,0,0,0,0,0
2026-09-24 01:13:58,22630,,7,22630848,0,4524,2272,0,0,42,flash,217,9157,18,0,5805410,2309,42,17,0,1,12,3902.5,72.7,336.0,0,False,False,none,none,0,1,,,22628819,0xa887132e,560,1328,1226358,0,0,0,0,0,0
2026-09-24 01:14:28,22660,,7,22660821,0,4530,2275,0,0,42,flash,242,9172,18,0,5812494,2311,42,17,0,1,12,3886.3,72.5,336.0,0,False,False,none,none,0,1,,,22658795,0xa887132e,560,1328,1228148,0,0,0,0,0,0
2026-09-24 01:14:58,22690,,7,22690813,0,4536,2278,0,0,42,flash,281,9181,18,0,5820533,2313,42,17,0,1,12,3895.5,72.7,336.0,0,False,False,none,none,0,1,,,22688786,0xa887132e,560,1328,1229827,0,0,0,0,0,0
2026-09-24 01:15:28,22720,,7,22720822,0,4542,2281,0,0,42,flash,227,9195,18,0,5828612,2315,42,17,0,1,12,3888.5,72.5,336.0,0,False,False,none,none,0,1,,,22718794,0xa887132e,560,1328,1231409,0,0,0,0,0,0
2026-09-24 01:15:58,22750,,7,22750802,0,4548,2285,0,0,42,flash,228,9211,18,0,5835524,2317,42,17,0,1,12,3890.3,72.6,336.0,0,False,False,none,none,0,1,,,22748778,0xa887132e,560,1328,1233088,0,0,0,0,0,0
2026-09-24 01:16:28,22780,,7,22780807,0,4554,2288,0,0,42,flash,293,9225,18,0,5842815,2319,42,17,0,1,12,3895.0,72.7,336.0,0,False,False,none,none,0,1,,,22778776,0xa887132e,560,1328,1234810,0,0,0,0,0,0
2026-09-24 01:16:58,22810,,7,22810791,0,4560,2291,0,0,42,flash,229,9235,18,0,5850493,2321,42,17,0,1,12,3899.6,72.7,336.0,0,False,False,none,none,0,1,,,22808764,0xa887132e,560,1328,1236488,0,0,0,0,0,0
2026-09-24 01:17:28,22840,,7,22840775,0,4566,2294,0,0,42,flash,244,9255,18,0,5857667,2323,42,17,0,1,12,3885.6,72.5,336.0,0,False,False,none,none,0,1,,,22838750,0xa887132e,560,1328,1238108,0,0,0,0,0,0
2026-09-24 01:17:58,22870,,7,22870782,0,4572,2297,0,0,42,flash,277,9263,18,0,5865635,2325,42,17,0,1,12,3897.0,72.6,336.0,0,False,False,none,none,0,1,,,22868755,0xa887132e,560,1328,1239889,0,0,0,0,0,0
2026-09-24 01:18:28,22900,,7,22900768,0,4578,2300,0,0,42,flash,235,9275,18,0,5873710,2327,42,17,0,1,12,3889.2,72.5,336.0,0,False,False,none,none,0,1,,,22898734,0xa887132e,560,1328,1241389,0,0,0,0,0,0
2026-09-24 01:18:58,22930,,7,22930785,0,4584,2303,0,0,42,flash,244,9284,18,0,5880929,2329,42,17,0,1,12,3888.6,72.5,336.0,0,False,False,none,none,0,1,,,22928758,0xa887132e,560,1328,1243177,0,0,0,0,0,0
2026-09-24 01:19:28,22960,,7,22960770,0,4590,2306,0,0,42,flash,314,9302,18,0,5888699,2331,42,17,0,1,12,3893.3,72.6,336.0,0,False,False,none,none,0,1,,,22958744,0xa887132e,560,1328,1244863,0,0,0,0,0,0
2026-09-24 01:19:58,22990,,7,22990751,0,4596,2309,0,0,42,flash,240,9311,18,0,5897038,2333,42,17,0,1,12,3900.0,72.7,336.0,0,False,False,none,none,0,1,,,22988724,0xa887132e,560,1328,1246494,0,0,0,0,0,0
2026-09-24 01:20:28,23021,,7,23020761,0,4602,2312,0,0,42,flash,270,9326,18,0,5904679,2335,42,17,0,1,12,3888.9,72.6,336.0,0,False,False,none,none,0,1,,,23018737,0xa887132e,560,1328,1248065,0,0,0,0,0,0
2026-09-24 01:20:58,23051,,7,23050757,0,4608,2315,0,0,42,flash,296,9337,18,0,5913212,2337,42,17,0,1,12,3894.4,72.6,336.0,0,False,False,none,none,0,1,,,23048733,0xa887132e,560,1328,1249735,0,0,0,0,0,0
2026-09-24 01:21:28,23081,,7,23080748,0,4614,2318,0,0,42,flash,245,9352,18,0,5921794,2339,42,17,0,1,12,3888.7,72.5,336.0,0,False,False,none,none,0,1,,,23078721,0xa887132e,560,1328,1251244,0,0,0,0,0,0
2026-09-24 01:21:58,23111,,7,23110737,0,4620,2321,0,0,42,flash,240,9369,18,0,5929077,2341,42,17,0,1,12,3888.0,72.5,336.0,0,False,False,none,none,0,1,,,23108710,0xa887132e,560,1328,1253002,0,0,0,0,0,0
2026-09-24 01:22:28,23141,,7,23140759,0,4626,2324,0,0,42,flash,332,9387,18,0,5936957,2343,42,17,0,1,12,3893.6,72.6,336.0,0,False,False,none,none,0,1,,,23138721,0xa887132e,560,1328,1254541,0,0,0,0,0,0
2026-09-24 01:22:58,23171,,7,23170747,0,4632,2327,0,0,42,flash,223,9401,18,0,5945142,2345,42,17,0,1,12,3899.6,72.7,336.0,0,False,False,none,none,0,1,,,23168710,0xa887132e,560,1328,1256324,0,0,0,0,0,0
2026-09-24 01:23:28,23201,,7,23200729,0,4638,2330,0,0,42,flash,243,9417,18,0,5952680,2347,42,17,0,1,12,3886.6,72.5,336.0,0,False,False,none,none,0,1,,,23198699,0xa887132e,560,1328,1257952,0,0,0,0,0,0
2026-09-24 01:23:58,23231,,7,23230726,0,4644,2333,0,0,42,flash,287,9425,18,0,5961187,2349,42,17,0,1,12,3896.0,72.7,336.0,0,False,False,none,none,0,1,,,23228699,0xa887132e,560,1328,1259571,0,0,0,0,0,0
2026-09-24 01:24:28,23261,,7,23260711,0,4650,2336,0,0,42,flash,237,9437,18,0,5969704,2351,42,17,0,1,12,3889.2,72.6,336.0,0,False,False,none,none,0,1,,,23258691,0xa887132e,560,1328,1261153,0,0,0,0,0,0
2026-09-24 01:24:58,23291,,7,23290696,0,4656,2339,0,0,42,flash,254,9450,18,0,5976995,2353,42,17,0,1,12,3889.1,72.5,336.0,0,False,False,none,none,0,1,,,23288669,0xa887132e,560,1328,1262805,0,0,0,0,0,0
2026-09-24 01:25:28,23321,,7,23320689,0,4662,2342,0,0,42,flash,317,9464,18,0,5984858,2355,42,17,0,1,12,3891.2,72.6,336.0,0,False,False,none,none,0,1,,,23318662,0xa887132e,560,1328,1264321,0,0,0,0,0,0
2026-09-24 01:25:58,23351,,7,23350688,0,4668,2345,0,0,42,flash,235,9479,18,0,5993080,2357,42,17,0,1,12,3899.1,72.7,336.0,0,False,False,none,none,0,1,,,23348657,0xa887132e,560,1328,1266092,0,0,0,0,0,0
2026-09-24 01:26:28,23381,,7,23380679,0,4674,2348,0,0,42,flash,269,9496,18,0,6000654,2359,42,17,0,1,12,3886.8,72.5,336.0,0,False,False,none,none,0,1,,,23378656,0xa887132e,560,1328,1267667,0,0,0,0,0,0
2026-09-24 01:26:58,23411,,7,23410666,0,4680,2351,0,0,42,flash,297,9506,18,0,6009134,2361,42,17,0,1,12,3896.9,72.7,336.0,0,False,False,none,none,0,1,,,23408639,0xa887132e,560,1328,1269413,0,0,0,0,0,0
2026-09-24 01:27:28,23441,,7,23440651,0,4686,2354,0,0,42,flash,242,9518,18,0,6017567,2363,42,17,0,1,12,3888.4,72.5,336.0,0,False,False,none,none,0,1,,,23438627,0xa887132e,560,1328,1271062,0,0,0,0,0,0
2026-09-24 01:27:58,23471,,7,23470652,0,4692,2357,0,0,42,flash,239,9532,18,0,6024840,2365,42,17,0,1,12,3889.2,72.6,336.0,0,False,False,none,none,0,1,,,23468621,0xa887132e,560,1328,1272806,0,0,0,0,0,0
2026-09-24 01:28:28,23501,,7,23500646,0,4698,2360,0,0,42,flash,325,9548,18,0,6032550,2367,42,17,0,1,12,3892.5,72.6,336.0,0,False,False,none,none,0,1,,,23498621,0xa887132e,560,1328,1274457,0,0,0,0,0,0
2026-09-24 01:28:58,23531,,7,23530644,0,4704,2363,0,0,42,flash,222,9560,18,0,6040706,2369,42,17,0,1,12,3900.0,72.7,336.0,0,False,False,none,none,0,1,,,23528619,0xa887132e,560,1328,1276182,0,0,0,0,0,0
2026-09-24 01:29:28,23561,,7,23560626,0,4710,2366,0,0,42,flash,255,9575,18,0,6048223,2371,42,17,0,1,12,3887.9,72.5,336.0,0,False,False,none,none,0,1,,,23558600,0xa887132e,560,1328,1277641,0,0,0,0,0,0
2026-09-24 01:29:58,23591,,7,23590623,0,4716,2369,0,0,42,flash,294,9580,18,0,6056680,2373,42,17,0,1,12,3898.0,72.7,336.0,0,False,False,none,none,0,1,,,23588592,0xa887132e,560,1328,1279338,0,0,0,0,0,0
2026-09-24 01:30:28,23621,,7,23620626,0,4722,2372,0,0,42,flash,246,9588,18,0,6065209,2375,42,17,0,1,12,3890.5,72.6,336.0,0,False,False,none,none,0,1,,,23618600,0xa887132e,560,1328,1280787,0,0,0,0,0,0
2026-09-24 01:30:58,23651,,7,23650626,0,4728,2375,0,0,42,flash,238,9601,18,0,6072432,2377,42,17,0,1,12,3887.6,72.5,336.0,0,False,False,none,none,0,1,,,23648598,0xa887132e,560,1328,1282515,0,0,0,0,0,0
2026-09-24 01:31:28,23681,,7,23680611,0,4734,2378,0,0,42,flash,316,9611,18,0,6080106,2379,42,17,0,1,12,3894.7,72.6,336.0,0,False,False,none,none,0,1,,,23678580,0xa887132e,560,1328,1284190,0,0,0,0,0,0
2026-09-24 01:31:58,23711,,7,23710615,0,4740,2381,0,0,42,flash,232,9621,18,0,6088224,2381,42,17,0,1,12,3900.0,72.7,336.0,0,False,False,none,none,0,1,,,23708583,0xa887132e,560,1328,1285965,0,0,0,0,0,0
2026-09-24 01:32:28,23741,,7,23740584,0,4746,2384,0,0,42,flash,250,9634,18,0,6095751,2383,42,17,0,1,12,3886.5,72.5,336.0,0,False,False,none,none,0,1,,,23738558,0xa887132e,560,1328,1287609,0,0,0,0,0,0
2026-09-24 01:32:58,23771,,7,23770587,0,4752,2388,0,0,42,flash,289,9641,18,0,6104286,2385,42,17,0,1,12,3895.0,72.7,336.0,0,False,False,none,none,0,1,,,23768560,0xa887132e,560,1328,1289178,0,0,0,0,0,0
2026-09-24 01:33:28,23801,,7,23800591,0,4758,2391,0,0,42,flash,238,9649,18,0,6112842,2387,42,17,0,1,12,3888.0,72.5,336.0,0,False,False,none,none,0,1,,,23798566,0xa887132e,560,1328,1290670,0,0,0,0,0,0
2026-09-24 01:33:58,23831,,7,23830598,0,4764,2394,0,0,42,flash,241,9662,18,0,6120078,2389,42,17,0,1,12,3888.1,72.5,336.0,0,False,False,none,none,0,1,,,23828572,0xa887132e,560,1328,1292343,0,0,0,0,0,0
2026-09-24 01:34:28,23861,,7,23860589,0,4770,2397,0,0,42,flash,315,9677,18,0,6127779,2391,42,17,0,1,12,3893.5,72.6,336.0,0,False,False,none,none,0,1,,,23858562,0xa887132e,560,1328,1294016,0,0,0,0,0,0
2026-09-24 01:34:58,23891,,7,23890581,0,4776,2400,0,0,42,flash,225,9688,18,0,6135843,2393,42,17,0,1,12,3900.8,72.7,336.0,0,False,False,none,none,0,1,,,23888556,0xa887132e,560,1328,1295855,0,0,0,0,0,0
2026-09-24 01:35:28,23921,,7,23920584,0,4782,2403,0,0,42,flash,265,9705,19,0,6143350,2395,42,17,0,1,12,3886.8,72.5,336.0,0,False,False,none,none,0,1,,,23918559,0xa887132e,560,1328,1297391,0,0,0,0,0,0
2026-09-24 01:35:58,23951,,7,23950592,0,4788,2406,0,0,42,flash,284,9713,19,0,6151683,2397,42,17,0,1,12,3896.1,72.7,336.0,0,False,False,none,none,0,1,,,23948564,0xa887132e,560,1328,1299088,0,0,0,0,0,0
2026-09-24 01:36:28,23981,,7,23980591,0,4794,2409,0,0,42,flash,247,9726,19,0,6160184,2399,42,17,0,1,12,3889.0,72.6,336.0,0,False,False,none,none,0,1,,,23978564,0xa887132e,560,1328,1300628,0,0,0,0,0,0
2026-09-24 01:36:58,24011,,7,24010603,0,4800,2412,0,0,42,flash,239,9740,19,0,6167404,2401,42,17,0,1,12,3887.9,72.5,336.0,0,False,False,none,none,0,1,,,24008575,0xa887132e,560,1328,1302371,0,0,0,0,0,0
2026-09-24 01:37:28,24041,,7,24040596,0,4806,2415,0,0,42,flash,309,9756,19,0,6175096,2403,42,17,0,1,12,3892.6,72.6,336.0,0,False,False,none,none,0,1,,,24038566,0xa887132e,560,1328,1303965,0,0,0,0,0,0
2026-09-24 01:37:58,24071,,7,24070566,0,4812,2418,0,0,42,flash,239,9764,19,0,6183204,2405,42,17,0,1,12,3899.4,72.7,336.0,0,False,False,none,none,0,1,,,24068543,0xa887132e,560,1328,1305595,0,0,0,0,0,0
2026-09-24 01:38:28,24101,,7,24100567,0,4818,2421,0,0,42,flash,267,9777,19,0,6190709,2407,42,17,0,1,12,3886.0,72.5,336.0,0,False,False,none,none,0,1,,,24098542,0xa887132e,560,1328,1307069,0,0,0,0,0,0
2026-09-24 01:38:58,24131,,7,24130578,0,4824,2424,0,0,42,flash,297,9782,19,0,6199113,2409,42,17,0,1,12,3897.0,72.7,336.0,0,False,False,none,none,0,1,,,24128547,0xa887132e,560,1328,1308735,0,0,0,0,0,0
2026-09-24 01:39:28,24161,,7,24160562,0,4830,2427,0,0,42,flash,234,9797,19,0,6207538,2411,42,17,0,1,12,3888.5,72.5,336.0,0,False,False,none,none,0,1,,,24158536,0xa887132e,560,1328,1310246,0,0,0,0,0,0
2026-09-24 01:39:58,24191,,7,24190570,0,4836,2430,0,0,42,flash,232,9812,19,0,6214686,2413,42,17,0,1,12,3889.1,72.5,336.0,0,False,False,none,none,0,1,,,24188542,0xa887132e,560,1328,1311991,0,0,0,0,0,0
2026-09-24 01:40:28,24221,,7,24220558,0,4842,2433,0,0,42,flash,312,9829,19,0,6222267,2415,42,17,0,1,12,3895.5,72.7,336.0,0,False,False,none,none,0,1,,,24218533,0xa887132e,560,1328,1313587,0,0,0,0,0,0
2026-09-24 01:40:58,24251,,7,24250563,0,4848,2436,0,0,42,flash,237,9837,19,0,6230401,2417,42,17,0,1,12,3900.0,72.7,336.0,0,False,False,none,none,0,1,,,24248533,0xa887132e,560,1328,1315257,0,0,0,0,0,0
2026-09-24 01:41:28,24281,,7,24280545,0,4854,2439,0,0,42,flash,259,9853,19,0,6237796,2419,42,17,0,1,12,3886.6,72.5,336.0,0,False,False,none,none,0,1,,,24278518,0xa887132e,560,1328,1316926,0,0,0,0,0,0
2026-09-24 01:41:58,24311,,7,24310544,0,4860,2442,0,0,42,flash,297,9859,19,0,6246138,2421,42,17,0,1,12,3895.6,72.6,336.0,0,False,False,none,none,0,1,,,24308513,0xa887132e,560,1328,1318649,0,0,0,0,0,0
2026-09-24 01:42:28,24341,,7,24340541,0,4865,2445,0,0,42,flash,238,9871,19,0,6254528,2423,42,17,0,1,12,3887.2,72.5,336.0,0,False,False,none,none,0,1,,,24338508,0xa887132e,560,1328,1320158,0,0,0,0,0,0
2026-09-24 01:42:58,24371,,7,24370530,0,4871,2448,0,0,42,flash,230,9884,19,0,6261629,2425,42,17,0,1,12,3887.1,72.5,336.0,0,False,False,none,none,0,1,,,24368502,0xa887132e,560,1328,1322000,0,0,0,0,0,0
2026-09-24 01:43:28,24401,,7,24400518,0,4877,2451,0,0,42,flash,307,9898,19,0,6269278,2427,42,17,0,1,12,3893.5,72.6,336.0,0,False,False,none,none,0,1,,,24398493,0xa887132e,560,1328,1323649,0,0,0,0,0,0
2026-09-24 01:43:58,24431,,7,24430513,0,4883,2454,0,0,42,flash,224,9907,19,0,6277305,2429,42,17,0,1,12,3899.5,72.7,336.0,0,False,False,none,none,0,1,,,24428485,0xa887132e,560,1328,1325471,0,0,0,0,0,0
2026-09-24 01:44:28,24461,,7,24460490,0,4889,2457,0,0,42,flash,256,9920,19,0,6284738,2431,42,17,0,1,12,3887.6,72.5,336.0,0,False,False,none,none,0,1,,,24458466,0xa887132e,560,1328,1327030,0,0,0,0,0,0
2026-09-24 01:44:58,24491,,7,24490493,0,4895,2460,0,0,42,flash,296,9928,19,0,6293062,2433,42,17,0,1,12,3897.0,72.7,336.0,0,False,False,none,none,0,1,,,24488468,0xa887132e,560,1328,1328797,0,0,0,0,0,0
2026-09-24 01:45:28,24521,,7,24520484,0,4901,2463,0,0,42,flash,237,9939,19,0,6301590,2435,42,17,0,1,12,3886.4,72.5,336.0,0,False,False,none,none,0,1,,,24518459,0xa887132e,560,1328,1330377,0,0,0,0,0,0
2026-09-24 01:45:58,24551,,7,24550477,0,4907,2466,0,0,42,flash,243,9951,19,0,6308782,2437,42,17,0,1,12,3885.4,72.5,336.0,0,False,False,none,none,0,1,,,24548453,0xa887132e,560,1328,1332172,0,0,0,0,0,0
2026-09-24 01:46:28,24581,,7,24580474,0,4913,2469,0,0,42,flash,314,9963,19,0,6316460,2439,42,17,0,1,12,3894.0,72.6,336.0,0,False,False,none,none,0,1,,,24578445,0xa887132e,560,1328,1333813,0,0,0,0,0,0
2026-09-24 01:46:58,24611,,7,24610466,0,4919,2472,0,0,42,flash,227,9972,19,0,6324530,2441,42,17,0,1,12,3899.8,72.7,336.0,0,False,False,none,none,0,1,,,24608440,0xa887132e,560,1328,1335566,0,0,0,0,0,0
2026-09-24 01:47:28,24641,,7,24640461,0,4925,2475,0,0,42,flash,266,9988,19,0,6332041,2443,42,17,0,1,12,3886.2,72.5,336.0,0,False,False,none,none,0,1,,,24638431,0xa887132e,560,1328,1337109,0,0,0,0,0,0
2026-09-24 01:47:58,24671,,7,24670443,0,4931,2478,0,0,42,flash,294,9992,19,0,6340408,2445,42,17,0,1,12,3896.5,72.7,336.0,0,False,False,none,none,0,1,,,24668413,0xa887132e,560,1328,1338819,0,0,0,0,0,0
2026-09-24 01:48:28,24701,,7,24700431,0,4937,2481,0,0,42,flash,229,10003,19,0,6348812,2447,42,17,0,1,12,3888.4,72.5,336.0,0,False,False,none,none,0,1,,,24698403,0xa887132e,560,1328,1340459,0,0,0,0,0,0
2026-09-24 01:48:58,24731,,7,24730444,0,4943,2484,0,0,42,flash,235,10013,19,0,6355963,2449,42,17,0,1,12,3889.9,72.6,336.0,0,False,False,none,none,0,1,,,24728418,0xa887132e,560,1328,1342190,0,0,0,0,0,0
2026-09-24 01:49:28,24761,,7,24760415,0,4949,2487,0,0,42,flash,318,10028,19,0,6363623,2451,42,17,0,1,12,3893.3,72.6,336.0,0,False,False,none,none,0,1,,,24758393,0xa887132e,560,1328,1343774,0,0,0,0,0,0
2026-09-24 01:49:58,24791,,7,24790418,0,4955,2490,0,0,42,flash,224,10040,19,0,6371742,2453,42,17,0,1,12,3900.5,72.7,336.0,0,False,False,none,none,0,1,,,24788391,0xa887132e,560,1328,1345498,0,0,0,0,0,0
2026-09-24 01:50:28,24821,,7,24820422,0,4961,2493,0,0,42,flash,258,10055,19,0,6379175,2455,42,17,0,1,12,3886.2,72.5,336.0,0,False,False,none,none,0,1,,,24818391,0xa887132e,560,1328,1347121,0,0,0,0,0,0
2026-09-24 01:50:58,24851,,7,24850409,0,4967,2496,0,0,42,flash,294,10060,19,0,6387505,2457,42,17,0,1,12,3895.8,72.6,336.0,0,False,False,none,none,0,1,,,24848387,0xa887132e,560,1328,1348851,0,0,0,0,0,0
2026-09-24 01:51:28,24881,,7,24880431,0,4973,2499,0,0,42,flash,239,10074,19,0,6395869,2459,42,17,0,1,12,3889.6,72.6,336.0,0,False,False,none,none,0,1,,,24878404,0xa887132e,560,1328,1350443,0,0,0,0,0,0
2026-09-24 01:51:58,24911,,7,24910415,0,4979,2502,0,0,42,flash,225,10089,19,0,6402994,2461,42,17,0,1,12,3888.1,72.6,336.0,0,False,False,none,none,0,1,,,24908390,0xa887132e,560,1328,1352276,0,0,0,0,0,0
2026-09-24 01:52:28,24941,,7,24940404,0,4985,2505,0,0,42,flash,290,10103,19,0,6410574,2463,42,17,0,1,12,3893.9,72.7,336.0,0,False,False,none,none,0,1,,,24938377,0xa887132e,560,1328,1353888,0,0,0,0,0,0
2026-09-24 01:52:58,24971,,7,24970405,0,4991,2508,0,0,42,flash,223,10112,19,0,6418615,2465,42,17,0,1,12,3900.0,72.7,336.0,0,False,False,none,none,0,1,,,24968373,0xa887132e,560,1328,1355595,0,0,0,0,0,0
2026-09-24 01:53:28,25001,,7,25000382,0,4997,2511,0,0,42,flash,244,10125,19,0,6425964,2467,42,17,0,1,12,3888.7,72.5,336.0,0,False,False,none,none,0,1,,,24998356,0xa887132e,560,1328,1357157,0,0,0,0,0,0
2026-09-24 01:53:58,25031,,7,25030377,0,5003,2514,0,0,42,flash,283,10133,19,0,6434297,2469,42,17,0,1,12,3896.5,72.7,336.0,0,False,False,none,none,0,1,,,25028350,0xa887132e,560,1328,1358932,0,0,0,0,0,0
2026-09-24 01:54:28,25061,,7,25060380,0,5009,2517,0,0,42,flash,239,10143,19,0,6442708,2471,42,17,0,1,12,3886.0,72.5,336.0,0,False,False,none,none,0,1,,,25058352,0xa887132e,560,1328,1360575,0,0,0,0,0,0
2026-09-24 01:54:58,25091,,7,25090379,0,5015,2520,0,0,42,flash,236,10153,19,0,6449873,2473,42,17,0,1,12,3890.5,72.6,336.0,0,False,False,none,none,0,1,,,25088352,0xa887132e,560,1328,1362332,0,0,0,0,0,0
2026-09-24 01:55:28,25121,,7,25120357,0,5021,2523,0,0,42,flash,306,10169,19,0,6457528,2475,42,17,0,1,12,3894.9,72.7,336.0,0,False,False,none,none,0,1,,,25118334,0xa887132e,560,1328,1363820,0,0,0,0,0,0
2026-09-24 01:55:58,25151,,7,25150351,0,5027,2526,0,0,42,flash,232,10174,19,0,6465541,2477,42,17,0,1,12,3900.1,72.7,336.0,0,False,False,none,none,0,1,,,25148321,0xa887132e,560,1328,1365570,0,0,0,0,0,0
2026-09-24 01:56:28,25181,,7,25180338,0,5033,2529,0,0,42,flash,247,10191,20,0,6472923,2479,42,17,0,1,12,3886.9,72.5,336.0,0,False,False,none,none,0,1,,,25178315,0xa887132e,560,1328,1367234,0,0,0,0,0,0
2026-09-24 01:56:58,25211,,7,25210332,0,5039,2532,0,0,42,flash,299,10199,20,0,6481175,2481,42,17,0,1,12,3895.5,72.7,336.0,0,False,False,none,none,0,1,,,25208306,0xa887132e,560,1328,1369013,0,0,0,0,0,0
2026-09-24 01:57:28,25241,,7,25240337,0,5045,2535,0,0,42,flash,243,10213,20,0,6489529,2483,42,17,0,1,12,3889.1,72.5,336.0,0,False,False,none,none,0,1,,,25238310,0xa887132e,560,1328,1370583,0,0,0,0,0,0
2026-09-24 01:57:59,25271,,7,25270348,0,5051,2538,0,0,42,flash,239,10227,20,0,6496626,2485,42,17,0,1,12,3887.6,72.5,336.0,0,False,False,none,none,0,1,,,25268320,0xa887132e,560,1328,1372291,0,0,0,0,0,0
2026-09-24 01:58:29,25301,,7,25300341,0,5057,2541,0,0,42,flash,301,10239,20,0,6504260,2487,42,17,0,1,12,3893.5,72.6,336.0,0,False,False,none,none,0,1,,,25298312,0xa887132e,560,1328,1373892,0,0,0,0,0,0
2026-09-24 01:58:59,25331,,7,25330326,0,5063,2544,0,0,42,flash,221,10247,20,0,6512249,2489,42,17,0,1,12,3899.9,72.7,336.0,0,False,False,none,none,0,1,,,25328300,0xa887132e,560,1328,1375705,0,0,0,0,0,0
2026-09-24 01:59:29,25361,,7,25360323,0,5069,2547,0,0,42,flash,260,10259,20,0,6519647,2491,42,17,0,1,12,3888.7,72.6,336.0,0,False,False,none,none,0,1,,,25358296,0xa887132e,560,1328,1377286,0,0,0,0,0,0
2026-09-24 01:59:59,25391,,7,25390319,0,5075,2550,0,0,42,flash,279,10268,20,0,6527848,2493,42,17,0,1,12,3896.1,72.7,336.0,0,False,False,none,none,0,1,,,25388293,0xa887132e,560,1328,1379089,0,0,0,0,0,0
2026-09-24 02:00:29,25421,,7,25420322,0,5081,2554,0,0,42,flash,238,10276,20,0,6536182,2495,42,17,0,1,12,3888.9,72.5,336.0,0,False,False,none,none,0,1,,,25418296,0xa887132e,560,1328,1380697,0,0,0,0,0,0
2026-09-24 02:00:59,25451,,7,25450330,0,5087,2557,0,0,42,flash,235,10290,20,0,6543298,2497,42,17,0,1,12,3886.0,72.5,336.0,0,False,False,none,none,0,1,,,25448303,0xa887132e,560,1328,1382393,0,0,0,0,0,0
2026-09-24 02:01:29,25481,,7,25480320,0,5093,2558,0,0,42,flash,298,10305,20,0,6550862,2499,42,17,0,1,12,3892.3,72.6,336.0,0,False,False,none,none,0,1,,,25478290,0xa887132e,560,1328,1383923,0,0,0,0,0,0
2026-09-24 02:01:59,25511,,7,25510326,0,5099,2562,0,0,42,flash,219,10314,20,0,6558835,2501,42,17,0,1,12,3900.3,72.7,336.0,0,False,False,none,none,0,1,,,25508299,0xa887132e,560,1328,1385567,0,0,0,0,0,0
2026-09-24 02:02:29,25541,,7,25540327,0,5105,2565,0,0,42,flash,262,10327,20,0,6566169,2503,42,17,0,1,12,3887.6,72.5,336.0,0,False,False,none,none,0,1,,,25538302,0xa887132e,560,1328,1387181,0,0,0,0,0,0
2026-09-24 02:02:59,25571,,7,25570328,0,5111,2568,0,0,42,flash,295,10333,20,0,6574530,2505,42,17,0,1,12,3897.2,72.7,336.0,0,False,False,none,none,0,1,,,25568296,0xa887132e,560,1328,1388828,0,0,0,0,0,0
2026-09-24 02:03:29,25601,,7,25600329,0,5117,2571,0,0,42,flash,233,10342,20,0,6582866,2507,42,17,0,1,12,3887.2,72.5,336.0,0,False,False,none,none,0,1,,,25598296,0xa887132e,560,1328,1390457,0,0,0,0,0,0
2026-09-24 02:03:59,25631,,7,25630321,0,5123,2574,0,0,42,flash,238,10354,20,0,6589938,2509,42,17,0,1,12,3887.6,72.5,336.0,0,False,False,none,none,0,1,,,25628293,0xa887132e,560,1328,1392312,0,0,0,0,0,0
2026-09-24 02:04:29,25661,,7,25660311,0,5129,2577,0,0,42,flash,306,10372,20,0,6597479,2511,42,17,0,1,12,3890.4,72.6,336.0,0,False,False,none,none,0,1,,,25658288,0xa887132e,560,1328,1393885,0,0,0,0,0,0
2026-09-24 02:04:59,25691,,7,25690320,0,5135,2580,0,0,42,flash,224,10383,20,0,6605497,2513,42,17,0,1,12,3898.6,72.7,336.0,0,False,False,none,none,0,1,,,25688293,0xa887132e,560,1328,1395659,0,0,0,0,0,0
2026-09-24 02:05:29,25721,,7,25720306,0,5141,2583,0,0,42,flash,258,10399,20,0,6612853,2515,42,17,0,1,12,3887.0,72.5,336.0,0,False,False,none,none,0,1,,,25718280,0xa887132e,560,1328,1397226,0,0,0,0,0,0
2026-09-24 02:05:59,25751,,7,25750318,0,5147,2588,0,0,42,flash,283,10406,20,0,6621067,2517,42,17,0,1,12,3897.5,72.7,336.0,0,False,False,none,none,0,1,,,25748287,0xa887132e,560,1328,1398979,0,0,0,0,0,0
2026-09-24 02:06:29,25781,,7,25780314,0,5153,2590,0,0,42,flash,228,10417,20,0,6629331,2519,42,17,0,1,12,3888.1,72.5,336.0,0,False,False,none,none,0,1,,,25778286,0xa887132e,560,1328,1400561,0,0,0,0,0,0
2026-09-24 02:06:59,25811,,7,25810310,0,5159,2593,0,0,42,flash,238,10430,20,0,6636448,2521,42,17,0,1,12,3886.2,72.5,336.0,0,False,False,none,none,0,1,,,25808282,0xa887132e,560,1328,1402225,0,0,0,0,0,0
2026-09-24 02:07:29,25841,,7,25840299,0,5165,2596,0,0,42,flash,308,10445,20,0,6644032,2523,42,17,0,1,12,3890.9,72.6,336.0,0,False,False,none,none,0,1,,,25838274,0xa887132e,560,1328,1403782,0,0,0,0,0,0
2026-09-24 02:07:59,25871,,7,25870295,0,5171,2599,0,0,42,flash,234,10456,20,0,6652050,2525,42,17,0,1,12,3900.9,72.7,336.0,0,False,False,none,none,0,1,,,25868271,0xa887132e,560,1328,1405538,0,0,0,0,0,0
2026-09-24 02:08:29,25901,,7,25900312,0,5177,2602,0,0,42,flash,268,10468,20,0,6659449,2527,42,17,0,1,12,3887.6,72.6,336.0,0,False,False,none,none,0,1,,,25898283,0xa887132e,560,1328,1407107,0,0,0,0,0,0
2026-09-24 02:08:59,25931,,7,25930300,0,5183,2605,0,0,42,flash,287,10474,20,0,6667674,2529,42,17,0,1,12,3896.6,72.7,336.0,0,False,False,none,none,0,1,,,25928273,0xa887132e,560,1328,1408891,0,0,0,0,0,0
2026-09-24 02:09:29,25961,,7,25960289,0,5189,2608,0,0,42,flash,237,10482,20,0,6676000,2531,42,17,0,1,12,3889.0,72.6,336.0,0,False,False,none,none,0,1,,,25958264,0xa887132e,560,1328,1410573,0,0,0,0,0,0
2026-09-24 02:09:59,25991,,7,25990286,0,5195,2611,0,0,42,flash,244,10496,20,0,6683052,2533,42,17,0,1,12,3886.7,72.5,336.0,0,False,False,none,none,0,1,,,25988255,0xa887132e,560,1328,1412413,0,0,0,0,0,0
2026-09-24 02:10:29,26021,,7,26020268,0,5201,2614,0,0,42,flash,304,10509,20,0,6690615,2535,42,17,0,1,12,3894.1,72.6,336.0,0,False,False,none,none,0,1,,,26018240,0xa887132e,560,1328,1413985,0,0,0,0,0,0
2026-09-24 02:10:59,26051,,7,26050261,0,5207,2617,0,0,42,flash,224,10520,20,0,6698604,2537,42,17,0,1,12,3900.4,72.7,336.0,0,False,False,none,none,0,1,,,26048236,0xa887132e,560,1328,1415599,0,0,0,0,0,0
2026-09-24 02:11:29,26081,,7,26080261,0,5213,2620,0,0,42,flash,258,10533,20,0,6706114,2539,42,17,0,1,12,3886.9,72.5,336.0,0,False,False,none,none,0,1,,,26078236,0xa887132e,560,1328,1417122,0,0,0,0,0,0
2026-09-24 02:11:59,26111,,7,26110257,0,5219,2623,0,0,42,flash,292,10541,20,0,6714461,2541,42,17,0,1,12,3896.0,72.7,336.0,0,False,False,none,none,0,1,,,26108228,0xa887132e,560,1328,1418913,0,0,0,0,0,0
2026-09-24 02:12:29,26141,,7,26140249,0,5225,2626,0,0,42,flash,237,10552,20,0,6722926,2543,42,17,0,1,12,3886.4,72.5,336.0,0,False,False,none,none,0,1,,,26138226,0xa887132e,560,1328,1420459,0,0,0,0,0,0
2026-09-24 02:12:59,26171,,7,26170251,0,5231,2629,0,0,42,flash,234,10567,20,0,6730083,2545,42,17,0,1,12,3888.1,72.5,336.0,0,False,False,none,none,0,1,,,26168220,0xa887132e,560,1328,1422197,0,0,0,0,0,0
2026-09-24 02:13:29,26201,,7,26200238,0,5237,2632,0,0,42,flash,306,10580,20,0,6737751,2547,42,17,0,1,12,3894.5,72.6,336.0,0,False,False,none,none,0,1,,,26198211,0xa887132e,560,1328,1423719,0,0,0,0,0,0
2026-09-24 02:13:59,26231,,7,26230237,0,5243,2635,0,0,42,flash,229,10595,20,0,6745815,2549,42,17,0,1,12,3897.1,72.7,336.0,0,False,False,none,none,0,1,,,26228206,0xa887132e,560,1328,1425493,0,0,0,0,0,0
2026-09-24 02:14:29,26261,,7,26260230,0,5249,2638,0,0,42,flash,262,10611,20,0,6753217,2551,42,17,0,1,12,3888.1,72.5,336.0,0,False,False,none,none,0,1,,,26258202,0xa887132e,560,1328,1427094,0,0,0,0,0,0
2026-09-24 02:14:59,26291,,7,26290218,0,5255,2641,0,0,42,flash,286,10617,20,0,6761486,2553,42,17,0,1,12,3896.5,72.7,336.0,0,False,False,none,none,0,1,,,26288190,0xa887132e,560,1328,1428850,0,0,0,0,0,0
2026-09-24 02:15:29,26321,,7,26320215,0,5261,2644,0,0,42,flash,244,10625,20,0,6769816,2555,42,17,0,1,12,3888.4,72.6,336.0,0,False,False,none,none,0,1,,,26318191,0xa887132e,560,1328,1430433,0,0,0,0,0,0
2026-09-24 02:15:59,26351,,7,26350214,0,5267,2648,0,0,42,flash,246,10639,20,0,6776955,2557,42,17,0,1,12,3887.1,72.5,336.0,0,False,False,none,none,0,1,,,26348186,0xa887132e,560,1328,1432274,0,0,0,0,0,0
2026-09-24 02:16:29,26381,,7,26380224,0,5273,2651,0,0,42,flash,314,10653,20,0,6784564,2559,42,17,0,1,12,3893.1,72.6,336.0,0,False,False,none,none,0,1,,,26378190,0xa887132e,560,1328,1433862,0,0,0,0,0,0
2026-09-24 02:16:59,26411,,7,26410213,0,5279,2654,0,0,42,flash,234,10662,20,0,6792584,2561,42,17,0,1,12,3900.6,72.7,336.0,0,False,False,none,none,0,1,,,26408180,0xa887132e,560,1328,1435638,0,0,0,0,0,0
2026-09-24 02:17:29,26441,,7,26440212,0,5285,2657,0,0,42,flash,260,10676,20,0,6800011,2563,42,17,0,1,12,3887.6,72.5,336.0,0,False,False,none,none,0,1,,,26438183,0xa887132e,560,1328,1437080,0,0,0,0,0,0
2026-09-24 02:17:59,26471,,7,26470206,0,5291,2660,0,0,42,flash,299,10681,21,0,6808277,2565,42,17,0,1,12,3896.0,72.7,336.0,0,False,False,none,none,0,1,,,26468175,0xa887132e,560,1328,1438844,0,0,0,0,0,0
2026-09-24 02:18:29,26501,,7,26500202,0,5297,2663,0,0,42,flash,242,10690,21,0,6816620,2567,42,17,0,1,12,3887.1,72.5,336.0,0,False,False,none,none,0,1,,,26498172,0xa887132e,560,1328,1440429,0,0,0,0,0,0
2026-09-24 02:18:59,26531,,7,26530212,0,5303,2666,0,0,42,flash,237,10703,21,0,6823712,2569,42,17,0,1,12,3889.2,72.6,336.0,0,False,False,none,none,0,1,,,26528182,0xa887132e,560,1328,1442195,0,0,0,0,0,0
2026-09-24 02:19:29,26561,,7,26560210,0,5309,2669,0,0,42,flash,306,10714,21,0,6831260,2571,42,17,0,1,12,3893.7,72.6,336.0,0,False,False,none,none,0,1,,,26558175,0xa887132e,560,1328,1443759,0,0,0,0,0,0
2026-09-24 02:19:59,26591,,7,26590198,0,5315,2672,0,0,42,flash,229,10725,21,0,6839197,2573,42,17,0,1,12,3900.0,72.7,336.0,0,False,False,none,none,0,1,,,26588166,0xa887132e,560,1328,1445581,0,0,0,0,0,0
2026-09-24 02:20:29,26621,,7,26620184,0,5321,2675,0,0,42,flash,259,10743,21,0,6846580,2575,42,17,0,1,12,3888.1,72.5,336.0,0,False,False,none,none,0,1,,,26618155,0xa887132e,560,1328,1447302,0,0,0,0,0,0
2026-09-24 02:20:59,26651,,7,26650195,0,5327,2678,0,0,42,flash,285,10753,21,0,6854868,2577,42,17,0,1,12,3895.1,72.7,336.0,0,False,False,none,none,0,1,,,26648166,0xa887132e,560,1328,1449064,0,0,0,0,0,0
2026-09-24 02:21:29,26681,,7,26680194,0,5333,2681,0,0,42,flash,240,10766,21,0,6863234,2579,42,17,0,1,12,3888.7,72.5,336.0,0,False,False,none,none,0,1,,,26678166,0xa887132e,560,1328,1450655,0,0,0,0,0,0
2026-09-24 02:21:59,26711,,7,26710188,0,5339,2684,0,0,42,flash,233,10780,21,0,6870329,2581,42,17,0,1,12,3886.0,72.5,336.0,0,False,False,none,none,0,1,,,26708164,0xa887132e,560,1328,1452389,0,0,0,0,0,0
2026-09-24 02:22:29,26741,,7,26740186,0,5345,2687,0,0,42,flash,296,10794,21,0,6877951,2583,42,17,0,1,12,3893.7,72.6,336.0,0,False,False,none,none,0,1,,,26738153,0xa887132e,560,1328,1453953,0,0,0,0,0,0
2026-09-24 02:22:59,26771,,7,26770202,0,5351,2690,0,0,42,flash,228,10804,21,0,6885947,2585,42,17,0,1,12,3901.1,72.7,336.0,0,False,False,none,none,0,1,,,26768171,0xa887132e,560,1328,1455693,0,0,0,0,0,0
2026-09-24 02:23:29,26801,,7,26800176,0,5357,2693,0,0,42,flash,258,10817,21,0,6893354,2587,42,17,0,1,12,3887.6,72.5,336.0,0,False,False,none,none,0,1,,,26798149,0xa887132e,560,1328,1457166,0,0,0,0,0,0
2026-09-24 02:23:59,26831,,7,26830182,0,5363,2696,0,0,42,flash,285,10825,21,0,6901549,2589,42,17,0,1,12,3896.5,72.7,336.0,0,False,False,none,none,0,1,,,26828155,0xa887132e,560,1328,1458913,0,0,0,0,0,0
2026-09-24 02:24:29,26861,,7,26860177,0,5369,2699,0,0,42,flash,239,10835,21,0,6909876,2591,42,17,0,1,12,3888.7,72.6,336.0,0,False,False,none,none,0,1,,,26858149,0xa887132e,560,1328,1460526,0,0,0,0,0,0
2026-09-24 02:24:59,26891,,7,26890181,0,5375,2702,0,0,42,flash,237,10850,21,0,6916957,2593,42,17,0,1,12,3888.4,72.5,336.0,0,False,False,none,none,0,1,,,26888156,0xa887132e,560,1328,1462359,0,0,0,0,0,0
2026-09-24 02:25:29,26922,,7,26920176,0,5381,2705,0,0,42,flash,314,10863,21,0,6924515,2595,42,18,0,1,12,3894.4,72.6,336.0,0,False,False,none,none,0,1,,,26918148,0xa887132e,560,1328,1463966,0,0,0,0,0,0
2026-09-24 02:25:59,26952,,7,26950173,0,5387,2707,0,0,42,flash,223,10876,21,0,6932497,2597,42,18,0,1,12,3900.6,72.7,336.0,0,False,False,none,none,0,1,,,26948139,0xa887132e,560,1328,1465658,0,0,0,0,0,0
2026-09-24 02:26:29,26982,,7,26980165,0,5393,2710,0,0,42,flash,262,10893,21,0,6939790,2599,42,18,0,1,12,3887.1,72.5,336.0,0,False,False,none,none,0,1,,,26978135,0xa887132e,560,1328,1467335,0,0,0,0,0,0
2026-09-24 02:26:59,27012,,7,27010158,0,5399,2713,0,0,42,flash,287,10902,21,0,6948034,2601,42,18,0,1,12,3895.0,72.7,336.0,0,False,False,none,none,0,1,,,27008132,0xa887132e,560,1328,1469020,0,0,0,0,0,0
2026-09-24 02:27:29,27042,,7,27040158,0,5405,2716,0,0,42,flash,243,10915,21,0,6956336,2603,42,18,0,1,12,3888.1,72.5,336.0,0,False,False,none,none,0,1,,,27038128,0xa887132e,560,1328,1470509,0,0,0,0,0,0
2026-09-24 02:27:59,27072,,7,27070160,0,5411,2719,0,0,42,flash,231,10931,21,0,6963419,2605,42,18,0,1,12,3886.7,72.5,336.0,0,False,False,none,none,0,1,,,27068126,0xa887132e,560,1328,1472171,0,0,0,0,0,0
2026-09-24 02:28:29,27102,,7,27100147,0,5417,2722,0,0,42,flash,297,10943,21,0,6970845,2607,42,18,0,1,12,3894.6,72.7,336.0,0,False,False,none,none,0,1,,,27098119,0xa887132e,560,1328,1473828,0,0,0,0,0,0
2026-09-24 02:28:59,27132,,7,27130147,0,5423,2725,0,0,42,flash,227,10955,21,0,6978908,2609,42,18,0,1,12,3899.7,72.7,336.0,0,False,False,none,none,0,1,,,27128117,0xa887132e,560,1328,1475524,0,0,0,0,0,0
2026-09-24 02:29:29,27162,,7,27160134,0,5429,2728,0,0,42,flash,261,10969,21,0,6986312,2611,42,18,0,1,12,3889.0,72.6,336.0,0,False,False,none,none,0,1,,,27158108,0xa887132e,560,1328,1477116,0,0,0,0,0,0
2026-09-24 02:29:59,27192,,7,27190138,0,5435,2731,0,0,42,flash,291,10976,21,0,6994580,2613,42,18,0,1,12,3896.5,72.7,336.0,0,False,False,none,none,0,1,,,27188112,0xa887132e,560,1328,1478919,0,0,0,0,0,0
2026-09-24 02:30:29,27222,,7,27220140,0,5441,2734,0,0,42,flash,236,10987,21,0,7002942,2615,42,18,0,1,12,3888.2,72.5,336.0,0,False,False,none,none,0,1,,,27218106,0xa887132e,560,1328,1480469,0,0,0,0,0,0
2026-09-24 02:30:59,27252,,7,27250130,0,5447,2737,0,0,42,flash,236,11002,21,0,7010047,2617,42,18,0,1,12,3887.7,72.5,336.0,0,False,False,none,none,0,1,,,27248104,0xa887132e,560,1328,1482224,0,0,0,0,0,0
2026-09-24 02:31:29,27282,,7,27280123,0,5453,2740,0,0,42,flash,303,11014,21,0,7017653,2619,42,19,0,1,12,3894.0,72.6,336.0,0,False,False,none,none,0,1,,,27278098,0xa887132e,560,1328,1483757,0,0,0,0,0,0
2026-09-24 02:31:59,27312,,7,27310142,0,5459,2743,0,0,42,flash,229,11027,21,0,7025647,2621,42,19,0,1,12,3900.9,72.7,336.0,0,False,False,none,none,0,1,,,27308112,0xa887132e,560,1328,1485450,0,0,0,0,0,0
2026-09-24 02:32:29,27342,,7,27340120,0,5465,2746,0,0,42,flash,246,11044,21,0,7032958,2623,42,19,0,1,12,3886.6,72.5,336.0,0,False,False,none,none,0,1,,,27338095,0xa887132e,560,1328,1487088,0,0,0,0,0,0
2026-09-24 02:32:59,27372,,7,27370119,0,5471,2749,0,0,42,flash,290,11054,21,0,7041177,2625,42,19,0,1,12,3895.2,72.7,336.0,0,False,False,none,none,0,1,,,27368085,0xa887132e,560,1328,1488769,0,0,0,0,0,0
2026-09-24 02:33:29,27402,,7,27400109,0,5477,2752,0,0,42,flash,234,11070,21,0,7049538,2627,42,19,0,1,12,3887.1,72.5,336.0,0,False,False,none,none,0,1,,,27398081,0xa887132e,560,1328,1490380,0,0,0,0,0,0
2026-09-24 02:33:59,27432,,7,27430104,0,5483,2755,0,0,42,flash,230,11085,21,0,7056599,2629,42,19,0,1,12,3888.2,72.5,336.0,0,False,False,none,none,0,1,,,27428070,0xa887132e,560,1328,1492179,0,0,0,0,0,0
2026-09-24 02:34:29,27462,,7,27460109,0,5489,2758,0,0,42,flash,298,11101,21,0,7064126,2631,42,19,0,1,12,3893.8,72.7,336.0,0,False,False,none,none,0,1,,,27458083,0xa887132e,560,1328,1493858,0,0,0,0,0,0
2026-09-24 02:34:59,27492,,7,27490099,0,5495,2761,0,0,42,flash,234,11115,21,0,7072064,2633,42,19,0,1,12,3900.3,72.7,336.0,0,False,False,none,none,0,1,,,27488071,0xa887132e,560,1328,1495603,0,0,0,0,0,0
2026-09-24 02:35:29,27522,,7,27520084,0,5501,2764,0,0,42,flash,254,11129,21,0,7079370,2635,42,19,0,1,12,3887.6,72.5,336.0,0,False,False,none,none,0,1,,,27518059,0xa887132e,560,1328,1497278,0,0,0,0,0,0
2026-09-24 02:35:59,27552,,7,27550083,0,5507,2767,0,0,42,flash,290,11137,21,0,7087561,2637,42,19,0,1,12,3897.4,72.7,336.0,0,False,False,none,none,0,1,,,27548054,0xa887132e,560,1328,1499019,0,0,0,0,0,0
2026-09-24 02:36:29,27582,,7,27580074,0,5513,2770,0,0,42,flash,240,11150,21,0,7095838,2639,42,19,0,1,12,3888.5,72.6,336.0,0,False,False,none,none,0,1,,,27578050,0xa887132e,560,1328,1500569,0,0,0,0,0,0
2026-09-24 02:36:59,27612,,7,27610075,0,5519,2773,0,0,42,flash,228,11166,21,0,7102847,2641,42,19,0,1,12,3888.4,72.5,336.0,0,False,False,none,none,0,1,,,27608049,0xa887132e,560,1328,1502342,0,0,0,0,0,0
2026-09-24 02:37:29,27642,,7,27640064,0,5525,2776,0,0,42,flash,301,11182,21,0,7110369,2643,42,19,0,1,12,3894.0,72.6,336.0,0,False,False,none,none,0,1,,,27638039,0xa887132e,560,1328,1503939,0,0,0,0,0,0
2026-09-24 02:37:59,27672,,7,27670061,0,5531,2779,0,0,42,flash,227,11191,21,0,7118335,2645,42,19,0,1,12,3898.5,72.7,336.0,0,False,False,none,none,0,1,,,27668035,0xa887132e,560,1328,1505790,0,0,0,0,0,0
2026-09-24 02:38:29,27702,,7,27700062,0,5537,2782,0,0,42,flash,254,11206,21,0,7125686,2647,42,19,0,1,12,3885.7,72.5,336.0,0,False,False,none,none,0,1,,,27698033,0xa887132e,560,1328,1507363,0,0,0,0,0,0
2026-09-24 02:38:59,27732,,7,27730050,0,5543,2785,0,0,42,flash,283,11215,22,0,7133893,2649,42,19,0,1,12,3894.5,72.7,336.0,0,False,False,none,none,0,1,,,27728025,0xa887132e,560,1328,1509098,0,0,0,0,0,0
2026-09-24 02:39:29,27762,,7,27760048,0,5549,2788,0,0,42,flash,229,11225,22,0,7142130,2651,42,19,0,1,12,3889.0,72.6,336.0,0,False,False,none,none,0,1,,,27758020,0xa887132e,560,1328,1510748,0,0,0,0,0,0
2026-09-24 02:39:59,27792,,7,27790042,0,5555,2791,0,0,42,flash,242,11234,22,0,7149246,2653,42,19,0,1,12,3888.8,72.5,336.0,0,False,False,none,none,0,1,,,27788015,0xa887132e,560,1328,1512417,0,0,0,0,0,0
2026-09-24 02:40:29,27822,,7,27820032,0,5561,2794,0,0,42,flash,295,11250,22,0,7156707,2655,42,19,0,1,12,3894.5,72.6,336.0,0,False,False,none,none,0,1,,,27818006,0xa887132e,560,1328,1514101,0,0,0,0,0,0
2026-09-24 02:40:59,27852,,7,27850035,0,5567,2797,0,0,42,flash,230,11261,22,0,7164674,2657,42,19,0,1,12,3899.7,72.7,336.0,0,False,False,none,none,0,1,,,27848012,0xa887132e,560,1328,1515780,0,0,0,0,0,0
2026-09-24 02:41:29,27882,,7,27880034,0,5573,2799,0,0,42,flash,251,11274,22,0,7172002,2659,42,19,0,1,12,3883.0,72.4,336.0,0,False,False,none,none,0,1,,,27878006,0xa887132e,560,1328,1517228,0,0,0,0,0,0
2026-09-24 02:41:59,27912,,7,27910042,0,5579,2802,0,0,42,flash,282,11281,22,0,7180210,2661,42,19,0,1,12,3897.8,72.7,336.0,0,False,False,none,none,0,1,,,27908004,0xa887132e,560,1328,1518956,0,0,0,0,0,0
2026-09-24 02:42:29,27942,,7,27940034,0,5585,2806,0,0,42,flash,246,11293,22,0,7188553,2663,42,19,0,1,12,3888.1,72.5,336.0,0,False,False,none,none,0,1,,,27938005,0xa887132e,560,1328,1520413,0,0,0,0,0,0
2026-09-24 02:42:59,27972,,7,27970048,0,5591,2809,0,0,42,flash,235,11308,22,0,7195621,2665,42,19,0,1,12,3888.9,72.6,336.0,0,False,False,none,none,0,1,,,27968007,0xa887132e,560,1328,1522110,0,0,0,0,0,0
2026-09-24 02:43:29,28002,,7,28000028,0,5597,2812,0,0,42,flash,300,11322,22,0,7203099,2667,42,19,0,1,12,3893.8,72.6,336.0,0,False,False,none,none,0,1,,,27997997,0xa887132e,560,1328,1523681,0,0,0,0,0,0
2026-09-24 02:43:59,28032,,7,28030017,0,5603,2815,0,0,42,flash,231,11330,22,0,7211005,2669,42,19,0,1,12,3899.5,72.7,336.0,0,False,False,none,none,0,1,,,28027981,0xa887132e,560,1328,1525372,0,0,0,0,0,0
2026-09-24 02:44:29,28062,,7,28060009,0,5609,2818,0,0,42,flash,252,11346,22,0,7218299,2671,42,19,0,1,12,3888.8,72.5,336.0,0,False,False,none,none,0,1,,,28057974,0xa887132e,560,1328,1526940,0,0,0,0,0,0
2026-09-24 02:44:59,28092,,7,28090009,0,5615,2821,0,0,42,flash,287,11349,22,0,7226469,2673,42,19,0,1,12,3896.8,72.7,336.0,0,False,False,none,none,0,1,,,28087974,0xa887132e,560,1328,1528547,0,0,0,0,0,0
2026-09-24 02:45:29,28122,,7,28120004,0,5621,2824,0,0,42,flash,232,11357,22,0,7234654,2675,42,19,0,1,12,3889.0,72.6,336.0,0,False,False,none,none,0,1,,,28117970,0xa887132e,560,1328,1530176,0,0,0,0,0,0
2026-09-24 02:45:59,28152,,7,28149993,0,5627,2827,0,0,42,flash,219,11374,22,0,7241615,2677,42,19,0,1,12,3887.6,72.5,336.0,0,False,False,none,none,0,1,,,28147963,0xa887132e,560,1328,1531909,0,0,0,0,0,0
2026-09-24 02:46:29,28182,,7,28179982,0,5633,2830,0,0,42,flash,303,11386,22,0,7249253,2679,42,19,0,1,12,3894.0,72.7,336.0,0,False,False,none,none,0,1,,,28177954,0xa887132e,560,1328,1533379,0,0,0,0,0,0
2026-09-24 02:46:59,28212,,7,28209996,0,5639,2833,0,0,42,flash,225,11394,22,0,7257255,2681,42,19,0,1,12,3899.3,72.7,336.0,0,False,False,none,none,0,1,,,28207960,0xa887132e,560,1328,1535137,0,0,0,0,0,0
2026-09-24 02:47:29,28242,,7,28239997,0,5645,2836,0,0,42,flash,259,11411,22,0,7264585,2683,42,19,0,1,12,3886.4,72.5,336.0,0,False,False,none,none,0,1,,,28237961,0xa887132e,560,1328,1536790,0,0,0,0,0,0
2026-09-24 02:47:59,28272,,7,28269986,0,5651,2839,0,0,42,flash,284,11419,22,0,7272781,2685,42,19,0,1,12,3896.6,72.7,336.0,0,False,False,none,none,0,1,,,28267957,0xa887132e,560,1328,1538513,0,0,0,0,0,0
2026-09-24 02:48:29,28302,,7,28299981,0,5657,2842,0,0,42,flash,244,11429,22,0,7281099,2687,42,19,0,1,12,3887.8,72.5,336.0,0,False,False,none,none,0,1,,,28297946,0xa887132e,560,1328,1540052,0,0,0,0,0,0
2026-09-24 02:48:59,28332,,7,28329963,0,5663,2845,0,0,42,flash,235,11443,22,0,7288174,2689,42,19,0,1,12,3889.7,72.6,336.0,0,False,False,none,none,0,1,,,28327931,0xa887132e,560,1328,1541780,0,0,0,0,0,0
2026-09-24 02:49:29,28362,,7,28359954,0,5669,2848,0,0,42,flash,297,11458,22,0,7295666,2691,42,19,0,1,12,3894.9,72.7,336.0,0,False,False,none,none,0,1,,,28357919,0xa887132e,560,1328,1543365,0,0,0,0,0,0
2026-09-24 02:49:59,28392,,7,28389955,0,5675,2851,0,0,42,flash,227,11467,22,0,7303606,2693,42,19,0,1,12,3900.2,72.7,336.0,0,False,False,none,none,0,1,,,28387922,0xa887132e,560,1328,1545051,0,0,0,0,0,0
2026-09-24 02:50:29,28422,,7,28419945,0,5681,2854,0,0,42,flash,263,11478,22,0,7310890,2695,42,19,0,1,12,3885.2,72.5,336.0,0,False,False,none,none,0,1,,,28417915,0xa887132e,560,1328,1546618,0,0,0,0,0,0
2026-09-24 02:50:59,28452,,7,28449959,0,5687,2857,0,0,42,flash,285,11484,22,0,7319131,2697,42,19,0,1,12,3897.4,72.7,336.0,0,False,False,none,none,0,1,,,28447919,0xa887132e,560,1328,1548303,0,0,0,0,0,0
2026-09-24 02:51:29,28482,,7,28479939,0,5693,2860,0,0,42,flash,228,11492,22,0,7327400,2699,42,19,0,1,12,3888.8,72.6,336.0,0,False,False,none,none,0,1,,,28477908,0xa887132e,560,1328,1549886,0,0,0,0,0,0
2026-09-24 02:51:59,28512,,7,28509922,0,5699,2863,0,0,42,flash,231,11504,22,0,7334450,2701,42,19,0,1,12,3887.6,72.5,336.0,0,False,False,none,none,0,1,,,28507895,0xa887132e,560,1328,1551621,0,0,0,0,0,0
2026-09-24 02:52:29,28542,,7,28539914,0,5705,2866,0,0,42,flash,297,11513,22,0,7341908,2703,42,19,0,1,12,3893.6,72.7,336.0,0,False,False,none,none,0,1,,,28537883,0xa887132e,560,1328,1553182,0,0,0,0,0,0
2026-09-24 02:52:59,28572,,7,28569903,0,5711,2869,0,0,42,flash,222,11526,22,0,7349835,2705,42,19,0,1,12,3901.3,72.7,336.0,0,False,False,none,none,0,1,,,28567866,0xa887132e,560,1328,1554918,0,0,0,0,0,0
2026-09-24 02:53:29,28602,,7,28599893,0,5717,2872,0,0,42,flash,252,11541,22,0,7357124,2707,42,19,0,1,12,3887.3,72.5,336.0,0,False,False,none,none,0,1,,,28597860,0xa887132e,560,1328,1556443,0,0,0,0,0,0
2026-09-24 02:53:59,28632,,7,28629890,0,5723,2875,0,0,42,flash,290,11549,22,0,7365205,2709,42,19,0,1,12,3894.9,72.6,336.0,0,False,False,none,none,0,1,,,28627865,0xa887132e,560,1328,1558264,0,0,0,0,0,0
2026-09-24 02:54:29,28662,,7,28659880,0,5729,2878,0,0,42,flash,234,11562,22,0,7373367,2711,42,19,0,1,12,3888.7,72.5,336.0,0,False,False,none,none,0,1,,,28657851,0xa887132e,560,1328,1559874,0,0,0,0,0,0
2026-09-24 02:54:59,28692,,7,28689870,0,5735,2881,0,0,42,flash,236,11576,22,0,7380422,2713,42,19,0,1,12,3888.6,72.6,336.0,0,False,False,none,none,0,1,,,28687840,0xa887132e,560,1328,1561528,0,0,0,0,0,0
2026-09-24 02:55:29,28722,,7,28719868,0,5741,2884,0,0,42,flash,311,11589,22,0,7387968,2715,42,19,0,1,12,3894.0,72.6,336.0,0,False,False,none,none,0,1,,,28717829,0xa887132e,560,1328,1563072,0,0,0,0,0,0
2026-09-24 02:55:59,28752,,7,28749862,0,5747,2887,0,0,42,flash,233,11600,22,0,7395961,2717,42,19,0,1,12,3899.4,72.7,336.0,0,False,False,none,none,0,1,,,28747833,0xa887132e,560,1328,1564668,0,0,0,0,0,0
2026-09-24 02:56:29,28782,,7,28779862,0,5753,2890,0,0,42,flash,254,11616,22,0,7403225,2719,42,19,0,1,12,3886.5,72.5,336.0,0,False,False,none,none,0,1,,,28777826,0xa887132e,560,1328,1566382,0,0,0,0,0,0
2026-09-24 02:56:59,28812,,7,28809850,0,5759,2893,0,0,42,flash,288,11623,22,0,7411418,2721,42,19,0,1,12,3897.8,72.7,336.0,0,False,False,none,none,0,1,,,28807816,0xa887132e,560,1328,1568106,0,0,0,0,0,0
2026-09-24 02:57:29,28842,,7,28839837,0,5765,2896,0,0,42,flash,245,11630,22,0,7419776,2723,42,19,0,1,12,3889.2,72.6,336.0,0,False,False,none,none,0,1,,,28837808,0xa887132e,560,1328,1569663,0,0,0,0,0,0
2026-09-24 02:57:59,28872,,7,28869852,0,5771,2899,0,0,42,flash,231,11640,22,0,7426865,2725,42,19,0,1,12,3890.2,72.6,336.0,0,False,False,none,none,0,1,,,28867818,0xa887132e,560,1328,1571361,0,0,0,0,0,0
2026-09-24 02:58:29,28902,,7,28899836,0,5777,2902,0,0,42,flash,308,11653,22,0,7434366,2727,42,19,0,1,12,3894.4,72.7,336.0,0,False,False,none,none,0,1,,,28897807,0xa887132e,560,1328,1572959,0,0,0,0,0,0
2026-09-24 02:58:59,28932,,7,28929847,0,5783,2905,0,0,42,flash,221,11660,22,0,7442317,2729,42,19,0,1,12,3899.9,72.7,336.0,0,False,False,none,none,0,1,,,28927804,0xa887132e,560,1328,1574609,0,0,0,0,0,0
2026-09-24 02:59:29,28962,,7,28959833,0,5789,2908,0,0,42,flash,255,11672,22,0,7449648,2731,42,19,0,1,12,3887.5,72.5,336.0,0,False,False,none,none,0,1,,,28957798,0xa887132e,560,1328,1576222,0,0,0,0,0,0
2026-09-24 02:59:59,28992,,7,28989838,0,5795,2910,0,0,42,flash,277,11678,22,0,7457831,2733,42,19,0,1,12,3896.7,72.7,336.0,0,False,False,none,none,0,1,,,28987803,0xa887132e,560,1328,1578019,0,0,0,0,0,0
2026-09-24 03:00:29,29022,,7,29019822,0,5801,2913,0,0,42,flash,229,11687,23,0,7466096,2735,42,19,0,1,12,3887.5,72.5,336.0,0,False,False,none,none,0,1,,,29017797,0xa887132e,560,1328,1579638,0,0,0,0,0,0
2026-09-24 03:00:59,29052,,7,29049809,0,5807,2916,0,0,42,flash,233,11695,23,0,7473152,2737,42,19,0,1,12,3889.1,72.5,336.0,0,False,False,none,none,0,1,,,29047777,0xa887132e,560,1328,1581350,0,0,0,0,0,0
2026-09-24 03:01:30,29082,,7,29079823,0,5813,2919,0,0,42,flash,317,11709,23,0,7480657,2739,42,19,0,1,12,3893.6,72.6,336.0,0,False,False,none,none,0,1,,,29077783,0xa887132e,560,1328,1582897,0,0,0,0,0,0
2026-09-24 03:02:00,29112,,7,29109802,0,5819,2922,0,0,42,flash,223,11717,23,0,7488575,2741,42,19,0,1,12,3900.4,72.7,336.0,0,False,False,none,none,0,1,,,29107778,0xa887132e,560,1328,1584673,0,0,0,0,0,0
2026-09-24 03:02:30,29142,,7,29139797,0,5825,2925,0,0,42,flash,261,11729,23,0,7495871,2743,42,19,0,1,12,3887.5,72.5,336.0,0,False,False,none,none,0,1,,,29137768,0xa887132e,560,1328,1586191,0,0,0,0,0,0
2026-09-24 03:03:00,29172,,7,29169798,0,5831,2928,0,0,42,flash,299,11736,23,0,7504018,2745,42,19,0,1,12,3896.9,72.7,336.0,0,False,False,none,none,0,1,,,29167763,0xa887132e,560,1328,1587865,0,0,0,0,0,0
2026-09-24 03:03:30,29202,,7,29199800,0,5837,2931,0,0,42,flash,229,11747,23,0,7512210,2747,42,19,0,1,12,3888.9,72.5,336.0,0,False,False,none,none,0,1,,,29197762,0xa887132e,560,1328,1589409,0,0,0,0,0,0
2026-09-24 03:04:00,29232,,7,29229800,0,5843,2934,0,0,42,flash,233,11758,23,0,7519404,2749,42,19,0,1,12,3887.6,72.5,336.0,0,False,False,none,none,0,1,,,29227766,0xa887132e,560,1328,1591178,0,0,0,0,0,0
2026-09-24 03:04:30,29262,,7,29259793,0,5849,2937,0,0,42,flash,316,11771,23,0,7527038,2751,42,19,0,1,12,3893.8,72.6,336.0,0,False,False,none,none,0,1,,,29257757,0xa887132e,560,1328,1592701,0,0,0,0,0,0
2026-09-24 03:05:00,29292,,7,29289786,0,5855,2940,0,0,42,flash,230,11781,23,0,7535127,2753,42,19,0,1,12,3900.7,72.7,336.0,0,False,False,none,none,0,1,,,29287752,0xa887132e,560,1328,1594394,0,0,0,0,0,0
2026-09-24 03:05:30,29322,,7,29319773,0,5861,2943,0,0,42,flash,270,11792,23,0,7542506,2755,42,19,0,1,12,3887.9,72.5,336.0,0,False,False,none,none,0,1,,,29317744,0xa887132e,560,1328,1595989,0,0,0,0,0,0
2026-09-24 03:06:00,29352,,7,29349758,0,5867,2946,0,0,42,flash,284,11799,23,0,7550750,2757,42,19,0,1,12,3898.1,72.7,336.0,0,False,False,none,none,0,1,,,29347729,0xa887132e,560,1328,1597814,0,0,0,0,0,0
2026-09-24 03:06:30,29382,,7,29379757,0,5873,2949,0,0,42,flash,240,11807,23,0,7559149,2759,42,19,0,1,12,3889.1,72.5,336.0,0,False,False,none,none,0,1,,,29377726,0xa887132e,560,1328,1599354,0,0,0,0,0,0
2026-09-24 03:07:00,29412,,7,29409759,0,5879,2952,0,0,42,flash,237,11817,23,0,7566225,2761,42,19,0,1,12,3889.4,72.6,336.0,0,False,False,none,none,0,1,,,29407721,0xa887132e,560,1328,1601182,0,0,0,0,0,0
2026-09-24 03:07:30,29442,,7,29439751,0,5885,2955,0,0,42,flash,301,11828,23,0,7573778,2763,42,19,0,1,12,3893.7,72.7,336.0,0,False,False,none,none,0,1,,,29437720,0xa887132e,560,1328,1602715,0,0,0,0,0,0
2026-09-24 03:08:00,29472,,7,29469765,0,5891,2958,0,0,42,flash,237,11838,23,0,7581748,2765,42,19,0,1,12,3899.8,72.7,336.0,0,False,False,none,none,0,1,,,29467733,0xa887132e,560,1328,1604466,0,0,0,0,0,0
2026-09-24 03:08:30,29502,,7,29499762,0,5897,2961,0,0,42,flash,255,11851,23,0,7589171,2767,42,19,0,1,12,3888.3,72.5,336.0,0,False,False,none,none,0,1,,,29497730,0xa887132e,560,1328,1606011,0,0,0,0,0,0
2026-09-24 03:09:00,29532,,7,29529764,0,5903,2964,0,0,42,flash,286,11858,23,0,7597455,2769,42,19,0,1,12,3895.7,72.7,336.0,0,False,False,none,none,0,1,,,29527731,0xa887132e,560,1328,1607660,0,0,0,0,0,0
2026-09-24 03:09:30,29562,,7,29559758,0,5909,2967,0,0,42,flash,232,11869,23,0,7605817,2771,42,19,0,1,12,3889.4,72.6,336.0,0,False,False,none,none,0,1,,,29557730,0xa887132e,560,1328,1609215,0,0,0,0,0,0
2026-09-24 03:10:00,29592,,7,29589783,0,5915,2970,0,0,42,flash,229,11880,23,0,7612889,2773,42,19,0,1,12,3890.7,72.6,336.0,0,False,False,none,none,0,1,,,29587750,0xa887132e,560,1328,1610976,0,0,0,0,0,0
2026-09-24 03:10:30,29622,,7,29619763,0,5921,2973,0,0,42,flash,308,11896,23,0,7620408,2775,42,19,0,1,12,3894.1,72.6,336.0,0,False,False,none,none,0,1,,,29617731,0xa887132e,560,1328,1612642,0,0,0,0,0,0
2026-09-24 03:11:00,29652,,7,29649763,0,5927,2976,0,0,42,flash,221,11907,23,0,7628379,2777,42,19,0,1,12,3901.8,72.7,336.0,0,False,False,none,none,0,1,,,29647728,0xa887132e,560,1328,1614366,0,0,0,0,0,0
2026-09-24 03:11:30,29682,,7,29679754,0,5933,2979,0,0,42,flash,250,11920,23,0,7635688,2779,42,19,0,1,12,3887.7,72.5,336.0,0,False,False,none,none,0,1,,,29677718,0xa887132e,560,1328,1615981,0,0,0,0,0,0
2026-09-24 03:12:00,29712,,7,29709732,0,5939,2982,0,0,42,flash,277,11927,23,0,7643856,2781,42,19,0,1,12,3897.2,72.7,336.0,0,False,False,none,none,0,1,,,29707705,0xa887132e,560,1328,1617666,0,0,0,0,0,0
2026-09-24 03:12:30,29742,,7,29739736,0,5945,2985,0,0,42,flash,244,11935,23,0,7652218,2783,42,19,0,1,12,3888.8,72.6,336.0,0,False,False,none,none,0,1,,,29737703,0xa887132e,560,1328,1619167,0,0,0,0,0,0
2026-09-24 03:13:00,29772,,7,29769742,0,5951,2988,0,0,42,flash,225,11946,23,0,7659364,2785,42,19,0,1,12,3888.9,72.6,336.0,0,False,False,none,none,0,1,,,29767710,0xa887132e,560,1328,1620886,0,0,0,0,0,0
2026-09-24 03:13:30,29802,,7,29799726,0,5957,2991,0,0,42,flash,321,11959,23,0,7666913,2787,42,19,0,1,12,3895.8,72.7,336.0,0,False,False,none,none,0,1,,,29797694,0xa887132e,560,1328,1622478,0,0,0,0,0,0
2026-09-24 03:14:00,29832,,7,29829734,0,5963,2994,0,0,42,flash,226,11966,23,0,7674938,2789,42,19,0,1,12,3900.8,72.7,336.0,0,False,False,none,none,0,1,,,29827699,0xa887132e,560,1328,1624169,0,0,0,0,0,0
2026-09-24 03:14:30,29862,,7,29859730,0,5969,2997,0,0,42,flash,256,11980,23,0,7682293,2791,42,19,0,1,12,3887.1,72.5,336.0,0,False,False,none,none,0,1,,,29857698,0xa887132e,560,1328,1625679,0,0,0,0,0,0
2026-09-24 03:15:00,29892,,7,29889742,0,5975,3000,0,0,42,flash,286,11986,23,0,7690564,2793,42,19,0,1,12,3895.3,72.7,336.0,0,False,False,none,none,0,1,,,29887704,0xa887132e,560,1328,1627338,0,0,0,0,0,0
2026-09-24 03:15:30,29922,,7,29919729,0,5981,3003,0,0,42,flash,226,11993,23,0,7698796,2795,42,19,0,1,12,3888.7,72.5,336.0,0,False,False,none,none,0,1,,,29917700,0xa887132e,560,1328,1629047,0,0,0,0,0,0
2026-09-24 03:16:00,29952,,7,29949733,0,5987,3006,0,0,42,flash,240,12006,23,0,7705863,2797,42,19,0,1,12,3889.8,72.5,336.0,0,False,False,none,none,0,1,,,29947701,0xa887132e,560,1328,1630798,0,0,0,0,0,0
2026-09-24 03:16:30,29982,,7,29979716,0,5993,3009,0,0,42,flash,304,12022,23,0,7713355,2799,42,19,0,1,12,3893.6,72.6,336.0,0,False,False,none,none,0,1,,,29977683,0xa887132e,560,1328,1632290,0,0,0,0,0,0
2026-09-24 03:17:00,30012,,7,30009702,0,5999,3012,0,0,42,flash,226,12031,23,0,7721327,2801,42,19,0,1,12,3899.3,72.7,336.0,0,False,False,none,none,0,1,,,30007667,0xa887132e,560,1328,1634061,0,0,0,0,0,0
2026-09-24 03:17:30,30042,,7,30039704,0,6005,3015,0,0,42,flash,264,12044,23,0,7728647,2803,42,19,0,1,12,3887.8,72.5,336.0,0,False,False,none,none,0,1,,,30037671,0xa887132e,560,1328,1635679,0,0,0,0,0,0
2026-09-24 03:18:00,30072,,7,30069693,0,6011,3018,0,0,42,flash,281,12053,23,0,7736833,2805,42,19,0,1,12,3896.1,72.7,336.0,0,False,False,none,none,0,1,,,30067667,0xa887132e,560,1328,1637425,0,0,0,0,0,0
2026-09-24 03:18:30,30102,,7,30099677,0,6017,3021,0,0,42,flash,241,12062,23,0,7745075,2807,42,19,0,1,12,3888.2,72.5,336.0,0,False,False,none,none,0,1,,,30097646,0xa887132e,560,1328,1639039,0,0,0,0,0,0
2026-09-24 03:19:00,30132,,7,30129673,0,6023,3024,0,0,42,flash,239,12075,23,0,7752139,2809,42,19,0,1,12,3890.1,72.6,336.0,0,False,False,none,none,0,1,,,30127646,0xa887132e,560,1328,1640719,0,0,0,0,0,0
2026-09-24 03:19:30,30162,,7,30159676,0,6029,3027,0,0,42,flash,301,12087,23,0,7759654,2811,42,19,0,1,12,3894.4,72.6,336.0,0,False,False,none,none,0,1,,,30157650,0xa887132e,560,1328,1642237,0,0,0,0,0,0
2026-09-24 03:20:00,30192,,7,30189686,0,6035,3030,0,0,42,flash,224,12094,23,0,7767538,2813,42,19,0,1,12,3899.4,72.7,336.0,0,False,False,none,none,0,1,,,30187653,0xa887132e,560,1328,1644020,0,0,0,0,0,0
2026-09-24 03:20:30,30222,,7,30219676,0,6041,3033,0,0,42,flash,240,12108,23,0,7774774,2815,42,19,0,1,12,3887.0,72.5,336.0,0,False,False,none,none,0,1,,,30217640,0xa887132e,560,1328,1645658,0,0,0,0,0,0
2026-09-24 03:21:00,30252,,7,30249655,0,6047,3036,0,0,42,flash,289,12116,23,0,7782828,2817,42,19,0,1,12,3897.0,72.7,336.0,0,False,False,none,none,0,1,,,30247629,0xa887132e,560,1328,1647436,0,0,0,0,0,0
2026-09-24 03:21:30,30282,,7,30279667,0,6053,3039,0,0,42,flash,231,12125,24,0,7791259,2819,42,19,0,1,12,3888.6,72.5,336.0,0,False,False,none,none,0,1,,,30277642,0xa887132e,560,1328,1648986,0,0,0,0,0,0
2026-09-24 03:22:00,30312,,7,30309665,0,6059,3042,0,0,42,flash,238,12134,24,0,7798384,2821,42,19,0,1,12,3887.2,72.5,336.0,0,False,False,none,none,0,1,,,30307635,0xa887132e,560,1328,1650692,0,0,0,0,0,0
2026-09-24 03:22:30,30342,,7,30339658,0,6065,3045,0,0,42,flash,300,12148,24,0,7805926,2823,42,19,0,1,12,3894.4,72.7,336.0,0,False,False,none,none,0,1,,,30337636,0xa887132e,560,1328,1652304,0,0,0,0,0,0
2026-09-24 03:23:00,30372,,7,30369676,0,6071,3048,0,0,42,flash,224,12158,24,0,7813965,2825,42,19,0,1,12,3899.5,72.7,336.0,0,False,False,none,none,0,1,,,30367639,0xa887132e,560,1328,1653912,0,0,0,0,0,0
2026-09-24 03:23:30,30402,,7,30399645,0,6077,3051,0,0,42,flash,254,12172,24,0,7821305,2827,42,19,0,1,12,3887.1,72.5,336.0,0,False,False,none,none,0,1,,,30397618,0xa887132e,560,1328,1655500,0,0,0,0,0,0
2026-09-24 03:24:00,30432,,7,30429645,0,6083,3054,0,0,42,flash,288,12179,24,0,7829503,2829,42,19,0,1,12,3895.9,72.7,336.0,0,False,False,none,none,0,1,,,30427620,0xa887132e,560,1328,1657272,0,0,0,0,0,0
2026-09-24 03:24:30,30462,,7,30459643,0,6089,3057,0,0,42,flash,236,12193,24,0,7837734,2831,42,19,0,1,12,3890.8,72.6,336.0,0,False,False,none,none,0,1,,,30457611,0xa887132e,560,1328,1658987,0,0,0,0,0,0
2026-09-24 03:25:00,30492,,7,30489631,0,6095,3060,0,0,42,flash,235,12207,24,0,7844771,2833,42,19,0,1,12,3887.7,72.6,336.0,0,False,False,none,none,0,1,,,30487603,0xa887132e,560,1328,1660745,0,0,0,0,0,0
2026-09-24 03:25:30,30523,,7,30519631,0,6101,3063,0,0,42,flash,319,12223,24,0,7852281,2835,42,19,0,1,12,3893.4,72.6,336.0,0,False,False,none,none,0,1,,,30517599,0xa887132e,560,1328,1662296,0,0,0,0,0,0
2026-09-24 03:26:00,30553,,7,30549628,0,6107,3066,0,0,42,flash,228,12231,24,0,7860351,2837,42,19,0,1,12,3899.5,72.7,336.0,0,False,False,none,none,0,1,,,30547585,0xa887132e,560,1328,1663897,0,0,0,0,0,0
2026-09-24 03:26:30,30583,,7,30579622,0,6113,3069,0,0,42,flash,257,12246,24,0,7867649,2839,42,19,0,1,12,3886.0,72.5,336.0,0,False,False,none,none,0,1,,,30577589,0xa887132e,560,1328,1665507,0,0,0,0,0,0
2026-09-24 03:27:00,30613,,7,30609611,0,6119,3072,0,0,42,flash,279,12251,24,0,7875823,2841,42,19,0,1,12,3897.1,72.7,336.0,0,False,False,none,none,0,1,,,30607582,0xa887132e,560,1328,1667256,0,0,0,0,0,0
2026-09-24 03:27:30,30643,,7,30639613,0,6125,3075,0,0,42,flash,233,12266,24,0,7884047,2843,42,19,0,1,12,3888.8,72.6,336.0,0,False,False,none,none,0,1,,,30637572,0xa887132e,560,1328,1668873,0,0,0,0,0,0
2026-09-24 03:28:00,30673,,7,30669593,0,6131,3078,0,0,42,flash,232,12276,24,0,7891123,2845,42,19,0,1,12,3887.8,72.5,336.0,0,False,False,none,none,0,1,,,30667571,0xa887132e,560,1328,1670595,0,0,0,0,0,0
2026-09-24 03:28:30,30703,,7,30699600,0,6137,3081,0,0,42,flash,299,12292,24,0,7898606,2847,42,19,0,1,12,3893.0,72.6,336.0,0,False,False,none,none,0,1,,,30697570,0xa887132e,560,1328,1672130,0,0,0,0,0,0
2026-09-24 03:29:00,30733,,7,30729570,0,6143,3084,0,0,42,flash,217,12300,24,0,7906507,2849,42,19,0,1,12,3901.2,72.7,336.0,0,False,False,none,none,0,1,,,30727550,0xa887132e,560,1328,1673877,0,0,0,0,0,0
2026-09-24 03:29:30,30763,,7,30759595,0,6149,3087,0,0,42,flash,238,12316,24,0,7913706,2851,42,19,0,1,12,3888.4,72.5,336.0,0,False,False,none,none,0,1,,,30757558,0xa887132e,560,1328,1675555,0,0,0,0,0,0
2026-09-24 03:30:00,30793,,7,30789586,0,6155,3090,0,0,42,flash,280,12326,24,0,7921884,2853,42,19,0,1,12,3895.5,72.6,336.0,0,False,False,none,none,0,1,,,30787558,0xa887132e,560,1328,1677297,0,0,0,0,0,0
2026-09-24 03:30:30,30823,,7,30819587,0,6161,3093,0,0,42,flash,235,12342,24,0,7930239,2855,42,19,0,1,12,3888.3,72.5,336.0,0,False,False,none,none,0,1,,,30817554,0xa887132e,560,1328,1678830,0,0,0,0,0,0
2026-09-24 03:31:00,30853,,7,30849596,0,6167,3096,0,0,42,flash,239,12353,24,0,7937318,2857,42,19,0,1,12,3890.5,72.6,336.0,0,False,False,none,none,0,1,,,30847557,0xa887132e,560,1328,1680536,0,0,0,0,0,0
2026-09-24 03:31:30,30883,,7,30879573,0,6173,3099,0,0,42,flash,296,12369,24,0,7944791,2859,42,19,0,1,12,3894.1,72.6,336.0,0,False,False,none,none,0,1,,,30877541,0xa887132e,560,1328,1682154,0,0,0,0,0,0
2026-09-24 03:32:00,30913,,7,30909578,0,6179,3102,0,0,42,flash,227,12379,24,0,7952741,2861,42,19,0,1,12,3899.7,72.7,336.0,0,False,False,none,none,0,1,,,30907536,0xa887132e,560,1328,1683807,0,0,0,0,0,0
2026-09-24 03:32:30,30943,,7,30939557,0,6185,3105,0,0,42,flash,258,12395,24,0,7960020,2863,42,19,0,1,12,3888.9,72.5,336.0,0,False,False,none,none,0,1,,,30937530,0xa887132e,560,1328,1685446,0,0,0,0,0,0
2026-09-24 03:33:00,30973,,7,30969571,0,6191,3108,0,0,42,flash,284,12403,24,0,7968136,2865,42,19,0,1,12,3895.4,72.7,336.0,0,False,False,none,none,0,1,,,30967532,0xa887132e,560,1328,1687189,0,0,0,0,0,0
2026-09-24 03:33:30,31003,,7,30999570,0,6197,3111,0,0,42,flash,235,12419,24,0,7976387,2867,42,19,0,1,12,3888.0,72.5,336.0,0,False,False,none,none,0,1,,,30997535,0xa887132e,560,1328,1688765,0,0,0,0,0,0
2026-09-24 03:34:00,31033,,7,31029558,0,6203,3114,0,0,42,flash,230,12432,24,0,7983356,2869,42,19,0,1,12,3890.1,72.6,336.0,0,False,False,none,none,0,1,,,31027531,0xa887132e,560,1328,1690551,0,0,0,0,0,0
2026-09-24 03:34:30,31063,,7,31059566,0,6209,3117,0,0,42,flash,305,12449,24,0,7990816,2871,42,19,0,1,12,3891.8,72.6,336.0,0,False,False,none,none,0,1,,,31057540,0xa887132e,560,1328,1692222,0,0,0,0,0,0
2026-09-24 03:35:00,31093,,7,31089574,0,6215,3120,0,0,42,flash,223,12461,24,0,7998748,2873,42,19,0,1,12,3900.8,72.7,336.0,0,False,False,none,none,0,1,,,31087537,0xa887132e,560,1328,1693953,0,0,0,0,0,0
2026-09-24 03:35:30,31123,,7,31119566,0,6221,3123,0,0,42,flash,253,12474,24,0,8006010,2875,42,19,0,1,12,3886.3,72.5,336.0,0,False,False,none,none,0,1,,,31117533,0xa887132e,560,1328,1695554,0,0,0,0,0,0
2026-09-24 03:36:00,31153,,7,31149581,0,6227,3126,0,0,42,flash,277,12487,24,0,8014114,2877,42,19,0,1,12,3896.9,72.7,336.0,0,False,False,none,none,0,1,,,31147543,0xa887132e,560,1328,1697269,0,0,0,0,0,0
2026-09-24 03:36:30,31183,,7,31179573,0,6233,3129,0,0,42,flash,238,12499,24,0,8022363,2879,42,19,0,1,12,3888.3,72.5,336.0,0,False,False,none,none,0,1,,,31177536,0xa887132e,560,1328,1698767,0,0,0,0,0,0
2026-09-24 03:37:00,31213,,7,31209569,0,6239,3132,0,0,42,flash,222,12511,24,0,8029378,2881,42,19,0,1,12,3888.9,72.5,336.0,0,False,False,none,none,0,1,,,31207534,0xa887132e,560,1328,1700484,0,0,0,0,0,0
2026-09-24 03:37:30,31243,,7,31239547,0,6245,3135,0,0,42,flash,300,12525,24,0,8036770,2883,42,19,0,1,12,3893.2,72.6,336.0,0,False,False,none,none,0,1,,,31237518,0xa887132e,560,1328,1702079,0,0,0,0,0,0
2026-09-24 03:38:00,31273,,7,31269549,0,6251,3138,0,0,42,flash,222,12537,24,0,8044601,2885,42,19,0,1,12,3901.1,72.7,336.0,0,False,False,none,none,0,1,,,31267518,0xa887132e,560,1328,1703860,0,0,0,0,0,0
2026-09-24 03:38:30,31303,,7,31299563,0,6257,3141,0,0,42,flash,262,12552,24,0,8051818,2887,42,19,0,1,12,3887.1,72.5,336.0,0,False,False,none,none,0,1,,,31297527,0xa887132e,560,1328,1705372,0,0,0,0,0,0
2026-09-24 03:39:00,31333,,7,31329542,0,6263,3144,0,0,42,flash,274,12559,24,0,8060098,2889,42,19,0,1,12,3895.1,72.6,336.0,0,False,False,none,none,0,1,,,31327514,0xa887132e,560,1328,1707054,0,0,0,0,0,0
2026-09-24 03:39:30,31363,,7,31359538,0,6269,3147,0,0,42,flash,233,12571,24,0,8068453,2891,42,19,0,1,12,3889.4,72.6,336.0,0,False,False,none,none,0,1,,,31357503,0xa887132e,560,1328,1708658,0,0,0,0,0,0
2026-09-24 03:40:00,31393,,7,31389542,0,6275,3150,0,0,42,flash,220,12583,24,0,8075538,2893,42,19,0,1,12,3889.1,72.5,336.0,0,False,False,none,none,0,1,,,31387508,0xa887132e,560,1328,1710461,0,0,0,0,0,0
2026-09-24 03:40:30,31423,,7,31419519,0,6281,3153,0,0,42,flash,302,12597,24,0,8083028,2895,42,19,0,1,12,3893.6,72.6,336.0,0,False,False,none,none,0,1,,,31417492,0xa887132e,560,1328,1712051,0,0,0,0,0,0
2026-09-24 03:41:00,31453,,7,31449505,0,6287,3156,0,0,42,flash,220,12607,24,0,8091045,2897,42,19,0,1,12,3901.0,72.8,336.0,0,False,False,none,none,0,1,,,31447475,0xa887132e,560,1328,1713760,0,0,0,0,0,0
2026-09-24 03:41:30,31483,,7,31479492,0,6293,3159,0,0,42,flash,270,12623,24,0,8098366,2899,42,19,0,1,12,3887.9,72.5,336.0,0,False,False,none,none,0,1,,,31477471,0xa887132e,560,1328,1715348,0,0,0,0,0,0
2026-09-24 03:42:00,31513,,7,31509501,0,6299,3162,0,0,42,flash,280,12628,24,0,8106534,2901,42,19,0,1,12,3896.3,72.7,336.0,0,False,False,none,none,0,1,,,31507464,0xa887132e,560,1328,1717096,0,0,0,0,0,0
2026-09-24 03:42:30,31543,,7,31539493,0,6305,3165,0,0,42,flash,233,12640,24,0,8114820,2903,42,19,0,1,12,3887.5,72.5,336.0,0,False,False,none,none,0,1,,,31537454,0xa887132e,560,1328,1718652,0,0,0,0,0,0
2026-09-24 03:43:00,31573,,7,31569484,0,6311,3168,0,0,43,flash,233,12657,25,0,8121862,2905,43,19,0,1,12,3890.0,72.6,336.0,0,False,False,none,none,0,1,,,31567457,0xa887132e,560,1328,1720386,0,0,0,0,0,0
2026-09-24 03:43:30,31603,,7,31599456,0,6317,3171,0,0,43,flash,294,12672,25,0,8129333,2907,43,19,0,1,12,3894.8,72.7,336.0,0,False,False,none,none,0,1,,,31597429,0xa887132e,560,1328,1722077,0,0,0,0,0,0
2026-09-24 03:44:00,31633,,7,31629461,0,6323,3174,0,0,43,flash,221,12680,25,0,8137283,2909,43,19,0,1,12,3900.5,72.7,336.0,0,False,False,none,none,0,1,,,31627434,0xa887132e,560,1328,1723874,0,0,0,0,0,0
2026-09-24 03:44:30,31663,,7,31659471,0,6329,3177,0,0,43,flash,257,12695,25,0,8144587,2911,43,19,0,1,12,3887.1,72.5,336.0,0,False,False,none,none,0,1,,,31657429,0xa887132e,560,1328,1725428,0,0,0,0,0,0
2026-09-24 03:45:00,31693,,7,31689455,0,6335,3180,0,0,43,flash,282,12700,25,0,8152667,2913,43,19,0,1,12,3894.8,72.7,336.0,0,False,False,none,none,0,1,,,31687434,0xa887132e,560,1328,1727231,0,0,0,0,0,0
2026-09-24 03:45:30,31723,,7,31719462,0,6341,3183,0,0,43,flash,224,12709,25,0,8160960,2915,43,19,0,1,12,3888.0,72.5,336.0,0,False,False,none,none,0,1,,,31717426,0xa887132e,560,1328,1728842,0,0,0,0,0,0
2026-09-24 03:46:00,31753,,7,31749463,0,6347,3186,0,0,43,flash,235,12717,25,0,8168024,2917,43,19,0,1,12,3888.1,72.5,336.0,0,False,False,none,none,0,1,,,31747426,0xa887132e,560,1328,1730494,0,0,0,0,0,0
2026-09-24 03:46:30,31783,,7,31779447,0,6353,3189,0,0,43,flash,302,12730,25,0,8175459,2919,43,19,0,1,12,3894.9,72.7,336.0,0,False,False,none,none,0,1,,,31777419,0xa887132e,560,1328,1732082,0,0,0,0,0,0
2026-09-24 03:47:00,31813,,7,31809466,0,6359,3192,0,0,43,flash,225,12741,25,0,8183358,2921,43,19,0,1,12,3900.8,72.7,336.0,0,False,False,none,none,0,1,,,31807424,0xa887132e,560,1328,1733770,0,0,0,0,0,0
2026-09-24 03:47:30,31843,,7,31839461,0,6365,3195,0,0,43,flash,254,12751,25,0,8190648,2923,43,19,0,1,12,3887.7,72.5,336.0,0,False,False,none,none,0,1,,,31837427,0xa887132e,560,1328,1735377,0,0,0,0,0,0
2026-09-24 03:48:00,31873,,7,31869428,0,6371,3198,0,0,43,flash,281,12757,25,0,8198842,2925,43,19,0,1,12,3897.8,72.7,336.0,0,False,False,none,none,0,1,,,31867406,0xa887132e,560,1328,1737128,0,0,0,0,0,0
2026-09-24 03:48:30,31903,,7,31899437,0,6377,3201,0,0,43,flash,226,12769,25,0,8207117,2927,43,19,0,1,12,3888.1,72.5,336.0,0,False,False,none,none,0,1,,,31897411,0xa887132e,560,1328,1738774,0,0,0,0,0,0
2026-09-24 03:49:00,31933,,7,31929434,0,6383,3204,0,0,43,flash,236,12781,25,0,8214139,2929,43,19,0,1,12,3889.4,72.5,336.0,0,False,False,none,none,0,1,,,31927400,0xa887132e,560,1328,1740557,0,0,0,0,0,0
2026-09-24 03:49:30,31963,,7,31959423,0,6389,3207,0,0,43,flash,306,12795,25,0,8221602,2931,43,19,0,1,12,3893.5,72.6,336.0,0,False,False,none,none,0,1,,,31957385,0xa887132e,560,1328,1742126,0,0,0,0,0,0
2026-09-24 03:50:00,31993,,7,31989399,0,6395,3210,0,0,43,flash,227,12802,25,0,8229579,2933,43,19,0,1,12,3899.9,72.7,336.0,0,False,False,none,none,0,1,,,31987374,0xa887132e,560,1328,1743824,0,0,0,0,0,0
2026-09-24 03:50:30,32023,,7,32019412,0,6401,3213,0,0,43,flash,254,12817,25,0,8236803,2935,43,19,0,1,12,3887.4,72.5,336.0,0,False,False,none,none,0,1,,,32017375,0xa887132e,560,1328,1745491,0,0,0,0,0,0
2026-09-24 03:51:00,32053,,7,32049403,0,6407,3216,0,0,43,flash,279,12825,25,0,8244919,2937,43,19,0,1,12,3896.7,72.7,336.0,0,False,False,none,none,0,1,,,32047368,0xa887132e,560,1328,1747216,0,0,0,0,0,0
2026-09-24 03:51:30,32083,,7,32079410,0,6413,3219,0,0,43,flash,238,12835,25,0,8253094,2939,43,19,0,1,12,3889.3,72.6,336.0,0,False,False,none,none,0,1,,,32077377,0xa887132e,560,1328,1748850,0,0,0,0,0,0
2026-09-24 03:52:00,32113,,7,32109380,0,6419,3222,0,0,43,flash,237,12847,25,0,8260155,2941,43,19,0,1,12,3887.6,72.5,336.0,0,False,False,none,none,0,1,,,32107353,0xa887132e,560,1328,1750550,0,0,0,0,0,0
2026-09-24 03:52:30,32143,,7,32139379,0,6425,3225,0,0,43,flash,306,12861,25,0,8267581,2943,43,19,0,1,12,3893.8,72.6,336.0,0,False,False,none,none,0,1,,,32137347,0xa887132e,560,1328,1752185,0,0,0,0,0,0
2026-09-24 03:53:00,32173,,7,32169392,0,6431,3228,0,0,43,flash,226,12869,25,0,8275525,2945,43,19,0,1,12,3901.2,72.7,336.0,0,False,False,none,none,0,1,,,32167356,0xa887132e,560,1328,1753865,0,0,0,0,0,0
2026-09-24 03:53:30,32203,,7,32199373,0,6437,3231,0,0,43,flash,256,12883,25,0,8282715,2947,43,19,0,1,12,3889.9,72.6,336.0,0,False,False,none,none,0,1,,,32197349,0xa887132e,560,1328,1755542,0,0,0,0,0,0
2026-09-24 03:54:00,32233,,7,32229375,0,6443,3234,0,0,43,flash,280,12891,25,0,8290776,2949,43,19,0,1,12,3897.2,72.7,336.0,0,False,False,none,none,0,1,,,32227340,0xa887132e,560,1328,1757350,0,0,0,0,0,0
2026-09-24 03:54:31,32263,,7,32259372,0,6449,3237,0,0,43,flash,233,12905,25,0,8298988,2951,43,19,0,1,12,3888.4,72.5,336.0,0,False,False,none,none,0,1,,,32257338,0xa887132e,560,1328,1758949,0,0,0,0,0,0
2026-09-24 03:55:00,32293,,7,32289347,0,6455,3239,0,0,43,flash,233,12912,25,0,8305975,2953,43,19,0,1,12,3887.7,72.5,336.0,0,False,False,none,none,0,1,,,32287315,0xa887132e,560,1328,1760647,0,0,0,0,0,0
2026-09-24 03:55:31,32323,,7,32319358,0,6461,3242,0,0,43,flash,283,12927,25,0,8313373,2955,43,19,0,1,12,3894.2,72.6,336.0,0,False,False,none,none,0,1,,,32317324,0xa887132e,560,1328,1762188,0,0,0,0,0,0
2026-09-24 03:56:01,32353,,7,32349346,0,6467,3245,0,0,43,flash,224,12937,25,0,8321210,2957,43,19,0,1,12,3900.0,72.7,336.0,0,False,False,none,none,0,1,,,32347319,0xa887132e,560,1328,1763899,0,0,0,0,0,0
2026-09-24 03:56:31,32383,,7,32379341,0,6473,3248,0,0,43,flash,247,12952,25,0,8328556,2959,43,19,0,1,12,3887.6,72.5,336.0,0,False,False,none,none,0,1,,,32377313,0xa887132e,560,1328,1765481,0,0,0,0,0,0
2026-09-24 03:57:01,32413,,7,32409334,0,6479,3251,0,0,43,flash,271,12957,25,0,8336713,2961,43,19,0,1,12,3896.1,72.7,336.0,0,False,False,none,none,0,1,,,32407308,0xa887132e,560,1328,1767255,0,0,0,0,0,0
2026-09-24 03:57:31,32443,,7,32439343,0,6485,3254,0,0,43,flash,231,12968,25,0,8345024,2963,43,19,0,1,12,3888.0,72.5,336.0,0,False,False,none,none,0,1,,,32437308,0xa887132e,560,1328,1768835,0,0,0,0,0,0
2026-09-24 03:58:01,32473,,7,32469323,0,6491,3257,0,0,43,flash,228,12979,25,0,8352061,2965,43,19,0,1,12,3890.2,72.6,336.0,0,False,False,none,none,0,1,,,32467294,0xa887132e,560,1328,1770542,0,0,0,0,0,0
2026-09-24 03:58:31,32503,,7,32499314,0,6497,3260,0,0,43,flash,299,12997,25,0,8359532,2967,43,19,0,1,12,3894.8,72.7,336.0,0,False,False,none,none,0,1,,,32497281,0xa887132e,560,1328,1772131,0,0,0,0,0,0
2026-09-24 03:59:01,32533,,7,32529313,0,6503,3263,0,0,43,flash,226,13007,25,0,8367479,2969,43,19,0,1,12,3898.4,72.7,336.0,0,False,False,none,none,0,1,,,32527276,0xa887132e,560,1328,1773846,0,0,0,0,0,0
2026-09-24 03:59:31,32563,,7,32559307,0,6509,3266,0,0,43,flash,259,13018,25,0,8374716,2971,43,19,0,1,12,3887.9,72.5,336.0,0,False,False,none,none,0,1,,,32557274,0xa887132e,560,1328,1775480,0,0,0,0,0,0
2026-09-24 04:00:01,32593,,7,32589323,0,6515,3269,0,0,43,flash,294,13026,25,0,8382833,2973,43,19,0,1,12,3894.9,72.6,336.0,0,False,False,none,none,0,1,,,32587284,0xa887132e,560,1328,1777173,0,0,0,0,0,0
2026-09-24 04:00:31,32623,,7,32619308,0,6521,3272,0,0,43,flash,230,13036,25,0,8391051,2975,43,19,0,1,12,3886.6,72.5,336.0,0,False,False,none,none,0,1,,,32617271,0xa887132e,560,1328,1778770,0,0,0,0,0,0
2026-09-24 04:01:01,32653,,7,32649297,0,6527,3275,0,0,43,flash,230,13047,25,0,8398071,2977,43,19,0,1,12,3888.8,72.5,336.0,0,False,False,none,none,0,1,,,32647263,0xa887132e,560,1328,1780577,0,0,0,0,0,0
2026-09-24 04:01:31,32683,,7,32679297,0,6533,3278,0,0,43,flash,291,13059,25,0,8405512,2979,43,19,0,1,12,3894.5,72.7,336.0,0,False,False,none,none,0,1,,,32677257,0xa887132e,560,1328,1782143,0,0,0,0,0,0
2026-09-24 04:02:01,32713,,7,32709282,0,6539,3281,0,0,43,flash,225,13073,25,0,8413385,2981,43,19,0,1,12,3900.0,72.7,336.0,0,False,False,none,none,0,1,,,32707254,0xa887132e,560,1328,1783959,0,0,0,0,0,0
2026-09-24 04:02:31,32743,,7,32739287,0,6545,3284,0,0,43,flash,258,13088,25,0,8420611,2983,43,19,0,1,12,3886.2,72.5,336.0,0,False,False,none,none,0,1,,,32737255,0xa887132e,560,1328,1785497,0,0,0,0,0,0
2026-09-24 04:03:01,32773,,7,32769265,0,6551,3287,0,0,43,flash,285,13096,25,0,8428767,2985,43,19,0,1,12,3896.8,72.7,336.0,0,False,False,none,none,0,1,,,32767233,0xa887132e,560,1328,1787129,0,0,0,0,0,0
2026-09-24 04:03:31,32803,,7,32799256,0,6557,3290,0,0,43,flash,235,13106,25,0,8436951,2988,43,19,0,1,12,3889.7,72.6,336.0,0,False,False,none,none,0,1,,,32797228,0xa887132e,560,1328,1788735,0,0,0,0,0,0
2026-09-24 04:04:01,32833,,7,32829259,0,6563,3293,0,0,43,flash,235,13118,26,0,8443935,2990,43,19,0,1,12,3887.1,72.5,336.0,0,False,False,none,none,0,1,,,32827220,0xa887132e,560,1328,1790426,0,0,0,0,0,0
2026-09-24 04:04:31,32863,,7,32859264,0,6569,3296,0,0,43,flash,297,13133,26,0,8451295,2992,43,19,0,1,12,3893.4,72.6,336.0,0,False,False,none,none,0,1,,,32857226,0xa887132e,560,1328,1791985,0,0,0,0,0,0
2026-09-24 04:05:01,32893,,7,32889253,0,6575,3299,0,0,43,flash,221,13144,26,0,8459173,2994,43,19,0,1,12,3902.0,72.7,336.0,0,False,False,none,none,0,1,,,32887227,0xa887132e,560,1328,1793789,0,0,0,0,0,0
2026-09-24 04:05:31,32923,,7,32919251,0,6581,3302,0,0,43,flash,245,13160,26,0,8466410,2996,43,19,0,1,12,3886.8,72.5,336.0,0,False,False,none,none,0,1,,,32917216,0xa887132e,560,1328,1795446,0,0,0,0,0,0
2026-09-24 04:06:01,32953,,7,32949245,0,6587,3305,0,0,43,flash,276,13169,26,0,8474524,2998,43,19,0,1,12,3896.7,72.7,336.0,0,False,False,none,none,0,1,,,32947210,0xa887132e,560,1328,1797189,0,0,0,0,0,0
2026-09-24 04:06:31,32983,,7,32979233,0,6593,3308,0,0,43,flash,229,13176,26,0,8482718,3000,43,19,0,1,12,3887.8,72.5,336.0,0,False,False,none,none,0,1,,,32977201,0xa887132e,560,1328,1798830,0,0,0,0,0,0
2026-09-24 04:07:01,33013,,7,33009238,0,6599,3311,0,0,43,flash,220,13187,26,0,8489731,3002,43,19,0,1,12,3888.7,72.5,336.0,0,False,False,none,none,0,1,,,33007207,0xa887132e,560,1328,1800504,0,0,0,0,0,0
2026-09-24 04:07:31,33043,,7,33039224,0,6605,3314,0,0,43,flash,302,13203,26,0,8497149,3004,43,19,0,1,12,3895.2,72.7,336.0,0,False,False,none,none,0,1,,,33037194,0xa887132e,560,1328,1802099,0,0,0,0,0,0
2026-09-24 04:08:01,33073,,7,33069229,0,6611,3317,0,0,43,flash,228,13211,26,0,8505002,3006,43,19,0,1,12,3899.8,72.7,336.0,0,False,False,none,none,0,1,,,33067197,0xa887132e,560,1328,1803865,0,0,0,0,0,0
2026-09-24 04:08:31,33103,,7,33099228,0,6617,3320,0,0,43,flash,247,13226,26,0,8512192,3008,43,19,0,1,12,3887.8,72.5,336.0,0,False,False,none,none,0,1,,,33097190,0xa887132e,560,1328,1805485,0,0,0,0,0,0
2026-09-24 04:09:01,33133,,7,33129216,0,6623,3323,0,0,43,flash,278,13232,26,0,8520229,3010,43,19,0,1,12,3897.8,72.7,336.0,0,False,False,none,none,0,1,,,33127178,0xa887132e,560,1328,1807138,0,0,0,0,0,0
2026-09-24 04:09:31,33163,,7,33159208,0,6629,3326,0,0,43,flash,230,13244,26,0,8528460,3012,43,19,0,1,12,3889.2,72.5,336.0,0,False,False,none,none,0,1,,,33157180,0xa887132e,560,1328,1808755,0,0,0,0,0,0
2026-09-24 04:10:01,33193,,7,33189191,0,6635,3329,0,0,43,flash,234,13258,26,0,8535521,3014,43,19,0,1,12,3888.8,72.5,336.0,0,False,False,none,none,0,1,,,33187160,0xa887132e,560,1328,1810284,0,0,0,0,0,0
2026-09-24 04:10:31,33223,,7,33219195,0,6641,3332,0,0,43,flash,300,13271,26,0,8542926,3016,43,19,0,1,12,3894.1,72.6,336.0,0,False,False,none,none,0,1,,,33217163,0xa887132e,560,1328,1811809,0,0,0,0,0,0
2026-09-24 04:11:01,33253,,7,33249189,0,6647,3335,0,0,43,flash,222,13282,26,0,8550782,3018,43,19,0,1,12,3900.6,72.7,336.0,0,False,False,none,none,0,1,,,33247160,0xa887132e,560,1328,1813501,0,0,0,0,0,0
2026-09-24 04:11:31,33283,,7,33279181,0,6653,3338,0,0,43,flash,248,13296,26,0,8557978,3020,43,19,0,1,12,3889.1,72.5,336.0,0,False,False,none,none,0,1,,,33277154,0xa887132e,560,1328,1815058,0,0,0,0,0,0
2026-09-24 04:12:01,33313,,7,33309151,0,6659,3341,0,0,43,flash,282,13304,26,0,8566038,3022,43,19,0,1,12,3896.3,72.7,336.0,0,False,False,none,none,0,1,,,33307131,0xa887132e,560,1328,1816720,0,0,0,0,0,0
2026-09-24 04:12:31,33343,,7,33339170,0,6665,3344,0,0,43,flash,234,13316,26,0,8574195,3024,43,19,0,1,12,3889.0,72.6,336.0,0,False,False,none,none,0,1,,,33337136,0xa887132e,560,1328,1818251,0,0,0,0,0,0
2026-09-24 04:13:01,33373,,7,33369154,0,6671,3347,0,0,43,flash,229,13327,26,0,8581102,3026,43,19,0,1,12,3889.7,72.5,336.0,0,False,False,none,none,0,1,,,33367125,0xa887132e,560,1328,1820020,0,0,0,0,0,0
2026-09-24 04:13:31,33403,,7,33399149,0,6677,3350,0,0,43,flash,312,13341,26,0,8588446,3028,43,19,0,1,12,3893.6,72.6,336.0,0,False,False,none,none,0,1,,,33397116,0xa887132e,560,1328,1821637,0,0,0,0,0,0
2026-09-24 04:14:01,33433,,7,33429148,0,6683,3353,0,0,43,flash,229,13351,26,0,8596457,3030,43,19,0,1,12,3900.3,72.7,336.0,0,False,False,none,none,0,1,,,33427116,0xa887132e,560,1328,1823445,0,0,0,0,0,0
2026-09-24 04:14:31,33463,,7,33459125,0,6689,3356,0,0,43,flash,255,13366,26,0,8603751,3032,43,19,0,1,12,3888.4,72.5,336.0,0,False,False,none,none,0,1,,,33457100,0xa887132e,560,1328,1825015,0,0,0,0,0,0
2026-09-24 04:15:01,33493,,7,33489126,0,6695,3359,0,0,43,flash,289,13374,26,0,8611954,3034,43,19,0,1,12,3896.5,72.7,336.0,0,False,False,none,none,0,1,,,33487094,0xa887132e,560,1328,1826694,0,0,0,0,0,0
2026-09-24 04:15:31,33523,,7,33519120,0,6701,3362,0,0,43,flash,229,13384,26,0,8620253,3036,43,19,0,1,12,3887.8,72.5,336.0,0,False,False,none,none,0,1,,,33517089,0xa887132e,560,1328,1828201,0,0,0,0,0,0
2026-09-24 04:16:01,33553,,7,33549119,0,6707,3365,0,0,43,flash,227,13399,26,0,8627301,3038,43,19,0,1,12,3887.5,72.5,336.0,0,False,False,none,none,0,1,,,33547089,0xa887132e,560,1328,1829956,0,0,0,0,0,0
2026-09-24 04:16:31,33583,,7,33579100,0,6713,3368,0,0,43,flash,292,13420,26,0,8634728,3040,43,19,0,1,12,3895.0,72.6,336.0,0,False,False,none,none,0,1,,,33577071,0xa887132e,560,1328,1831554,0,0,0,0,0,0
2026-09-24 04:17:01,33613,,7,33609098,0,6719,3371,0,0,43,flash,225,13431,26,0,8642647,3042,43,19,0,1,12,3899.9,72.7,336.0,0,False,False,none,none,0,1,,,33607060,0xa887132e,560,1328,1833315,0,0,0,0,0,0
2026-09-24 04:17:31,33643,,7,33639091,0,6725,3374,0,0,43,flash,260,13444,26,0,8649859,3044,43,19,0,1,12,3887.8,72.5,336.0,0,False,False,none,none,0,1,,,33637061,0xa887132e,560,1328,1834930,0,0,0,0,0,0
2026-09-24 04:18:01,33673,,7,33669101,0,6731,3377,0,0,43,flash,280,13453,26,0,8657975,3046,43,19,0,1,12,3895.8,72.7,336.0,0,False,False,none,none,0,1,,,33667066,0xa887132e,560,1328,1836660,0,0,0,0,0,0
2026-09-24 04:18:31,33703,,7,33699084,0,6737,3380,0,0,43,flash,236,13466,26,0,8666251,3048,43,19,0,1,12,3887.4,72.5,336.0,0,False,False,none,none,0,1,,,33697052,0xa887132e,560,1328,1838267,0,0,0,0,0,0
2026-09-24 04:19:01,33733,,7,33729080,0,6743,3383,0,0,43,flash,239,13479,26,0,8673245,3050,43,19,0,1,12,3887.8,72.5,336.0,0,False,False,none,none,0,1,,,33727052,0xa887132e,560,1328,1840072,0,0,0,0,0,0
2026-09-24 04:19:31,33763,,7,33759082,0,6749,3386,0,0,43,flash,307,13495,26,0,8680666,3052,43,19,0,1,12,3894.1,72.6,336.0,0,False,False,none,none,0,1,,,33757049,0xa887132e,560,1328,1841650,0,0,0,0,0,0
2026-09-24 04:20:01,33793,,7,33789081,0,6755,3389,0,0,43,flash,237,13507,26,0,8688550,3054,43,19,0,1,12,3900.4,72.7,336.0,0,False,False,none,none,0,1,,,33787046,0xa887132e,560,1328,1843364,0,0,0,0,0,0
2026-09-24 04:20:31,33823,,7,33819046,0,6761,3392,0,0,43,flash,261,13519,26,0,8695772,3056,43,19,0,1,12,3888.4,72.5,336.0,0,False,False,none,none,0,1,,,33817019,0xa887132e,560,1328,1844987,0,0,0,0,0,0
2026-09-24 04:21:01,33853,,7,33849053,0,6767,3395,0,0,43,flash,275,13525,26,0,8703824,3058,43,19,0,1,12,3896.7,72.7,336.0,0,False,False,none,none,0,1,,,33847022,0xa887132e,560,1328,1846744,0,0,0,0,0,0
2026-09-24 04:21:31,33883,,7,33879040,0,6773,3398,0,0,43,flash,236,13538,26,0,8712029,3060,43,19,0,1,12,3890.8,72.6,336.0,0,False,False,none,none,0,1,,,33877017,0xa887132e,560,1328,1848321,0,0,0,0,0,0
2026-09-24 04:22:01,33913,,7,33909047,0,6779,3401,0,0,43,flash,234,13549,26,0,8718981,3062,43,19,0,1,12,3888.6,72.5,336.0,0,False,False,none,none,0,1,,,33907015,0xa887132e,560,1328,1850051,0,0,0,0,0,0
2026-09-24 04:22:31,33943,,7,33939045,0,6785,3404,0,0,43,flash,298,13563,26,0,8726415,3064,43,19,0,1,12,3895.5,72.7,336.0,0,False,False,none,none,0,1,,,33937020,0xa887132e,560,1328,1851623,0,0,0,0,0,0
2026-09-24 04:23:01,33973,,7,33969044,0,6791,3407,0,0,43,flash,230,13577,26,0,8734347,3066,43,19,0,1,12,3899.1,72.7,336.0,0,False,False,none,none,0,1,,,33967016,0xa887132e,560,1328,1853413,0,0,0,0,0,0
2026-09-24 04:23:31,34003,,7,33999031,0,6797,3410,0,0,43,flash,258,13590,26,0,8741583,3068,43,19,0,1,12,3888.2,72.5,336.0,0,False,False,none,none,0,1,,,33997001,0xa887132e,560,1328,1855025,0,0,0,0,0,0
2026-09-24 04:24:01,34033,,7,34029038,0,6803,3413,0,0,43,flash,294,13594,26,0,8749740,3070,43,19,0,1,12,3896.4,72.7,336.0,0,False,False,none,none,0,1,,,34027005,0xa887132e,560,1328,1856609,0,0,0,0,0,0
2026-09-24 04:24:31,34063,,7,34059012,0,6809,3416,0,0,43,flash,229,13603,26,0,8757911,3072,43,19,0,1,12,3889.3,72.5,336.0,0,False,False,none,none,0,1,,,34056983,0xa887132e,560,1328,1858264,0,0,0,0,0,0
2026-09-24 04:25:01,34093,,7,34089009,0,6815,3419,0,0,43,flash,221,13616,27,0,8764927,3074,43,19,0,1,12,3888.3,72.5,336.0,0,False,False,none,none,0,1,,,34086974,0xa887132e,560,1328,1859962,0,0,0,0,0,0
2026-09-24 04:25:31,34123,,7,34119002,0,6821,3422,0,0,43,flash,294,13630,27,0,8772335,3076,43,19,0,1,12,3896.0,72.7,336.0,0,False,False,none,none,0,1,,,34116974,0xa887132e,560,1328,1861459,0,0,0,0,0,0
2026-09-24 04:26:01,34153,,7,34149015,0,6827,3425,0,0,43,flash,227,13635,27,0,8780236,3078,43,19,0,1,12,3901.1,72.7,336.0,0,False,False,none,none,0,1,,,34146981,0xa887132e,560,1328,1863152,0,0,0,0,0,0
2026-09-24 04:26:31,34183,,7,34179010,0,6832,3427,0,0,43,flash,251,13647,27,0,8787364,3080,43,19,0,1,12,3887.2,72.5,336.0,0,False,False,none,none,0,1,,,34176978,0xa887132e,560,1328,1864811,0,0,0,0,0,0
2026-09-24 04:27:01,34214,,7,34209004,0,6838,3430,0,0,43,flash,272,13652,27,0,8795443,3082,43,19,0,1,12,3896.9,72.7,336.0,0,False,False,none,none,0,1,,,34206979,0xa887132e,560,1328,1866609,0,0,0,0,0,0
2026-09-24 04:27:31,34244,,7,34238997,0,6844,3433,0,0,43,flash,234,13662,27,0,8803686,3084,43,19,0,1,12,3887.7,72.5,336.0,0,False,False,none,none,0,1,,,34236969,0xa887132e,560,1328,1868113,0,0,0,0,0,0
2026-09-24 04:28:01,34274,,7,34268999,0,6850,3436,0,0,43,flash,223,13673,27,0,8810634,3086,43,19,0,1,12,3887.8,72.5,336.0,0,False,False,none,none,0,1,,,34266968,0xa887132e,560,1328,1869930,0,0,0,0,0,0
2026-09-24 04:28:31,34304,,7,34298981,0,6856,3439,0,0,43,flash,294,13686,27,0,8817957,3088,43,19,0,1,12,3893.3,72.6,336.0,0,False,False,none,none,0,1,,,34296950,0xa887132e,560,1328,1871533,0,0,0,0,0,0
2026-09-24 04:29:01,34334,,7,34328984,0,6862,3442,0,0,43,flash,222,13700,27,0,8825826,3090,43,19,0,1,12,3900.1,72.7,336.0,0,False,False,none,none,0,1,,,34326955,0xa887132e,560,1328,1873221,0,0,0,0,0,0
2026-09-24 04:29:31,34364,,7,34358976,0,6868,3445,0,0,43,flash,245,13712,27,0,8832981,3092,43,19,0,1,12,3887.6,72.5,336.0,0,False,False,none,none,0,1,,,34356951,0xa887132e,560,1328,1874875,0,0,0,0,0,0
2026-09-24 04:30:01,34394,,7,34388987,0,6874,3448,0,0,43,flash,283,13720,27,0,8840983,3094,43,19,0,1,12,3895.2,72.7,336.0,0,False,False,none,none,0,1,,,34386956,0xa887132e,560,1328,1876607,0,0,0,0,0,0
2026-09-24 04:30:31,34424,,7,34418982,0,6880,3451,0,0,43,flash,231,13731,27,0,8849113,3096,43,19,0,1,12,3890.3,72.6,336.0,0,False,False,none,none,0,1,,,34416955,0xa887132e,560,1328,1878168,0,0,0,0,0,0
2026-09-24 04:31:01,34454,,7,34449003,0,6886,3454,0,0,43,flash,241,13744,27,0,8856076,3098,43,19,0,1,12,3887.1,72.5,336.0,0,False,False,none,none,0,1,,,34446968,0xa887132e,560,1328,1879832,0,0,0,0,0,0
2026-09-24 04:31:31,34484,,7,34478987,0,6892,3457,0,0,43,flash,301,13760,27,0,8863554,3100,43,19,0,1,12,3894.2,72.7,336.0,0,False,False,none,none,0,1,,,34476963,0xa887132e,560,1328,1881358,0,0,0,0,0,0
2026-09-24 04:32:01,34514,,7,34508996,0,6898,3460,0,0,43,flash,230,13768,27,0,8871510,3102,43,19,0,1,12,3900.9,72.7,336.0,0,False,False,none,none,0,1,,,34506971,0xa887132e,560,1328,1883073,0,0,0,0,0,0
2026-09-24 04:32:31,34544,,7,34538990,0,6904,3463,0,0,43,flash,248,13783,27,0,8878791,3104,43,19,0,1,12,3888.4,72.6,336.0,0,False,False,none,none,0,1,,,34536957,0xa887132e,560,1328,1884562,0,0,0,0,0,0
2026-09-24 04:33:01,34574,,7,34569006,0,6910,3466,0,0,43,flash,275,13788,27,0,8886806,3106,43,19,0,1,12,3896.9,72.7,336.0,0,False,False,none,none,0,1,,,34566966,0xa887132e,560,1328,1886410,0,0,0,0,0,0
2026-09-24 04:33:31,34604,,7,34598968,0,6916,3469,0,0,43,flash,240,13800,27,0,8895060,3108,43,19,0,1,12,3890.1,72.6,336.0,0,False,False,none,none,0,1,,,34596938,0xa887132e,560,1328,1887966,0,0,0,0,0,0
2026-09-24 04:34:01,34634,,7,34628972,0,6922,3472,0,0,43,flash,234,13812,27,0,8902068,3110,43,19,0,1,12,3889.6,72.5,336.0,0,False,False,none,none,0,1,,,34626946,0xa887132e,560,1328,1889664,0,0,0,0,0,0
2026-09-24 04:34:31,34664,,7,34658958,0,6928,3475,0,0,43,flash,299,13828,27,0,8909493,3112,43,19,0,1,12,3895.4,72.7,336.0,0,False,False,none,none,0,1,,,34656931,0xa887132e,560,1328,1891244,0,0,0,0,0,0
2026-09-24 04:35:01,34694,,7,34688971,0,6934,3478,0,0,43,flash,220,13838,27,0,8917413,3114,43,19,0,1,12,3900.6,72.7,336.0,0,False,False,none,none,0,1,,,34686936,0xa887132e,560,1328,1893011,0,0,0,0,0,0
2026-09-24 04:35:31,34724,,7,34718954,0,6940,3481,0,0,43,flash,245,13854,27,0,8924682,3116,43,19,0,1,12,3887.6,72.6,336.0,0,False,False,none,none,0,1,,,34716925,0xa887132e,560,1328,1894586,0,0,0,0,0,0
2026-09-24 04:36:01,34754,,7,34748951,0,6946,3484,0,0,43,flash,282,13864,27,0,8932823,3118,43,19,0,1,12,3896.9,72.7,336.0,0,False,False,none,none,0,1,,,34746924,0xa887132e,560,1328,1896371,0,0,0,0,0,0
2026-09-24 04:36:31,34784,,7,34778935,0,6952,3487,0,0,43,flash,235,13877,27,0,8941119,3120,43,19,0,1,12,3888.5,72.5,336.0,0,False,False,none,none,0,1,,,34776907,0xa887132e,560,1328,1897882,0,0,0,0,0,0
2026-09-24 04:37:01,34814,,7,34808923,0,6958,3490,0,0,43,flash,230,13891,27,0,8948168,3122,43,19,0,1,12,3890.8,72.6,336.0,0,False,False,none,none,0,1,,,34806889,0xa887132e,560,1328,1899540,0,0,0,0,0,0
2026-09-24 04:37:31,34844,,7,34838904,0,6964,3493,0,0,43,flash,296,13907,27,0,8955539,3124,43,19,0,1,12,3891.9,72.6,336.0,0,False,False,none,none,0,1,,,34836878,0xa887132e,560,1328,1901157,0,0,0,0,0,0
2026-09-24 04:38:01,34874,,7,34868905,0,6970,3496,0,0,43,flash,228,13918,27,0,8963527,3126,43,19,0,1,12,3900.0,72.7,336.0,0,False,False,none,none,0,1,,,34866875,0xa887132e,560,1328,1902815,0,0,0,0,0,0
2026-09-24 04:38:31,34904,,7,34898910,0,6976,3499,0,0,43,flash,266,13936,27,0,8970748,3128,43,19,0,1,12,3888.5,72.5,336.0,0,False,False,none,none,0,1,,,34896881,0xa887132e,560,1328,1904389,0,0,0,0,0,0
2026-09-24 04:39:01,34934,,7,34928897,0,6982,3502,0,0,43,flash,279,13950,27,0,8978878,3130,43,19,0,1,12,3894.6,72.7,336.0,0,False,False,none,none,0,1,,,34926869,0xa887132e,560,1328,1906000,0,0,0,0,0,0
2026-09-24 04:39:31,34964,,7,34958903,0,6988,3505,0,0,43,flash,222,13967,27,0,8987069,3132,43,19,0,1,12,3888.9,72.6,336.0,0,False,False,none,none,0,1,,,34956866,0xa887132e,560,1328,1907544,0,0,0,0,0,0
2026-09-24 04:40:01,34994,,7,34988894,0,6994,3508,0,0,43,flash,232,13980,27,0,8994081,3134,43,19,0,1,12,3889.1,72.6,336.0,0,False,False,none,none,0,1,,,34986868,0xa887132e,560,1328,1909369,0,0,0,0,0,0
2026-09-24 04:40:31,35024,,7,35018897,0,7000,3511,0,0,43,flash,307,13996,27,0,9001528,3136,43,19,0,1,12,3892.8,72.6,336.0,0,False,False,none,none,0,1,,,35016862,0xa887132e,560,1328,1910956,0,0,0,0,0,0
2026-09-24 04:41:01,35054,,7,35048896,0,7006,3514,0,0,43,flash,218,14007,27,0,9009505,3138,43,19,0,1,12,3901.0,72.7,336.0,0,False,False,none,none,0,1,,,35046860,0xa887132e,560,1328,1912610,0,0,0,0,0,0
2026-09-24 04:41:31,35084,,7,35078892,0,7012,3517,0,0,43,flash,251,14022,27,0,9016738,3140,43,19,0,1,12,3887.7,72.5,336.0,0,False,False,none,none,0,1,,,35076862,0xa887132e,560,1328,1914206,0,0,0,0,0,0
2026-09-24 04:42:01,35114,,7,35108884,0,7018,3520,0,0,43,flash,284,14029,27,0,9024844,3142,43,19,0,1,12,3897.2,72.7,336.0,0,False,False,none,none,0,1,,,35106853,0xa887132e,560,1328,1915910,0,0,0,0,0,0
2026-09-24 04:42:31,35144,,7,35138886,0,7024,3523,0,0,43,flash,228,14042,27,0,9033087,3144,43,19,0,1,12,3888.7,72.5,336.0,0,False,False,none,none,0,1,,,35136859,0xa887132e,560,1328,1917515,0,0,0,0,0,0
2026-09-24 04:43:01,35174,,7,35168902,0,7030,3526,0,0,43,flash,225,14055,27,0,9040078,3146,43,19,0,1,12,3887.6,72.5,336.0,0,False,False,none,none,0,1,,,35166868,0xa887132e,560,1328,1919257,0,0,0,0,0,0
2026-09-24 04:43:31,35204,,7,35198898,0,7036,3529,0,0,43,flash,308,14068,27,0,9047447,3148,43,19,0,1,12,3894.3,72.6,336.0,0,False,False,none,none,0,1,,,35196863,0xa887132e,560,1328,1920851,0,0,0,0,0,0
2026-09-24 04:44:01,35234,,7,35228900,0,7042,3532,0,0,43,flash,210,14078,27,0,9055315,3150,43,19,0,1,12,3900.5,72.7,336.0,0,False,False,none,none,0,1,,,35226867,0xa887132e,560,1328,1922534,0,0,0,0,0,0
2026-09-24 04:44:31,35264,,7,35258891,0,7048,3535,0,0,43,flash,251,14092,27,0,9062576,3152,43,19,0,1,12,3889.6,72.6,336.0,0,False,False,none,none,0,1,,,35256861,0xa887132e,560,1328,1924134,0,0,0,0,0,0
2026-09-24 04:45:01,35294,,7,35288901,0,7054,3537,0,0,43,flash,273,14099,27,0,9070717,3154,43,19,0,1,12,3895.5,72.7,336.0,0,False,False,none,none,0,1,,,35286870,0xa887132e,560,1328,1925729,0,0,0,0,0,0
2026-09-24 04:45:31,35324,,7,35318896,0,7060,3540,0,0,43,flash,218,14113,27,0,9078901,3156,43,19,0,1,12,3889.2,72.6,336.0,0,False,False,none,none,0,1,,,35316867,0xa887132e,560,1328,1927386,0,0,0,0,0,0
2026-09-24 04:46:01,35354,,7,35348890,0,7066,3543,0,0,43,flash,235,14123,27,0,9085850,3158,43,19,0,1,12,3888.4,72.5,336.0,0,False,False,none,none,0,1,,,35346857,0xa887132e,560,1328,1929157,0,0,0,0,0,0
2026-09-24 04:46:31,35384,,7,35378904,0,7072,3546,0,0,43,flash,302,14141,28,0,9093179,3160,43,19,0,1,12,3893.0,72.6,336.0,0,False,False,none,none,0,1,,,35376866,0xa887132e,560,1328,1930830,0,0,0,0,0,0
2026-09-24 04:47:01,35414,,7,35408889,0,7078,3549,0,0,43,flash,225,14154,28,0,9101110,3162,43,19,0,1,12,3900.1,72.7,336.0,0,False,False,none,none,0,1,,,35406857,0xa887132e,560,1328,1932408,0,0,0,0,0,0
2026-09-24 04:47:31,35444,,7,35438897,0,7084,3552,0,0,43,flash,252,14168,28,0,9108284,3164,43,19,0,1,12,3887.9,72.5,336.0,0,False,False,none,none,0,1,,,35436856,0xa887132e,560,1328,1934013,0,0,0,0,0,0
2026-09-24 04:48:01,35474,,7,35468882,0,7090,3555,0,0,43,flash,280,14174,28,0,9116314,3166,43,19,0,1,12,3896.5,72.7,336.0,0,False,False,none,none,0,1,,,35466856,0xa887132e,560,1328,1935658,0,0,0,0,0,0
2026-09-24 04:48:31,35504,,7,35498895,0,7096,3558,0,0,43,flash,244,14184,28,0,9124527,3168,43,19,0,1,12,3888.0,72.5,336.0,0,False,False,none,none,0,1,,,35496857,0xa887132e,560,1328,1937146,0,0,0,0,0,0
2026-09-24 04:49:01,35534,,7,35528886,0,7102,3561,0,0,43,flash,238,14195,28,0,9131715,3170,43,19,0,1,12,3887.0,72.5,336.0,0,False,False,none,none,0,1,,,35526849,0xa887132e,560,1328,1938793,0,0,0,0,0,0
2026-09-24 04:49:31,35564,,7,35558863,0,7108,3564,0,0,43,flash,316,14211,28,0,9139219,3172,43,19,0,1,12,3892.0,72.6,336.0,0,False,False,none,none,0,1,,,35556830,0xa887132e,560,1328,1940423,0,0,0,0,0,0
2026-09-24 04:50:01,35594,,7,35588868,0,7114,3567,0,0,43,flash,227,14219,28,0,9147289,3174,43,19,0,1,12,3902.2,72.7,336.0,0,False,False,none,none,0,1,,,35586832,0xa887132e,560,1328,1942165,0,0,0,0,0,0
2026-09-24 04:50:31,35624,,7,35618848,0,7120,3570,0,0,43,flash,257,14231,28,0,9154629,3176,43,19,0,1,12,3885.9,72.5,336.0,0,False,False,none,none,0,1,,,35616826,0xa887132e,560,1328,1943684,0,0,0,0,0,0
2026-09-24 04:51:01,35654,,7,35648850,0,7126,3573,0,0,43,flash,287,14233,28,0,9162912,3178,43,19,0,1,12,3897.0,72.7,336.0,0,False,False,none,none,0,1,,,35646825,0xa887132e,560,1328,1945316,0,0,0,0,0,0
2026-09-24 04:51:31,35684,,7,35678850,0,7132,3576,0,0,43,flash,234,14243,28,0,9171236,3180,43,19,0,1,12,3888.0,72.5,336.0,0,False,False,none,none,0,1,,,35676816,0xa887132e,560,1328,1946946,0,0,0,0,0,0
2026-09-24 04:52:01,35714,,7,35708830,0,7138,3579,0,0,43,flash,232,14256,28,0,9178332,3182,43,19,0,1,12,3888.1,72.5,336.0,0,False,False,none,none,0,1,,,35706804,0xa887132e,560,1328,1948627,0,0,0,0,0,0
2026-09-24 04:52:32,35744,,7,35738835,0,7144,3582,0,0,43,flash,304,14271,28,0,9185764,3184,43,19,0,1,12,3893.7,72.6,336.0,0,False,False,none,none,0,1,,,35736801,0xa887132e,560,1328,1950236,0,0,0,0,0,0
2026-09-24 04:53:02,35774,,7,35768831,0,7150,3585,0,0,43,flash,230,14284,28,0,9193783,3186,43,19,0,1,12,3900.7,72.7,336.0,0,False,False,none,none,0,1,,,35766795,0xa887132e,560,1328,1951902,0,0,0,0,0,0
2026-09-24 04:53:32,35804,,7,35798807,0,7156,3588,0,0,43,flash,245,14298,28,0,9201126,3188,43,19,0,1,12,3887.8,72.5,336.0,0,False,False,none,none,0,1,,,35796773,0xa887132e,560,1328,1953443,0,0,0,0,0,0
2026-09-24 04:54:02,35834,,7,35828796,0,7162,3591,0,0,43,flash,278,14306,28,0,9209294,3190,43,19,0,1,12,3897.3,72.7,336.0,0,False,False,none,none,0,1,,,35826765,0xa887132e,560,1328,1955199,0,0,0,0,0,0
2026-09-24 04:54:32,35864,,7,35858787,0,7168,3594,0,0,43,flash,233,14318,28,0,9217632,3192,43,19,0,1,12,3888.9,72.5,336.0,0,False,False,none,none,0,1,,,35856763,0xa887132e,560,1328,1956738,0,0,0,0,0,0
2026-09-24 04:55:02,35894,,7,35888793,0,7174,3597,0,0,43,flash,240,14328,28,0,9224703,3194,43,19,0,1,12,3889.1,72.5,336.0,0,False,False,none,none,0,1,,,35886762,0xa887132e,560,1328,1958387,0,0,0,0,0,0
2026-09-24 04:55:32,35924,,7,35918789,0,7180,3600,0,0,43,flash,317,14343,28,0,9232190,3196,43,19,0,1,12,3892.9,72.6,336.0,0,False,False,none,none,0,1,,,35916761,0xa887132e,560,1328,1959920,0,0,0,0,0,0
2026-09-24 04:56:02,35954,,7,35948779,0,7186,3603,0,0,43,flash,232,14352,28,0,9240204,3198,43,19,0,1,12,3900.0,72.7,336.0,0,False,False,none,none,0,1,,,35946747,0xa887132e,560,1328,1961548,0,0,0,0,0,0
2026-09-24 04:56:32,35984,,7,35978779,0,7192,3606,0,0,43,flash,250,14366,28,0,9247525,3200,43,19,0,1,12,3887.1,72.5,336.0,0,False,False,none,none,0,1,,,35976754,0xa887132e,560,1328,1962990,0,0,0,0,0,0
2026-09-24 04:56:52,36005,end,7,35999434,0,7196,3608,0,0,43,flash,278,14372,28,0,9252998,3202,43,19,0,1,12,3893.6,72.6,336.0,0,False,False,none,none,0,1,,,35997406,0xa887132e,560,1328,1964044,0,0,0,0,0,0
